loc_id,true_lon,true_lat,num_rows,DL_lon,DL_lat,UL_lon,UL_lat,Scanner_lon,Scanner_lat,fused_lon,fused_lat,error_meters
3,29.029490,41.107230,558,29.029453,41.107304,,,29.023823,41.106567,29.028229,41.107147,106.070984
4,29.029470,41.107220,71,29.029455,41.107204,,,29.023960,41.106739,29.028259,41.107105,102.237601
5,29.029440,41.107240,72,29.029455,41.107204,,,29.023960,41.106739,29.028259,41.107105,100.053020
6,29.029410,41.107250,72,29.029337,41.107258,,,29.029202,41.107220,29.029310,41.107250,8.359379
7,29.029380,41.107270,63,29.029337,41.107258,,,29.023932,41.107010,29.028164,41.107208,102.118992
8,29.029360,41.107270,9,29.029327,41.107235,,,29.023922,41.106976,29.028154,41.107178,101.530963
9,29.029340,41.107280,72,29.029327,41.107235,,,29.023922,41.106976,29.028154,41.107178,99.984365
10,29.029300,41.107270,63,29.029274,41.107212,,,29.029264,41.107216,29.029274,41.107212,6.800594
11,29.029270,41.107260,8,29.029274,41.107212,,,29.029264,41.107216,29.029274,41.107212,5.340402
12,29.029250,41.107250,65,29.029276,41.107216,,,29.029276,41.107224,29.029280,41.107220,4.189290
13,29.029240,41.107240,9,29.029184,41.107193,,,29.029213,41.107235,29.029192,41.107204,5.641821
14,29.029220,41.107220,63,29.029184,41.107193,,,29.029213,41.107235,29.029192,41.107204,2.917103
15,29.029190,41.107200,9,29.029148,41.107189,,,29.029118,41.107254,29.029144,41.107208,3.938356
16,29.029170,41.107180,72,29.029148,41.107189,,,29.026720,41.107311,29.028622,41.107216,46.113493
17,29.029100,41.107140,61,29.029089,41.107136,,,29.029079,41.107140,29.029089,41.107140,0.924933
18,29.029070,41.107120,9,29.029089,41.107136,,,29.029079,41.107140,29.029089,41.107140,2.696466
19,29.029040,41.107090,65,29.029066,41.107147,,,29.029001,41.107079,29.029055,41.107132,4.824099
20,29.029000,41.107060,9,29.029066,41.107048,,,29.028858,41.106998,29.029022,41.107037,3.200073
21,29.028970,41.107030,68,29.029066,41.107048,,,29.028858,41.106998,29.029022,41.107037,4.435858
22,29.028880,41.106970,71,29.028795,41.106899,,,29.028761,41.106964,29.028791,41.106915,9.650248
23,29.028800,41.106900,70,29.028795,41.106899,,,29.028761,41.106964,29.028791,41.106915,1.767121
24,29.028730,41.106840,70,29.026451,41.105602,,,29.028721,41.106827,29.026945,41.105873,184.181950
25,29.028660,41.106790,60,29.026451,41.105602,,,29.026392,41.106834,29.026438,41.105873,212.275536
26,29.028620,41.106760,50,29.026451,41.105602,,,29.026392,41.106834,29.026438,41.105873,207.738046
27,29.028580,41.106730,54,29.028494,41.106731,,,29.028482,41.106686,29.028494,41.106724,7.248377
28,29.028510,41.106680,71,29.028437,41.106743,,,29.026793,41.106701,29.028080,41.106735,36.547848
29,29.028480,41.106650,8,29.028437,41.106743,,,29.026793,41.106701,29.028080,41.106735,34.828852
30,29.028450,41.106630,65,29.028547,41.107185,,,29.028349,41.106567,29.028505,41.107052,47.135984
31,29.028410,41.106600,8,29.028439,41.106613,,,29.028337,41.106567,29.028418,41.106606,0.884414
32,29.028380,41.106570,71,29.028439,41.106613,,,29.022207,41.106491,29.027082,41.106586,108.729938
33,29.028330,41.106530,65,29.028322,41.106583,,,29.028320,41.106491,29.028324,41.106564,3.764896
34,29.028300,41.106510,8,29.028316,41.106487,,,29.028366,41.106510,29.028330,41.106495,3.012029
35,29.028280,41.106490,64,29.028316,41.106487,,,29.028366,41.106510,29.028330,41.106495,4.212017
36,29.028260,41.106480,8,29.028316,41.106487,,,29.028366,41.106510,29.028330,41.106495,6.082372
37,29.028230,41.106460,68,29.028315,41.106480,,,29.028292,41.106461,29.028311,41.106480,7.111524
38,29.028210,41.106440,8,29.028141,41.106426,,,29.028133,41.106411,29.028143,41.106422,5.949622
39,29.028180,41.106420,73,29.028124,41.106400,,,29.028038,41.106400,29.028107,41.106400,6.550211
40,29.028130,41.106370,72,29.027988,41.106319,,,29.028000,41.106335,29.027992,41.106327,12.490212
41,29.028050,41.106320,31,29.027988,41.106319,,,29.028000,41.106335,29.027992,41.106327,4.901883
42,29.028020,41.106300,40,29.027988,41.106319,,,29.028000,41.106335,29.027992,41.106327,3.802351
43,29.027980,41.106270,31,29.027954,41.106304,,,29.027842,41.106216,29.027931,41.106289,4.596675
44,29.027950,41.106250,40,29.027935,41.106251,,,29.027903,41.106194,29.027927,41.106239,2.235280
45,29.027920,41.106230,72,29.027935,41.106239,,,29.027872,41.106167,29.027924,41.106224,0.725547
46,29.027880,41.106190,68,29.023621,41.105442,,,29.027002,41.106201,29.024357,41.105610,302.153104
47,29.027840,41.106170,31,29.023621,41.105469,,,29.026663,41.106388,29.024284,41.105671,303.033237
48,29.027820,41.106160,39,29.023621,41.105381,,,29.026928,41.106163,29.024342,41.105553,299.160838
49,29.027810,41.106140,31,29.023621,41.105381,,,29.026928,41.106163,29.024342,41.105553,297.849205
50,29.027790,41.106130,33,29.023621,41.104568,,,29.026884,41.106163,29.024332,41.104919,319.469341
51,29.027780,41.106120,37,29.023621,41.104568,,,29.026884,41.106163,29.024332,41.104919,318.241667
52,29.027780,41.106100,40,29.023621,41.105457,,,29.026785,41.106148,29.024311,41.105610,295.709637
53,29.027770,41.106090,69,29.023621,41.105457,,,29.026785,41.106148,29.024311,41.105610,294.682730
54,29.027770,41.106050,69,29.023621,41.104729,,,29.027790,41.106022,29.024530,41.105015,294.829430
55,29.027770,41.106010,64,29.023621,41.104908,,,29.027763,41.105953,29.024523,41.105141,288.730773
56,29.027780,41.105960,37,29.023621,41.104908,,,29.027763,41.105953,29.024523,41.105141,287.711991
57,29.027790,41.105930,39,29.023621,41.104908,,,29.027763,41.105953,29.024523,41.105141,287.470957
58,29.027790,41.105900,32,29.023621,41.104710,,,29.027781,41.105904,29.024527,41.104973,292.216386
59,29.027800,41.105870,42,29.023621,41.104710,,,29.027781,41.105904,29.024527,41.104973,291.843521
60,29.027810,41.105840,63,29.023621,41.105473,,,29.027691,41.105747,29.024508,41.105537,278.736759
61,29.027810,41.105770,37,29.023621,41.105473,,,29.026731,41.105873,29.024300,41.105564,295.007357
62,29.027810,41.105740,40,29.023621,41.105473,,,29.026731,41.105873,29.024300,41.105564,294.767319
63,29.027810,41.105710,31,29.027742,41.105560,,,29.022524,41.105679,29.026609,41.105587,101.516257
64,29.027810,41.105670,40,29.027742,41.105560,,,29.022524,41.105679,29.026609,41.105587,101.013267
65,29.027800,41.105640,33,29.027756,41.105621,,,29.023922,41.105705,29.026922,41.105640,73.544515
66,29.027780,41.105610,40,29.027756,41.105621,,,29.023922,41.105705,29.026922,41.105640,71.948324
67,29.027770,41.105580,32,29.027746,41.105556,,,29.020863,41.105549,29.026247,41.105556,127.629770
68,29.027750,41.105550,41,29.027693,41.105534,,,29.021055,41.105850,29.026251,41.105606,125.762337
69,29.027730,41.105520,74,29.027693,41.105534,,,29.021055,41.105850,29.026251,41.105606,124.301038
70,29.027690,41.105460,24,29.025869,41.105858,,,29.021196,41.105564,29.024853,41.105797,240.651605
71,29.027660,41.105440,87,29.026180,41.105221,,,29.021196,41.105572,29.025097,41.105301,215.307623
72,29.027640,41.105420,50,29.026180,41.105221,,,29.021196,41.105572,29.025097,41.105301,213.486824
73,29.027580,41.105380,43,29.027351,41.105297,,,29.020012,41.105576,29.025757,41.105362,152.768049
74,29.027550,41.105360,34,29.027102,41.105259,,,29.019888,41.105629,29.025534,41.105339,168.954966
75,29.027530,41.105340,77,29.027102,41.105259,,,29.019888,41.105629,29.025534,41.105339,167.263252
76,29.027460,41.105320,29,29.023621,41.105400,,,29.021198,41.105442,29.023092,41.105412,366.094300
77,29.027430,41.105310,33,29.023621,41.105404,,,29.021536,41.105560,29.023169,41.105442,357.348624
78,29.027400,41.105300,38,29.023621,41.105404,,,29.021536,41.105560,29.023169,41.105442,354.884973
79,29.027360,41.105300,40,29.023621,41.105408,,,29.020357,41.105602,29.022913,41.105450,372.967701
80,29.027320,41.105290,62,29.023621,41.104561,,,29.019863,41.105698,29.022804,41.104809,382.120328
81,29.027230,41.105280,38,29.023621,41.104561,,,29.019863,41.105698,29.022804,41.104809,374.498211
82,29.027180,41.105280,33,29.023621,41.104565,,,29.021116,41.105392,29.023077,41.104748,348.830003
83,29.027130,41.105270,71,29.023621,41.105469,,,29.021116,41.105499,29.023077,41.105476,340.356508
84,29.027050,41.105260,38,29.023621,41.105469,,,29.021116,41.105499,29.023077,41.105476,333.747566
85,29.027000,41.105250,32,29.023621,41.105492,,,29.021116,41.105499,29.023077,41.105495,329.821076
86,29.026960,41.105250,38,29.023621,41.105492,,,29.021244,41.105499,29.023104,41.105495,324.251834
87,29.026910,41.105240,33,29.023621,41.105492,,,29.021244,41.105492,29.023104,41.105495,320.174374
88,29.026860,41.105240,39,29.023621,41.105492,,,29.021244,41.105492,29.023104,41.105495,316.001833
89,29.026810,41.105230,33,29.023621,41.105492,,,29.021244,41.105492,29.023104,41.105495,311.933019
90,29.026770,41.105220,69,29.023621,41.105419,,,29.021244,41.105480,29.023104,41.105434,308.105955
91,29.026680,41.105210,70,29.023621,41.105419,,,29.021116,41.105320,29.023077,41.105400,302.617844
92,29.026590,41.105190,37,29.023621,41.105419,,,29.021116,41.105320,29.023077,41.105400,295.263686
93,29.026540,41.105190,33,29.023621,41.105423,,,29.021116,41.105473,29.023077,41.105434,291.418862
94,29.026490,41.105180,71,29.023621,41.105392,,,29.021236,41.105473,29.023104,41.105412,284.887891
95,29.026390,41.105170,72,29.023621,41.105392,,,29.021236,41.105473,29.023104,41.105412,276.650395
96,29.026300,41.105150,38,29.023621,41.104568,,,29.021116,41.105473,29.023077,41.104771,273.316127
97,29.026250,41.105140,32,29.023621,41.105442,,,29.021116,41.105320,29.023077,41.105419,267.657123
98,29.026200,41.105130,66,29.023621,41.105446,,,29.020496,41.105312,29.022942,41.105419,274.895064
99,29.026080,41.105120,38,29.023621,41.105446,,,29.020496,41.105312,29.022942,41.105419,265.049680
100,29.026030,41.105110,31,29.023621,41.105446,,,29.020496,41.105312,29.022942,41.105419,261.038176
101,29.025980,41.105100,70,29.023621,41.104687,,,29.021214,41.105247,29.023098,41.104813,243.577409
102,29.025880,41.105090,38,29.023621,41.104687,,,29.021116,41.105415,29.023077,41.104851,236.353206
103,29.025830,41.105080,31,29.026003,41.105125,,,29.021719,41.105034,29.025074,41.105106,63.409481
104,29.025780,41.105080,69,29.025967,41.105122,,,29.022066,41.105942,29.025120,41.105301,60.525373
105,29.025680,41.105060,46,29.025967,41.105122,,,29.021116,41.105431,29.024914,41.105190,65.811866
106,29.025620,41.105050,26,29.026075,41.105183,,,29.021116,41.105419,29.025000,41.105236,55.944961
107,29.025560,41.105040,73,29.026075,41.105183,,,29.021116,41.105419,29.025000,41.105236,51.766220
108,29.025440,41.105020,40,29.023621,41.104588,,,29.023594,41.105125,29.023615,41.104710,156.765731
109,29.025380,41.105010,33,29.023621,41.104588,,,29.023794,41.105129,29.023659,41.104710,148.034003
110,29.025320,41.105000,69,29.023621,41.104588,,,29.025070,41.104927,29.023935,41.104664,121.889941
111,29.025200,41.104990,45,29.023621,41.104588,,,29.025070,41.104927,29.023935,41.104664,111.997332
112,29.025140,41.104980,27,29.023621,41.104588,,,29.025070,41.104927,29.023935,41.104664,106.882510
113,29.025080,41.104970,44,29.023621,41.104584,,,29.024900,41.104988,29.023901,41.104675,104.078751
114,29.025020,41.104960,29,29.023621,41.104893,,,29.024265,41.105091,29.023762,41.104939,105.451022
115,29.024960,41.104950,70,29.023621,41.104897,,,29.024837,41.104961,29.023886,41.104916,90.090338
116,29.024850,41.104930,37,29.023621,41.104897,,,29.024837,41.104961,29.023886,41.104916,80.808548
117,29.024800,41.104920,32,29.023621,41.104912,,,29.024307,41.104980,29.023769,41.104931,86.360257
118,29.024740,41.104910,70,29.023621,41.104912,,,29.024240,41.104939,29.023754,41.104919,82.609766
119,29.024650,41.104900,38,29.023623,41.104935,,,29.024439,41.104893,29.023802,41.104931,71.150007
120,29.024600,41.104890,35,29.024336,41.104790,,,29.024553,41.104897,29.024384,41.104816,19.895300
121,29.024550,41.104890,46,29.024336,41.104790,,,29.024553,41.104897,29.024384,41.104816,16.168456
122,29.024510,41.104880,26,29.024355,41.104794,,,29.024014,41.105675,29.024282,41.104988,22.537896
123,29.024460,41.104870,67,29.024355,41.104794,,,29.024014,41.105675,29.024282,41.104988,19.842777
124,29.024370,41.104870,51,29.024313,41.104881,,,29.024302,41.104881,29.024311,41.104885,5.215589
125,29.024330,41.104860,30,29.024313,41.104881,,,29.024302,41.104881,29.024311,41.104885,3.210488
126,29.024280,41.104850,70,29.024206,41.104881,,,29.024263,41.104881,29.024221,41.104885,6.270906
127,29.024180,41.104830,71,29.024157,41.105061,,,29.024162,41.105522,29.024160,41.105164,37.128152
128,29.024090,41.104810,48,29.024179,41.104889,,,29.023989,41.105598,29.024141,41.105045,26.517070
129,29.024040,41.104800,26,29.024179,41.104889,,,29.023989,41.105598,29.024141,41.105045,28.568412
130,29.023990,41.104790,72,29.023966,41.104786,,,29.024084,41.104824,29.023993,41.104794,0.448255
131,29.023890,41.104780,71,29.023905,41.104813,,,29.023727,41.105080,29.023869,41.104874,10.567993
132,29.023770,41.104770,48,29.023746,41.104774,,,29.021845,41.104572,29.023336,41.104733,36.567237
133,29.023710,41.104760,28,29.023708,41.104790,,,29.022562,41.104542,29.023462,41.104740,20.871381
134,29.023650,41.104760,70,29.023708,41.104790,,,29.022562,41.104542,29.023462,41.104740,15.881317
135,29.023530,41.104750,55,29.023664,41.104851,,,29.023426,41.104771,29.023615,41.104836,11.873896
136,29.023480,41.104740,24,29.023664,41.104851,,,29.023426,41.104771,29.023615,41.104836,15.508422
137,29.023430,41.104740,76,29.023367,41.104767,,,29.023367,41.101547,29.023369,41.104069,74.814645
138,29.023350,41.104740,55,29.023367,41.104767,,,29.023367,41.101547,29.023369,41.104069,74.655598
139,29.023310,41.104740,21,29.023361,41.104774,,,29.023212,41.104752,29.023329,41.104771,3.754920
140,29.023280,41.104740,52,29.023361,41.104774,,,29.023212,41.104752,29.023329,41.104771,5.322438
141,29.023250,41.104740,23,29.023361,41.104774,,,29.023212,41.104752,29.023329,41.104771,7.429236
142,29.023220,41.104740,74,29.023216,41.104786,,,29.018309,41.104542,29.022150,41.104733,89.651971
143,29.023170,41.104730,53,29.023216,41.104786,,,29.018309,41.104542,29.022150,41.104733,85.459251
144,29.023150,41.104730,22,29.022490,41.105011,,,29.023144,41.104744,29.022636,41.104958,49.920856
145,29.023130,41.104720,105,29.022490,41.105011,,,29.023144,41.104744,29.022636,41.104958,49.073377
146,29.023090,41.104720,82,29.023159,41.104759,,,29.022709,41.104599,29.023064,41.104725,2.272799
147,29.023030,41.104710,55,29.022997,41.104767,,,29.022999,41.104755,29.023001,41.104771,7.177495
148,29.023000,41.104710,27,29.022842,41.104797,,,29.022886,41.104721,29.022854,41.104782,14.636576
149,29.022960,41.104700,74,29.022770,41.104656,,,29.021494,41.104820,29.022493,41.104694,39.102916
150,29.022880,41.104700,52,29.022770,41.104656,,,29.021494,41.104820,29.022493,41.104694,32.401039
151,29.022840,41.104690,24,29.022799,41.104736,,,29.022875,41.104675,29.022818,41.104725,4.308693
152,29.022810,41.104690,44,29.022799,41.104736,,,29.022875,41.104675,29.022818,41.104725,3.931007
153,29.022770,41.104680,28,29.022285,41.104652,,,29.022799,41.104710,29.022400,41.104668,31.039500
154,29.022730,41.104680,47,29.022285,41.104652,,,29.022799,41.104710,29.022400,41.104668,27.691712
155,29.022690,41.104670,25,29.022627,41.104755,,,29.022652,41.104664,29.022635,41.104740,9.080287
156,29.022650,41.104660,71,29.022627,41.104755,,,29.022652,41.104664,29.022635,41.104740,9.005533
157,29.022580,41.104660,52,29.022631,41.104671,,,29.021553,41.104549,29.022398,41.104649,15.302246
158,29.022540,41.104650,21,29.022631,41.104671,,,29.021553,41.104549,29.022398,41.104649,11.899134
159,29.022500,41.104650,52,29.022448,41.104641,,,29.022436,41.104618,29.022446,41.104637,4.770540
160,29.022450,41.104640,20,29.022341,41.104610,,,29.022482,41.104584,29.022373,41.104607,7.428120
161,29.022410,41.104630,78,29.022341,41.104610,,,29.022482,41.104584,29.022373,41.104607,4.032500
162,29.022320,41.104610,71,29.022692,41.105911,,,29.022572,41.104637,29.022669,41.105637,117.834708
163,29.022240,41.104600,53,29.021021,41.104546,,,29.022572,41.104637,29.021360,41.104568,73.782181
164,29.022200,41.104590,18,29.021116,41.104546,,,29.021763,41.104549,29.021257,41.104549,79.106077
165,29.022170,41.104580,71,29.021116,41.104546,,,29.021763,41.104549,29.021257,41.104549,76.539239
166,29.022100,41.104570,53,29.021214,41.104519,,,29.022617,41.104652,29.021521,41.104549,48.598706
167,29.022070,41.104570,20,29.021757,41.104683,,,29.022617,41.104652,29.021946,41.104679,15.975427
168,29.022040,41.104570,70,29.022015,41.104523,,,29.020063,41.104504,29.021591,41.104519,38.031585
169,29.021990,41.104570,49,29.022015,41.104523,,,29.020063,41.104504,29.021591,41.104519,33.895073
170,29.021960,41.104570,24,29.022015,41.104523,,,29.020063,41.104504,29.021591,41.104519,31.419885
171,29.021930,41.104560,71,29.022041,41.105045,,,29.021727,41.105686,29.021975,41.105186,69.759437
172,29.021880,41.104560,47,29.021463,41.104515,,,29.022591,41.104771,29.021709,41.104572,14.355722
173,29.021850,41.104550,24,29.021463,41.104515,,,29.022591,41.104771,29.021709,41.104572,12.034995
174,29.021820,41.104550,70,29.021938,41.104519,,,29.022585,41.104763,29.022081,41.104572,22.039621
175,29.021770,41.104550,72,29.021938,41.104519,,,29.022585,41.104763,29.022081,41.104572,26.206599
176,29.021700,41.104550,54,29.021671,41.104519,,,29.022982,41.105404,29.021957,41.104713,28.202735
177,29.021670,41.104550,18,29.021671,41.104519,,,29.022982,41.105404,29.021957,41.104713,30.168378
178,29.021640,41.104550,55,29.021643,41.104519,,,29.022568,41.104763,29.021845,41.104572,17.342970
179,29.021610,41.104550,19,29.022095,41.105511,,,29.022511,41.104607,29.022184,41.105316,97.846121
180,29.021580,41.104550,103,29.022095,41.105511,,,29.022511,41.104607,29.022184,41.105316,99.106564
181,29.021510,41.104540,54,29.021425,41.104515,,,29.019840,41.104496,29.021084,41.104511,35.849920
182,29.021480,41.104530,21,29.021425,41.104515,,,29.019840,41.104496,29.021084,41.104511,33.258947
183,29.021440,41.104530,58,29.021357,41.104507,,,29.021891,41.104500,29.021473,41.104507,3.728589
184,29.021410,41.104530,18,29.021357,41.104507,,,29.021891,41.104500,29.021473,41.104507,5.838790
185,29.021380,41.104530,71,29.021143,41.104511,,,29.022568,41.104603,29.021452,41.104534,6.046084
186,29.021330,41.104520,71,29.021143,41.104511,,,29.022581,41.104626,29.021458,41.104538,10.882117
187,29.021280,41.104520,56,29.021162,41.104500,,,29.022585,41.104603,29.021473,41.104523,16.167834
188,29.021240,41.104510,18,29.021162,41.104500,,,29.022585,41.104603,29.021473,41.104523,19.567569
189,29.021210,41.104510,73,29.021114,41.104527,,,29.021936,41.105385,29.021297,41.104717,24.182544
190,29.021140,41.104510,56,29.021114,41.104527,,,29.021936,41.105385,29.021297,41.104717,26.554608
191,29.021090,41.104500,17,29.021059,41.104572,,,29.021936,41.105400,29.021252,41.104755,31.464756
192,29.021050,41.104500,71,29.021025,41.104458,,,29.022005,41.105400,29.021242,41.104664,24.312804
193,29.020960,41.104490,71,29.021025,41.104458,,,29.022005,41.105400,29.021242,41.104664,30.537305
194,29.020880,41.104480,54,29.021133,41.104591,,,29.022568,41.104607,29.021448,41.104599,49.407013
195,29.020830,41.104470,16,29.021120,41.104549,,,29.021994,41.105412,29.021313,41.104740,50.379588
196,29.020790,41.104460,50,29.021120,41.104549,,,29.021994,41.105412,29.021313,41.104740,53.744522
197,29.020740,41.104460,21,29.020924,41.104504,,,29.020594,41.104473,29.020853,41.104500,10.455185
198,29.020690,41.104450,70,29.020924,41.104504,,,29.020594,41.104473,29.020853,41.104500,14.741179
199,29.020590,41.104430,51,29.020607,41.104477,,,29.020485,41.104465,29.020580,41.104477,5.281253
200,29.020550,41.104430,20,29.020607,41.104477,,,29.020485,41.104465,29.020580,41.104477,5.802728
201,29.020500,41.104420,69,29.020315,41.104424,,,29.020308,41.104404,29.020313,41.104420,15.646132
202,29.020420,41.104410,72,29.020521,41.104446,,,29.022402,41.104721,29.020931,41.104511,44.290602
203,29.020360,41.104390,51,29.020521,41.104446,,,29.022402,41.104721,29.020931,41.104511,49.725674
204,29.020330,41.104390,20,29.020521,41.104446,,,29.022402,41.104721,29.020931,41.104511,52.149557
205,29.020300,41.104390,70,29.020271,41.104408,,,29.022757,41.105797,29.020815,41.104713,56.166270
206,29.020240,41.104380,53,29.020168,41.104401,,,29.023090,41.105663,29.020805,41.104679,57.879616
207,29.020220,41.104370,22,29.020168,41.104401,,,29.023090,41.105663,29.020805,41.104679,59.890044
208,29.020210,41.104370,71,29.020065,41.104374,,,29.022800,41.105801,29.020660,41.104687,51.619172
209,29.020180,41.104360,65,29.020065,41.104374,,,29.022800,41.105801,29.020660,41.104687,54.222989
210,29.020160,41.104360,74,29.020172,41.104382,,,29.020130,41.104408,29.020166,41.104389,3.289812
211,29.020130,41.104350,66,29.020172,41.104382,,,29.020130,41.104408,29.020166,41.104389,5.318882
212,29.020090,41.104350,72,29.020082,41.104370,,,29.020121,41.104382,29.020094,41.104374,2.681274
213,29.020070,41.104360,71,29.020082,41.104370,,,29.020121,41.104382,29.020094,41.104374,2.532963
214,29.020060,41.104360,72,29.020092,41.104385,,,29.020082,41.104401,29.020094,41.104393,4.641696
215,29.020050,41.104360,70,29.020048,41.104378,,,29.020082,41.104370,29.020058,41.104378,2.075550
216,29.020040,41.104360,73,29.020079,41.104378,,,29.020092,41.104404,29.020084,41.104385,4.667924
217,29.020030,41.104370,70,29.020079,41.104378,,,29.020092,41.104404,29.020084,41.104385,4.866636
218,29.020020,41.104380,58,29.020437,41.104408,,,29.020008,41.104404,29.020344,41.104412,27.362039
219,29.020010,41.104390,16,29.020437,41.104408,,,29.020008,41.104404,29.020344,41.104412,28.073958
220,29.020000,41.104400,57,29.020145,41.104389,,,29.022816,41.105854,29.020727,41.104710,69.980895
221,29.020000,41.104420,15,29.020149,41.104443,,,29.023243,41.105724,29.020823,41.104725,76.803705
222,29.019990,41.104440,71,29.020496,41.104515,,,29.019976,41.104488,29.020384,41.104511,33.936175
223,29.019980,41.104480,58,29.020496,41.104515,,,29.019976,41.104488,29.020384,41.104511,34.014069
224,29.019970,41.104510,14,29.020107,41.104507,,,29.019949,41.104523,29.020073,41.104511,8.625889
225,29.019960,41.104530,59,29.020107,41.104507,,,29.019949,41.104523,29.020073,41.104511,9.689314
226,29.019950,41.104560,15,29.020107,41.104507,,,29.019949,41.104523,29.020073,41.104511,11.639209
227,29.019940,41.104590,74,29.019930,41.104870,,,29.020025,41.104671,29.019953,41.104828,26.472789
228,29.019940,41.104650,62,29.019930,41.104870,,,29.020025,41.104671,29.019953,41.104828,19.808385
229,29.019940,41.104680,16,29.019930,41.104870,,,29.020025,41.104671,29.019953,41.104828,16.478396
230,29.019930,41.104710,57,29.020527,41.104851,,,29.019957,41.104939,29.020405,41.104874,43.747609
231,29.019930,41.104740,15,29.021791,41.104893,,,29.019922,41.104874,29.021387,41.104893,123.260568
232,29.019920,41.104770,71,29.020071,41.104870,,,29.019817,41.105545,29.020018,41.105019,28.829501
233,29.019910,41.104830,61,29.020071,41.104870,,,29.019817,41.105545,29.020018,41.105019,22.829471
234,29.019900,41.104860,16,29.019943,41.104923,,,29.019661,41.105358,29.019882,41.105019,17.700192
235,29.019890,41.104890,72,29.019943,41.104923,,,29.019661,41.105358,29.019882,41.105019,14.316332
236,29.019850,41.104950,57,29.020082,41.104958,,,29.019886,41.104935,29.020042,41.104954,16.127513
237,29.019850,41.104980,14,29.020082,41.104958,,,29.019886,41.104935,29.020042,41.104954,16.383854
238,29.019850,41.105010,58,29.020046,41.105011,,,29.022825,41.105236,29.020653,41.105061,67.495683
239,29.019830,41.105040,14,29.020046,41.105011,,,29.022825,41.105236,29.020653,41.105061,68.974639
240,29.019820,41.105070,73,29.019815,41.105198,,,29.019926,41.105156,29.019840,41.105190,13.481294
241,29.019820,41.105120,101,29.019855,41.105152,,,29.019920,41.105156,29.019873,41.105156,5.953676
242,29.019850,41.105170,60,29.019855,41.105152,,,29.019920,41.105156,29.019873,41.105156,2.459451
243,29.019870,41.105200,15,29.019922,41.105289,,,29.020315,41.105492,29.020010,41.105335,19.071152
244,29.019890,41.105220,71,29.019932,41.105309,,,29.021759,41.105564,29.020332,41.105370,40.622011
245,29.019920,41.105280,71,29.020493,41.105133,,,29.021759,41.105560,29.020771,41.105228,71.534140
246,29.019950,41.105330,64,29.020338,41.105061,,,29.021639,41.105556,29.020622,41.105171,59.028086
247,29.019980,41.105380,65,29.020338,41.105061,,,29.021639,41.105556,29.020622,41.105171,58.606546
248,29.020000,41.105400,6,29.020647,41.105019,,,29.021582,41.105598,29.020853,41.105148,76.756600
249,29.020020,41.105430,71,29.020647,41.105019,,,29.021582,41.105598,29.020853,41.105148,76.502861
250,29.020060,41.105480,70,29.021084,41.105515,,,29.020990,41.105377,29.021067,41.105488,84.348400
251,29.020100,41.105510,69,29.021084,41.105515,,,29.020990,41.105377,29.021067,41.105488,81.030008
252,29.020120,41.105530,6,29.021084,41.105515,,,29.020990,41.105377,29.021067,41.105488,79.455286
253,29.020140,41.105540,68,29.020578,41.104969,,,29.021198,41.105343,29.020716,41.105053,72.524627
254,29.020170,41.105550,5,29.020578,41.104969,,,29.021198,41.105343,29.020716,41.105053,71.730922
255,29.020190,41.105560,67,29.020655,41.105515,,,29.021124,41.105373,29.020758,41.105488,48.235243
257,29.020260,41.105590,69,29.020452,41.104599,,,29.022209,41.105495,29.020836,41.104797,100.480104
258,29.020340,41.105620,71,29.020452,41.104599,,,29.022209,41.105495,29.020836,41.104797,100.466419
260,29.020410,41.105650,69,29.020830,41.105530,,,29.021002,41.105362,29.020870,41.105495,42.214870
261,29.020480,41.105670,68,29.021009,41.105453,,,29.021065,41.106617,29.021025,41.105709,45.844486
262,29.020550,41.105690,68,29.021055,41.105389,,,29.022467,41.105419,29.021362,41.105400,75.307936
264,29.020620,41.105720,69,29.021055,41.105389,,,29.022301,41.105465,29.021328,41.105408,68.734142
265,29.020700,41.105740,68,29.021080,41.105339,,,29.022446,41.105457,29.021379,41.105366,70.517687
266,29.020790,41.105760,68,29.021070,41.105358,,,29.022434,41.105541,29.021370,41.105400,62.949487
268,29.020870,41.105780,69,29.021074,41.105362,,,29.022434,41.105549,29.021372,41.105408,59.005011
269,29.020970,41.105800,68,29.021101,41.105389,,,29.022219,41.105530,29.021345,41.105423,52.397386
271,29.021060,41.105820,69,29.021097,41.105392,,,29.021118,41.105362,29.021101,41.105389,48.087735
272,29.021140,41.105840,71,29.021063,41.105400,,,29.021517,41.105354,29.021162,41.105392,49.798845
273,29.021220,41.105860,68,29.021046,41.105507,,,29.022526,41.105198,29.021370,41.105442,48.142137
274,29.021280,41.105890,69,29.021046,41.105507,,,29.022526,41.105198,29.021370,41.105442,50.376813
276,29.021350,41.105920,68,29.020973,41.105515,,,29.022327,41.105518,29.021267,41.105518,45.201402
278,29.021410,41.105940,70,29.021000,41.105495,,,29.022312,41.105343,29.021288,41.105465,53.805977
279,29.021470,41.105980,68,29.021000,41.105495,,,29.022312,41.105343,29.021288,41.105465,59.269610
281,29.021510,41.106030,72,29.020905,41.105526,,,29.021250,41.105358,29.020981,41.105492,74.493515
283,29.021560,41.106080,69,29.020533,41.104591,,,29.020803,41.105366,29.020592,41.104763,167.410462
284,29.021590,41.106130,71,29.022007,41.106194,,,29.019896,41.105274,29.021547,41.105999,14.999855
286,29.021600,41.106190,71,29.022007,41.106194,,,29.019848,41.105305,29.021538,41.106003,21.457708
287,29.021620,41.106240,72,29.021896,41.106201,,,29.021009,41.105373,29.021704,41.106022,25.247678
288,29.021610,41.106300,70,29.021879,41.106300,,,29.018570,41.105305,29.021162,41.106087,44.396820
290,29.021610,41.106370,96,29.022038,41.106182,,,29.022383,41.105503,29.022116,41.106037,56.259837
291,29.021610,41.106400,6,29.022038,41.106182,,,29.022383,41.105503,29.022116,41.106037,58.508388
292,29.021600,41.106440,74,29.022038,41.106182,,,29.022383,41.105503,29.022116,41.106037,62.238542
293,29.021600,41.106460,6,29.022038,41.106182,,,29.022383,41.105503,29.022116,41.106037,63.857849
294,29.021590,41.106480,70,29.022024,41.106232,,,29.022383,41.105614,29.022102,41.106098,60.376829
295,29.021580,41.106520,67,29.020967,41.105526,,,29.021273,41.105541,29.021036,41.105530,119.163028
296,29.021570,41.106540,5,29.020967,41.105526,,,29.021273,41.105541,29.021036,41.105530,120.908444
297,29.021570,41.106550,70,29.020821,41.105526,,,29.021074,41.106606,29.020878,41.105762,105.029949
298,29.021560,41.106590,65,29.020903,41.105526,,,29.020727,41.106590,29.020866,41.105759,109.189425
299,29.021560,41.106600,5,29.020903,41.105526,,,29.020727,41.106590,29.020866,41.105759,110.132391
300,29.021560,41.106620,67,29.020903,41.105526,,,29.020727,41.106590,29.020866,41.105759,112.027623
301,29.021550,41.106650,71,29.020979,41.105515,,,29.023775,41.106071,29.021587,41.105640,112.304792
302,29.021540,41.106670,44,29.020979,41.105515,,,29.021132,41.106613,29.021013,41.105759,110.528714
303,29.021540,41.106690,32,29.020975,41.105530,,,29.021694,41.106003,29.021132,41.105637,122.030709
304,29.021530,41.106700,63,29.020975,41.105530,,,29.021694,41.106003,29.021132,41.105637,122.868118
305,29.021530,41.106720,8,29.020975,41.105530,,,29.021694,41.106003,29.021132,41.105637,125.009799
306,29.021520,41.106740,70,29.021065,41.105541,,,29.022480,41.106102,29.021376,41.105667,119.910878
307,29.021510,41.106790,67,29.020905,41.105545,,,29.021816,41.106850,29.021105,41.105831,111.893908
308,29.021510,41.106840,41,29.020905,41.105545,,,29.023010,41.104820,29.021364,41.105389,161.845313
309,29.021510,41.106860,30,29.020905,41.105545,,,29.023010,41.104820,29.021364,41.105389,164.062955
310,29.021520,41.106880,62,29.020910,41.105453,,,29.023010,41.104820,29.021370,41.105316,174.344802
311,29.021520,41.106890,8,29.020910,41.105453,,,29.023010,41.104820,29.021370,41.105316,175.453874
312,29.021520,41.106910,68,29.020960,41.105450,,,29.023010,41.104820,29.021408,41.105316,177.474585
313,29.021510,41.106910,69,29.020956,41.105488,,,29.021946,41.106766,29.021172,41.105766,130.296780
314,29.021500,41.106920,64,29.021070,41.105396,,,29.023010,41.104820,29.021496,41.105274,183.004897
315,29.021500,41.106930,75,29.021070,41.105396,,,29.023010,41.104820,29.021496,41.105274,184.116844
316,29.021490,41.106940,69,29.021120,41.105434,,,29.023010,41.104874,29.021532,41.105316,180.596918
317,29.021500,41.106950,62,29.020891,41.105545,,,29.022047,41.106789,29.021145,41.105816,129.570257
318,29.021500,41.106960,8,29.020893,41.105549,,,29.022085,41.106766,29.021156,41.105816,130.437717
319,29.021510,41.106980,42,29.020893,41.105549,,,29.022085,41.106766,29.021156,41.105816,132.792111
320,29.021520,41.106990,25,29.020899,41.105545,,,29.021063,41.106583,29.020937,41.105770,144.173244
321,29.021530,41.107010,68,29.020899,41.105545,,,29.021063,41.106583,29.020937,41.105770,146.549481
322,29.021540,41.107030,8,29.020899,41.105545,,,29.021063,41.106583,29.020937,41.105770,148.925726
323,29.021550,41.107050,70,29.020906,41.105545,,,29.021126,41.106602,29.020956,41.105778,149.966435
324,29.021580,41.107090,63,29.020891,41.105549,,,29.022177,41.105225,29.021172,41.105480,182.243846
326,29.021610,41.107140,79,29.020891,41.105549,,,29.022177,41.105225,29.021172,41.105480,188.182060
327,29.021640,41.107190,63,29.020941,41.105465,,,29.022287,41.105225,29.021235,41.105412,200.653905
328,29.021660,41.107210,6,29.020834,41.105530,,,29.017021,41.105289,29.020006,41.105480,237.058828
329,29.021670,41.107230,71,29.020834,41.105530,,,29.017021,41.105289,29.020006,41.105480,239.353785
330,29.021720,41.107280,68,29.020813,41.105515,,,29.022511,41.106888,29.021187,41.105816,168.819362
331,29.021730,41.107300,9,29.020813,41.105515,,,29.022511,41.106888,29.021187,41.105816,171.185830
332,29.021750,41.107330,65,29.020813,41.105515,,,29.022511,41.106888,29.021187,41.105816,174.848628
333,29.021800,41.107370,69,29.020813,41.105537,,,29.020895,41.105423,29.020834,41.105515,221.627200
334,29.021820,41.107390,49,29.020813,41.105537,,,29.020895,41.105423,29.020834,41.105515,224.310693
335,29.021830,41.107400,24,29.020390,41.104591,,,29.021149,41.105423,29.020555,41.104774,310.861232
336,29.021840,41.107420,69,29.020901,41.105553,,,29.021425,41.105415,29.021017,41.105526,221.605350
337,29.021860,41.107440,72,29.020901,41.105553,,,29.021425,41.105415,29.021017,41.105526,224.242031
338,29.021860,41.107450,71,29.021860,41.107414,,,29.020977,41.105423,29.021667,41.106979,54.761081
339,29.021870,41.107460,72,29.021868,41.107521,,,29.022213,41.106842,29.021944,41.107376,11.203789
340,29.021880,41.107470,142,29.021883,41.107525,,,29.023190,41.103508,29.022167,41.106651,94.161196
341,29.021890,41.107480,140,29.021912,41.107506,,,29.023693,41.105076,29.022301,41.106979,65.444779
342,29.021900,41.107480,72,29.020334,41.104877,,,29.023151,41.105125,29.020948,41.104935,294.040728
343,29.021910,41.107480,71,29.022018,41.107513,,,29.018814,41.104980,29.021322,41.106964,75.601450
344,29.021920,41.107500,70,29.022024,41.107586,,,29.023893,41.103981,29.022430,41.106804,88.431391
345,29.021950,41.107520,71,29.022018,41.107544,,,29.022213,41.106911,29.022064,41.107410,15.491917
346,29.021980,41.107550,71,29.022320,41.107582,,,29.024099,41.104050,29.022709,41.106815,101.994073
347,29.022000,41.107580,72,29.022320,41.107582,,,29.024099,41.104050,29.022709,41.106815,103.716334
348,29.022010,41.107600,60,29.022091,41.107586,,,29.023880,41.104065,29.022480,41.106823,94.952756
349,29.022030,41.107610,13,29.022045,41.107613,,,29.024038,41.103992,29.022480,41.106827,94.900920
350,29.022050,41.107620,73,29.022255,41.107624,,,29.023773,41.103867,29.022587,41.106812,100.521859
351,29.022070,41.107630,74,29.022255,41.107620,,,29.023840,41.104027,29.022602,41.106842,98.306028
352,29.022100,41.107650,75,29.022255,41.107620,,,29.023840,41.104027,29.022602,41.106842,99.201513
353,29.022130,41.107660,65,29.022343,41.107635,,,29.023861,41.101597,29.022676,41.106323,155.532375
354,29.022160,41.107670,79,29.022343,41.107662,,,29.023890,41.104828,29.022682,41.107048,81.836064
355,29.022210,41.107680,69,29.022343,41.107662,,,29.023890,41.104828,29.022682,41.107048,80.642257
356,29.022260,41.107690,48,29.022221,41.107651,,,29.023636,41.104233,29.022532,41.106907,90.000021
357,29.022290,41.107690,27,29.022221,41.107651,,,29.023636,41.104233,29.022532,41.106907,89.397808
358,29.022310,41.107680,72,29.022266,41.107685,,,29.023609,41.105099,29.022562,41.107124,65.296282
359,29.022380,41.107660,61,29.022366,41.107647,,,29.022499,41.107025,29.022396,41.107513,16.353732
360,29.022410,41.107650,18,29.022526,41.107601,,,29.023411,41.104687,29.022722,41.106972,79.827384
361,29.022440,41.107640,66,29.022526,41.107601,,,29.023411,41.104687,29.022722,41.106972,77.979043
362,29.022480,41.107630,7,29.022526,41.107601,,,29.023411,41.104687,29.022722,41.106972,75.956884
363,29.022510,41.107620,120,29.022444,41.107712,,,29.023758,41.105103,29.022732,41.107147,55.758329
364,29.022570,41.107600,55,29.022730,41.107601,,,29.024036,41.103985,29.023016,41.106819,94.524931
365,29.022630,41.107570,59,29.022593,41.107609,,,29.024101,41.101711,29.022923,41.106327,140.365103
366,29.022660,41.107560,22,29.022579,41.107582,,,29.023603,41.104050,29.022802,41.106815,83.657172
367,29.022680,41.107550,65,29.022579,41.107582,,,29.023603,41.104050,29.022802,41.106815,82.331352
368,29.022700,41.107540,6,29.022615,41.107635,,,29.022150,41.106926,29.022516,41.107483,16.652502
369,29.022720,41.107530,45,29.022615,41.107635,,,29.022150,41.106926,29.022516,41.107483,17.855706
370,29.022740,41.107530,27,29.022615,41.107635,,,29.022150,41.106926,29.022516,41.107483,19.463899
371,29.022760,41.107520,71,29.022547,41.107735,,,29.023643,41.105103,29.022787,41.107162,39.819658
372,29.022800,41.107520,72,29.022657,41.107700,,,29.023554,41.104057,29.022854,41.106911,67.900516
373,29.022850,41.107520,65,29.022657,41.107700,,,29.023554,41.104057,29.022854,41.106911,67.751218
374,29.022880,41.107530,6,29.022657,41.107700,,,29.023554,41.104057,29.022854,41.106911,68.897240
375,29.022910,41.107530,44,29.022804,41.107574,,,29.023716,41.105091,29.023005,41.107037,55.433349
376,29.022950,41.107530,28,29.022804,41.107574,,,29.023716,41.105091,29.023005,41.107037,55.054531
377,29.022980,41.107530,67,29.022800,41.107578,,,29.021872,41.106194,29.022602,41.107281,42.081006
378,29.023030,41.107540,7,29.023304,41.107601,,,29.023308,41.104740,29.023308,41.106979,66.542473
379,29.023080,41.107540,72,29.023306,41.107605,,,29.019611,41.106575,29.022503,41.107384,51.378838
380,29.023180,41.107560,69,29.021021,41.105476,,,29.023663,41.104095,29.021599,41.105179,296.066940
381,29.023270,41.107580,70,29.021021,41.105476,,,29.023663,41.104095,29.021599,41.105179,301.484697
382,29.023360,41.107590,69,29.021103,41.105438,,,29.023506,41.105076,29.021627,41.105362,287.144066
383,29.023420,41.107610,44,29.021103,41.105438,,,29.023506,41.105076,29.021627,41.105362,291.621909
384,29.023440,41.107610,27,29.021055,41.105396,,,29.023859,41.104755,29.021667,41.105259,300.663265
385,29.023460,41.107620,69,29.021055,41.105396,,,29.023859,41.104755,29.021667,41.105259,302.459143
386,29.023500,41.107630,44,29.021111,41.105396,,,29.021465,41.106144,29.021189,41.105560,300.771498
387,29.023520,41.107630,27,29.021111,41.105396,,,29.021465,41.106144,29.021189,41.105560,301.853081
388,29.023540,41.107640,69,29.021126,41.105404,,,29.023855,41.104797,29.021721,41.105274,304.027728
389,29.023590,41.107650,44,29.021126,41.105404,,,29.023855,41.104797,29.021721,41.105274,307.105277
390,29.023620,41.107660,26,29.021126,41.105404,,,29.023855,41.104797,29.021721,41.105274,309.347621
391,29.023640,41.107670,71,29.021130,41.105396,,,29.021648,41.105450,29.021242,41.105412,321.602645
392,29.023710,41.107680,70,29.021065,41.105389,,,29.023666,41.105068,29.021633,41.105324,314.518189
393,29.023790,41.107700,69,29.021124,41.105434,,,29.021662,41.105522,29.021244,41.105457,328.161032
394,29.023890,41.107730,45,29.021124,41.105434,,,29.021812,41.105537,29.021276,41.105461,334.062531
395,29.023930,41.107740,25,29.021124,41.105434,,,29.021812,41.105537,29.021276,41.105461,337.103848
396,29.023980,41.107750,69,29.021000,41.105476,,,29.021685,41.105450,29.021152,41.105473,346.772997
397,29.024070,41.107780,70,29.020977,41.105556,,,29.021685,41.105297,29.021133,41.105503,353.037803
398,29.024160,41.107800,73,29.020893,41.105549,,,29.022284,41.106468,29.021200,41.105751,336.756511
399,29.024250,41.107830,69,29.020893,41.105549,,,29.022284,41.106468,29.021200,41.105751,344.576300
400,29.024340,41.107840,67,29.020977,41.105515,,,29.022173,41.106533,29.021240,41.105740,349.280726
401,29.024430,41.107850,43,29.020977,41.105515,,,29.022280,41.106529,29.021261,41.105736,354.618102
402,29.024480,41.107850,26,29.020977,41.105515,,,29.022280,41.106529,29.021261,41.105736,357.765209
403,29.024520,41.107850,63,29.020958,41.105488,,,29.022833,41.106388,29.021368,41.105682,357.540965
404,29.024620,41.107860,47,29.020958,41.105488,,,29.022833,41.106388,29.021368,41.105682,364.510885
405,29.024670,41.107850,23,29.020878,41.105515,,,29.024700,41.106842,29.021713,41.105808,336.023599
406,29.024730,41.107840,63,29.020878,41.105515,,,29.024700,41.106842,29.021713,41.105808,339.004630
407,29.024780,41.107840,9,29.024876,41.107800,,,29.024925,41.107857,29.024889,41.107815,9.552260
408,29.024840,41.107830,58,29.024876,41.107800,,,29.024925,41.107857,29.024889,41.107815,4.439525
409,29.024890,41.107830,14,29.024918,41.107845,,,29.025126,41.107861,29.024963,41.107849,6.505137
410,29.024950,41.107840,61,29.025158,41.107853,,,29.025103,41.107834,29.025148,41.107849,16.652652
411,29.025070,41.107840,53,29.025158,41.107853,,,29.025103,41.107834,29.025148,41.107849,6.645696
412,29.025120,41.107840,27,29.025158,41.107853,,,29.025103,41.107834,29.025148,41.107849,2.585920
413,29.025180,41.107830,65,29.025312,41.107880,,,29.025436,41.107697,29.025339,41.107845,13.440213
415,29.025290,41.107820,71,29.025434,41.107868,,,29.025427,41.107841,29.025434,41.107864,13.073220
416,29.025400,41.107810,70,29.025434,41.107868,,,29.025427,41.107841,29.025434,41.107864,6.701899
418,29.025510,41.107800,52,29.025480,41.107841,,,29.025736,41.107822,29.025536,41.107841,5.087267
419,29.025560,41.107790,20,29.025465,41.107822,,,29.025698,41.107838,29.025518,41.107830,5.653985
420,29.025610,41.107780,72,29.025785,41.107868,,,29.025913,41.107822,29.025816,41.107861,19.442949
421,29.025720,41.107800,54,29.025785,41.107868,,,29.025913,41.107822,29.025816,41.107861,10.487939
422,29.025770,41.107800,19,29.025913,41.107830,,,29.026014,41.107300,29.025936,41.107719,16.553110
423,29.025820,41.107800,70,29.025913,41.107830,,,29.026014,41.107300,29.025936,41.107719,13.226542
425,29.025910,41.107820,72,29.026134,41.107635,,,29.026049,41.107822,29.026117,41.107677,23.514648
426,29.025980,41.107820,74,29.026134,41.107635,,,29.026049,41.107822,29.026117,41.107677,19.585442
427,29.026040,41.107820,70,29.025867,41.107674,,,29.026079,41.107826,29.025913,41.107708,16.369289
428,29.026060,41.107830,8,29.026054,41.107807,,,29.026085,41.107822,29.026064,41.107815,1.722982
429,29.026080,41.107840,75,29.026081,41.107819,,,29.026066,41.107826,29.026079,41.107822,1.956219
430,29.026110,41.107830,74,29.026081,41.107819,,,29.026066,41.107826,29.026079,41.107822,2.716486
431,29.026130,41.107830,69,29.026115,41.107838,,,29.026119,41.107826,29.026119,41.107838,1.242010
432,29.026140,41.107830,81,29.026041,41.107441,,,29.026104,41.107807,29.026054,41.107521,35.093820
433,29.026150,41.107820,72,29.026096,41.107819,,,29.026152,41.107822,29.026112,41.107822,3.228231
434,29.026160,41.107800,74,29.026096,41.107819,,,29.026152,41.107822,29.026112,41.107822,4.759803
435,29.026160,41.107810,71,29.025494,41.107819,,,29.026171,41.107822,29.025642,41.107822,43.388194
436,29.026170,41.107800,149,29.026182,41.107841,,,29.026169,41.107704,29.026180,41.107815,1.855848
437,29.026180,41.107780,71,29.026176,41.107803,,,29.026220,41.107719,29.026188,41.107788,1.116303
438,29.026180,41.107770,7,29.026176,41.107803,,,29.026220,41.107719,29.026188,41.107788,2.117098
439,29.026190,41.107750,117,29.026182,41.107780,,,29.026218,41.107639,29.026190,41.107754,0.417711
440,29.026190,41.107720,75,29.026163,41.107605,,,29.026184,41.107601,29.026167,41.107609,12.515750
441,29.026200,41.107670,71,29.026163,41.107605,,,29.026184,41.107601,29.026167,41.107609,7.348496
442,29.026210,41.107640,8,29.026295,41.106937,,,29.026209,41.107334,29.026278,41.107025,68.602386
443,29.026220,41.107600,76,29.026295,41.106937,,,29.026209,41.107334,29.026278,41.107025,64.102344
444,29.026220,41.107540,39,29.026228,41.107418,,,29.026224,41.107517,29.026230,41.107441,11.044953
445,29.026230,41.107500,38,29.026222,41.107510,,,29.026234,41.107365,29.026228,41.107479,2.330809
446,29.026240,41.107460,34,29.026222,41.107510,,,29.026234,41.107365,29.026228,41.107479,2.351077
447,29.026240,41.107430,47,29.026222,41.107510,,,29.026234,41.107365,29.026228,41.107479,5.551718
448,29.026250,41.107390,70,29.026272,41.107311,,,29.026255,41.107246,29.026268,41.107300,10.142080
449,29.026270,41.107330,32,29.026272,41.107311,,,29.026255,41.107246,29.026268,41.107300,3.361722
450,29.026270,41.107300,51,29.026276,41.107227,,,29.026270,41.106979,29.026278,41.107178,13.609995
451,29.026280,41.107260,38,29.026276,41.107227,,,29.026270,41.106979,29.026278,41.107178,9.149838
452,29.026290,41.107240,32,29.026320,41.107174,,,29.026266,41.107201,29.026308,41.107182,6.673251
453,29.026300,41.107210,78,29.026320,41.107174,,,29.026266,41.107201,29.026308,41.107182,3.234864
454,29.026310,41.107150,70,29.026331,41.107136,,,29.026354,41.107059,29.026339,41.107124,3.725721
455,29.026330,41.107090,42,29.026331,41.107136,,,29.026354,41.107059,29.026339,41.107124,3.884225
456,29.026340,41.107060,29,29.026331,41.107136,,,29.026354,41.107059,29.026339,41.107124,7.154009
457,29.026350,41.107030,37,29.026339,41.107071,,,29.026348,41.106964,29.026342,41.107048,2.104233
458,29.026350,41.107000,52,29.026468,41.106945,,,29.026402,41.106899,29.026455,41.106937,11.212580
459,29.026360,41.106970,65,29.026468,41.106945,,,29.026402,41.106899,29.026455,41.106937,8.739958
460,29.026380,41.106900,71,29.026394,41.106773,,,29.026405,41.106907,29.026398,41.106804,10.788959
461,29.026390,41.106840,33,29.026394,41.106773,,,29.026405,41.106907,29.026398,41.106804,4.066369
462,29.026400,41.106800,43,29.026394,41.106773,,,29.026405,41.106907,29.026398,41.106804,0.473770
463,29.026410,41.106770,68,29.026413,41.106785,,,29.026417,41.106747,29.026413,41.106781,1.248736
464,29.026420,41.106700,75,29.026339,41.107334,,,29.026419,41.106663,29.026358,41.107189,54.644429
465,29.026430,41.106630,39,29.026428,41.106491,,,29.026419,41.106571,29.026428,41.106510,13.326170
466,29.026430,41.106590,44,29.026430,41.106487,,,29.026423,41.106491,29.026430,41.106491,10.998422
467,29.026440,41.106560,74,29.026430,41.106487,,,29.026423,41.106491,29.026430,41.106491,7.707062
468,29.026480,41.106480,45,29.026449,41.106480,,,29.026451,41.106499,29.026453,41.106487,2.400994
469,29.026480,41.106450,35,29.026434,41.106407,,,29.026442,41.106319,29.026438,41.106388,7.740323
470,29.026480,41.106420,74,29.026434,41.106407,,,29.026442,41.106319,29.026438,41.106388,5.011341
471,29.026460,41.106380,74,29.026436,41.106403,,,29.026423,41.106380,29.026436,41.106400,2.968566
472,29.026450,41.106350,82,29.026443,41.106438,,,29.026424,41.106380,29.026442,41.106430,8.929516
473,29.026450,41.106330,72,29.026428,41.106335,,,29.026426,41.106358,29.026428,41.106342,2.281345
474,29.026440,41.106320,80,29.026424,41.106319,,,29.026424,41.106312,29.026426,41.106319,1.148329
475,29.026440,41.106300,72,29.026426,41.106316,,,29.026426,41.106319,29.026428,41.106319,2.374936
476,29.026440,41.106290,77,29.026421,41.106346,,,29.026428,41.106281,29.026423,41.106335,5.180687
477,29.026450,41.106270,78,29.026447,41.106285,,,29.023632,41.106598,29.025837,41.106354,52.202035
478,29.026450,41.106250,75,29.026447,41.106285,,,29.023632,41.106598,29.025837,41.106354,52.644318
479,29.026460,41.106200,101,29.026449,41.106159,,,29.024212,41.106247,29.025965,41.106182,41.543099
480,29.026470,41.106140,38,29.026453,41.106140,,,29.026447,41.106152,29.026453,41.106144,1.489111
481,29.026470,41.106120,46,29.026453,41.106346,,,29.026480,41.105980,29.026461,41.106270,16.679467
482,29.026470,41.106090,43,29.026453,41.106346,,,29.026480,41.105980,29.026461,41.106270,20.012245
483,29.026470,41.106060,39,29.026453,41.106346,,,29.026480,41.105980,29.026461,41.106270,23.345900
484,29.026480,41.106030,74,29.026470,41.106033,,,29.022993,41.105942,29.025713,41.106018,64.279366
485,29.026490,41.105980,41,29.026470,41.106033,,,29.022993,41.105942,29.025713,41.106018,65.240995
486,29.026500,41.105960,37,29.026480,41.105125,,,29.023277,41.107559,29.025784,41.105656,68.909994
487,29.026510,41.105940,42,29.026480,41.105125,,,29.023277,41.107559,29.025784,41.105656,68.587996
488,29.026520,41.105910,65,29.026554,41.105858,,,29.022598,41.106216,29.025694,41.105938,69.285009
489,29.026530,41.105890,75,29.026554,41.105858,,,29.022598,41.106216,29.025694,41.105938,70.255765
490,29.026550,41.105830,44,29.026575,41.105774,,,29.026590,41.105778,29.026579,41.105778,6.295400
491,29.026560,41.105800,39,29.026585,41.105755,,,29.024025,41.105888,29.026030,41.105785,44.470455
492,29.026560,41.105780,74,29.026585,41.105755,,,29.024025,41.105888,29.026030,41.105785,44.444707
493,29.026570,41.105720,77,29.026863,41.105392,,,29.021912,41.104874,29.025785,41.105282,81.822018
494,29.026570,41.105660,75,29.026863,41.105392,,,29.021912,41.104874,29.025785,41.105282,78.033566
495,29.026580,41.105600,41,29.026966,41.105526,,,29.022287,41.105305,29.025949,41.105480,54.482299
496,29.026580,41.105570,39,29.026966,41.105526,,,29.022287,41.105305,29.025949,41.105480,53.764031
497,29.026590,41.105540,74,29.026869,41.105350,,,29.021379,41.105484,29.025677,41.105385,78.440234
498,29.026600,41.105490,66,29.026596,41.105419,,,29.021355,41.105457,29.025457,41.105431,95.962311
499,29.026600,41.105440,44,29.026350,41.105274,,,29.021444,41.105450,29.025284,41.105316,111.133832
500,29.026600,41.105420,33,29.026207,41.105297,,,29.020813,41.105606,29.025034,41.105366,131.350861
501,29.026610,41.105400,37,29.023621,41.105476,,,29.020813,41.105606,29.023010,41.105507,301.840545
502,29.026610,41.105380,36,29.023621,41.105476,,,29.020813,41.105606,29.023010,41.105507,301.936345
503,29.026620,41.105370,64,29.023621,41.105476,,,29.024662,41.105473,29.023848,41.105480,232.611556
504,29.026620,41.105340,66,29.023649,41.105000,,,29.020452,41.105461,29.022955,41.105103,308.212899
505,29.026630,41.105320,68,29.023621,41.105476,,,29.026447,41.105350,29.024237,41.105450,201.043488
506,29.026630,41.105300,72,29.023621,41.105476,,,29.026447,41.105350,29.024237,41.105450,201.215249
507,29.026620,41.105300,67,29.023621,41.105469,,,29.021276,41.105362,29.023109,41.105446,294.581442
508,29.026610,41.105280,72,29.023621,41.105442,,,29.025143,41.105751,29.023952,41.105511,224.134399
509,29.026590,41.105260,69,29.023621,41.105480,,,29.025215,41.105701,29.023968,41.105530,221.745784
510,29.026570,41.105250,70,29.023621,41.105480,,,29.021276,41.105289,29.023109,41.105442,290.730776
511,29.026520,41.105240,50,29.023621,41.105488,,,29.021276,41.105312,29.023109,41.105450,286.705733
512,29.026490,41.105240,20,29.023621,41.105492,,,29.021488,41.106091,29.023157,41.105625,282.512039
513,29.026460,41.105240,53,29.023621,41.105492,,,29.021488,41.106091,29.023157,41.105625,280.027783
514,29.026420,41.105240,23,29.023621,41.105473,,,29.022718,41.105263,29.023424,41.105431,251.902445
515,29.026390,41.105230,67,29.023621,41.105473,,,29.021235,41.105480,29.023104,41.105476,276.703008
516,29.026330,41.105220,52,29.023621,41.105415,,,29.021276,41.105202,29.023109,41.105370,270.349151
517,29.026300,41.105200,21,29.023621,41.105415,,,29.021276,41.105202,29.023109,41.105370,267.987709
518,29.026270,41.105200,50,29.023621,41.105457,,,29.021334,41.105167,29.023123,41.105396,264.592898
519,29.026240,41.105180,20,29.023621,41.105457,,,29.021334,41.105167,29.023123,41.105396,262.282564
520,29.026210,41.105170,69,29.023621,41.105457,,,29.021276,41.105152,29.023109,41.105392,260.957882
521,29.026120,41.105160,69,29.023621,41.105461,,,29.022146,41.106026,29.023300,41.105587,240.984827
522,29.026020,41.105150,53,29.023621,41.105431,,,29.025679,41.105408,29.024071,41.105427,166.194780
523,29.025970,41.105140,21,29.025921,41.105156,,,29.025757,41.105377,29.025887,41.105206,10.099901
524,29.025920,41.105140,68,29.025963,41.105148,,,29.023058,41.105377,29.025331,41.105202,49.783532
525,29.025820,41.105120,55,29.025963,41.105148,,,29.023058,41.105377,29.025331,41.105202,41.926208
526,29.025780,41.105110,20,29.025845,41.105225,,,29.023941,41.105175,29.025431,41.105217,31.593183
527,29.025730,41.105110,69,29.025845,41.105225,,,29.023941,41.105175,29.025431,41.105217,27.757052
528,29.025630,41.105090,57,29.025461,41.105045,,,29.025219,41.105118,29.025410,41.105061,18.745873
529,29.025580,41.105080,20,29.025461,41.105045,,,29.025219,41.105118,29.025410,41.105061,14.431392
530,29.025530,41.105070,56,29.025509,41.105034,,,29.024532,41.105076,29.025297,41.105045,19.700414
531,29.025470,41.105070,20,29.025473,41.105019,,,29.025623,41.105179,29.025507,41.105053,3.632052
532,29.025420,41.105060,67,29.025473,41.105019,,,29.025623,41.105179,29.025507,41.105053,7.329208
533,29.025310,41.105040,55,29.025360,41.105000,,,29.025702,41.105320,29.025434,41.105072,11.021831
534,29.025250,41.105040,17,29.023621,41.104584,,,29.024958,41.105503,29.023912,41.104782,115.680627
535,29.025190,41.105040,53,29.023621,41.104584,,,29.025068,41.105015,29.023935,41.104679,112.523992
536,29.025130,41.105030,18,29.023621,41.104584,,,29.025068,41.105015,29.023935,41.104679,107.433475
537,29.025070,41.105020,70,29.023621,41.104710,,,29.024872,41.104965,29.023895,41.104771,102.257037
538,29.024970,41.105000,74,29.023621,41.104710,,,29.024872,41.104965,29.023895,41.104771,93.589399
539,29.024860,41.104980,51,29.023621,41.104912,,,29.024792,41.104935,29.023876,41.104919,82.704260
540,29.024800,41.104980,17,29.023621,41.104893,,,29.024290,41.105721,29.023767,41.105076,87.165324
541,29.024750,41.104970,72,29.023621,41.104893,,,29.024290,41.105721,29.023767,41.105076,83.159096
542,29.024650,41.104960,52,29.023621,41.104874,,,29.024336,41.105629,29.023777,41.105042,73.703859
543,29.024610,41.104950,21,29.023577,41.104946,,,29.024145,41.105701,29.023703,41.105114,78.181697
544,29.024560,41.104950,72,29.023577,41.104946,,,29.024145,41.105701,29.023703,41.105114,74.114368
545,29.024470,41.104940,70,29.024261,41.105083,,,29.024158,41.105698,29.024240,41.105221,36.669359
546,29.024390,41.104910,78,29.024317,41.104897,,,29.023966,41.105419,29.024244,41.105011,16.586235
547,29.024320,41.104890,71,29.024223,41.104889,,,29.024109,41.104874,29.024199,41.104889,10.178046
548,29.024230,41.104870,58,29.024223,41.104889,,,29.024109,41.104874,29.024199,41.104889,3.372784
549,29.024190,41.104860,17,29.024208,41.104885,,,29.024132,41.104885,29.024193,41.104885,2.801052
550,29.024160,41.104860,56,29.024208,41.104885,,,29.024132,41.104885,29.024193,41.104885,3.917605
551,29.024120,41.104850,18,29.024208,41.104885,,,29.024132,41.104885,29.024193,41.104885,7.242234
552,29.024080,41.104840,53,29.024080,41.104790,,,29.023930,41.104836,29.024052,41.104805,4.559429
553,29.024040,41.104820,18,29.024080,41.104790,,,29.023930,41.104836,29.024052,41.104805,1.933944
554,29.024000,41.104800,70,29.023891,41.104843,,,29.024630,41.101555,29.024054,41.104130,74.658874
555,29.023890,41.104790,58,29.023891,41.104843,,,29.024630,41.101555,29.024054,41.104130,74.680230
556,29.023840,41.104790,19,29.023714,41.104832,,,29.021425,41.104542,29.023218,41.104771,52.146477
557,29.023790,41.104790,58,29.023714,41.104832,,,29.021425,41.104542,29.023218,41.104771,47.961035
558,29.023740,41.104780,19,29.023714,41.104832,,,29.021425,41.104542,29.023218,41.104771,43.735819
559,29.023690,41.104780,70,29.023689,41.104774,,,29.021370,41.104595,29.023188,41.104740,42.323819
560,29.023580,41.104770,57,29.023602,41.104790,,,29.023535,41.104763,29.023586,41.104786,1.846520
561,29.023530,41.104760,19,29.023602,41.104790,,,29.023535,41.104763,29.023586,41.104786,5.526022
562,29.023480,41.104760,58,29.022495,41.104805,,,29.023335,41.104767,29.022678,41.104797,67.293568
563,29.023430,41.104750,71,29.023123,41.104828,,,29.023338,41.104767,29.023170,41.104820,23.105511
564,29.023390,41.104750,49,29.023123,41.104828,,,29.023338,41.104767,29.023170,41.104820,19.983555
565,29.023320,41.104750,56,29.023119,41.104782,,,29.021442,41.104576,29.022757,41.104740,47.219931
566,29.023280,41.104750,21,29.022881,41.104813,,,29.018484,41.104534,29.021925,41.104755,113.534411
567,29.023250,41.104740,49,29.022881,41.104813,,,29.018484,41.104534,29.021925,41.104755,111.032448
568,29.023230,41.104730,27,29.022570,41.104988,,,29.021603,41.104671,29.022360,41.104923,76.007523
569,29.023200,41.104710,53,29.022570,41.104988,,,29.021603,41.104671,29.022360,41.104923,74.279667
570,29.023170,41.104720,22,29.023104,41.104774,,,29.021515,41.104553,29.022758,41.104729,34.493018
571,29.023140,41.104720,78,29.023104,41.104774,,,29.021515,41.104553,29.022758,41.104729,31.980492
572,29.023100,41.104750,73,29.023199,41.104797,,,29.021444,41.104534,29.022820,41.104744,23.510084
573,29.023050,41.104770,51,29.022999,41.104618,,,29.021435,41.104549,29.022659,41.104607,37.437966
574,29.023040,41.104770,24,29.022999,41.104618,,,29.021435,41.104549,29.022659,41.104607,36.707601
575,29.023020,41.104780,49,29.023026,41.104790,,,29.022936,41.104836,29.023008,41.104805,2.945594
576,29.023010,41.104790,24,29.022984,41.104759,,,29.022974,41.104828,29.022985,41.104774,2.684819
577,29.022990,41.104800,73,29.022984,41.104759,,,29.022974,41.104828,29.022985,41.104774,2.863635
578,29.022980,41.104830,48,29.023054,41.104778,,,29.023008,41.104877,29.023048,41.104801,6.566288
579,29.022970,41.104840,24,29.023102,41.104939,,,29.023069,41.104893,29.023098,41.104931,14.734893
580,29.022960,41.104860,72,29.023102,41.104939,,,29.023069,41.104893,29.023098,41.104931,13.992482
581,29.022950,41.104900,50,29.022926,41.104961,,,29.022739,41.104916,29.022886,41.104954,8.015552
582,29.022940,41.104930,26,29.022926,41.104961,,,29.022739,41.104916,29.022886,41.104954,5.219704
583,29.022930,41.104970,76,29.022757,41.104877,,,29.017656,41.104561,29.021648,41.104813,108.796399
584,29.022920,41.105050,72,29.022814,41.105175,,,29.022448,41.103321,29.022738,41.104774,34.240766
585,29.022890,41.105110,55,29.022814,41.105175,,,29.022448,41.103321,29.022738,41.104774,39.435918
586,29.022880,41.105140,23,29.023178,41.105038,,,29.022997,41.105515,29.023140,41.105145,21.786187
587,29.022880,41.105180,53,29.023178,41.105038,,,29.022997,41.105515,29.023140,41.105145,22.135236
588,29.022870,41.105210,25,29.023178,41.105038,,,29.022997,41.105515,29.023140,41.105145,23.761978
589,29.022860,41.105240,73,29.022938,41.105099,,,29.021761,41.104767,29.022682,41.105030,27.693052
590,29.022840,41.105330,50,29.022938,41.105099,,,29.021761,41.104767,29.022682,41.105030,35.877181
591,29.022830,41.105360,26,29.022846,41.105495,,,29.020563,41.104618,29.022350,41.105309,40.596422
592,29.022820,41.105400,49,29.022846,41.105495,,,29.020563,41.104618,29.022350,41.105309,40.646198
593,29.022810,41.105430,24,29.022629,41.105499,,,29.022791,41.105530,29.022667,41.105507,14.724206
594,29.022810,41.105470,48,29.022629,41.105499,,,29.022791,41.105530,29.022667,41.105507,12.669759
595,29.022800,41.105500,24,29.022659,41.105518,,,29.022738,41.105652,29.022676,41.105553,11.892470
596,29.022790,41.105530,79,29.022659,41.105518,,,29.022738,41.105652,29.022676,41.105553,9.840764
597,29.022780,41.105600,74,29.022362,41.105354,,,29.022810,41.105629,29.022461,41.105415,33.708110
598,29.022760,41.105660,78,29.022362,41.105354,,,29.022810,41.105629,29.022461,41.105415,36.985672
599,29.022750,41.105690,19,29.022362,41.105354,,,29.022810,41.105629,29.022461,41.105415,38.977959
600,29.022740,41.105720,80,29.022532,41.105637,,,29.021683,41.104961,29.022350,41.105492,41.362084
601,29.022720,41.105780,58,29.022522,41.105728,,,29.025299,41.105171,29.023129,41.105610,39.105820
602,29.022720,41.105820,18,29.022732,41.105789,,,29.025312,41.105240,29.023296,41.105671,51.055771
603,29.022720,41.105850,56,29.022732,41.105789,,,29.025312,41.105240,29.023296,41.105671,52.234167
604,29.022710,41.105880,19,29.022732,41.105789,,,29.025312,41.105240,29.023296,41.105671,54.350733
605,29.022700,41.105910,54,29.022724,41.105820,,,29.021797,41.105186,29.022526,41.105682,29.218146
606,29.022700,41.105940,16,29.022724,41.105820,,,29.021797,41.105186,29.022526,41.105682,32.151126
607,29.022710,41.105970,74,29.022676,41.105816,,,29.022825,41.101643,29.022711,41.104908,118.090198
608,29.022670,41.106050,54,29.022346,41.105160,,,29.022640,41.105999,29.022413,41.105347,81.110230
609,29.022670,41.106080,18,29.022243,41.107773,,,29.022913,41.104000,29.022390,41.106953,99.824508
610,29.022660,41.106120,94,29.022243,41.107773,,,29.022913,41.104000,29.022390,41.106953,95.304581
611,29.022640,41.106190,76,29.022511,41.106262,,,29.022833,41.106327,29.022581,41.106277,10.906110
612,29.022630,41.106260,52,29.022511,41.106262,,,29.022833,41.106327,29.022581,41.106277,4.534023
613,29.022620,41.106290,19,29.022655,41.106136,,,29.022125,41.106365,29.022541,41.106190,12.964445
614,29.022610,41.106310,72,29.022654,41.105831,,,29.023111,41.106148,29.022757,41.105904,46.825901
615,29.022600,41.106370,51,29.022654,41.105831,,,29.023111,41.106148,29.022757,41.105904,53.492077
616,29.022590,41.106410,24,29.022654,41.105831,,,29.023111,41.106148,29.022757,41.105904,58.010188
617,29.022580,41.106440,72,29.022409,41.106266,,,29.025244,41.105350,29.023029,41.106068,55.959319
618,29.022560,41.106510,50,29.022547,41.106140,,,29.018282,41.104637,29.021618,41.105816,110.397722
619,29.022550,41.106550,21,29.022547,41.106140,,,29.018282,41.104637,29.021618,41.105816,112.970998
620,29.022550,41.106590,50,29.020824,41.105515,,,29.020885,41.104946,29.020838,41.105392,195.734263
621,29.022530,41.106630,20,29.020758,41.105515,,,29.020945,41.105148,29.020802,41.105438,196.299429
622,29.022520,41.106670,70,29.020758,41.105515,,,29.020329,41.104630,29.020666,41.105324,215.717291
623,29.022510,41.106740,50,29.020737,41.105530,,,29.021578,41.106659,29.020922,41.105778,170.755389
624,29.022510,41.106780,20,29.020737,41.105530,,,29.021578,41.106659,29.020922,41.105778,173.577041
625,29.022510,41.106820,70,29.020891,41.105545,,,29.023649,41.104984,29.021492,41.105427,176.845685
626,29.022510,41.106890,50,29.020891,41.105545,,,29.023649,41.104984,29.021492,41.105427,183.702554
627,29.022510,41.106930,20,29.020895,41.105549,,,29.023481,41.101372,29.021460,41.104641,269.315750
628,29.022510,41.106970,70,29.020895,41.105549,,,29.023481,41.101372,29.021460,41.104641,273.523204
629,29.022520,41.107050,56,29.020817,41.105526,,,29.023643,41.105095,29.021435,41.105434,201.343943
630,29.022530,41.107100,16,29.020407,41.104603,,,29.023457,41.105125,29.021072,41.104717,291.740994
631,29.022540,41.107140,52,29.020407,41.104603,,,29.023457,41.105125,29.021072,41.104717,296.133095
632,29.022550,41.107180,19,29.020407,41.104603,,,29.023457,41.105125,29.021072,41.104717,300.529169
633,29.022570,41.107210,71,29.022333,41.107422,,,29.023983,41.104095,29.022694,41.106701,57.549549
634,29.022600,41.107280,56,29.022333,41.107422,,,29.023983,41.104095,29.022694,41.106701,64.869406
635,29.022620,41.107320,23,29.022333,41.107422,,,29.023983,41.104095,29.022694,41.106701,69.116973
636,29.022650,41.107350,73,29.022511,41.107498,,,29.023766,41.100597,29.022785,41.105999,150.651517
637,29.022730,41.107410,53,29.022453,41.107613,,,29.023804,41.104755,29.022749,41.106995,46.214431
638,29.022780,41.107430,20,29.022453,41.107613,,,29.023804,41.104755,29.022749,41.106995,48.480917
639,29.022830,41.107450,73,29.022430,41.107571,,,29.023499,41.105099,29.022663,41.107037,48.048403
640,29.022920,41.107490,78,29.022430,41.107571,,,29.023499,41.105099,29.022663,41.107037,54.818566
641,29.023040,41.107520,56,29.022676,41.107574,,,29.023302,41.105091,29.022814,41.107037,56.995862
642,29.023100,41.107530,19,29.022676,41.107574,,,29.023302,41.105091,29.022814,41.107037,59.875861
643,29.023160,41.107550,59,29.021038,41.107632,,,29.023628,41.105087,29.021603,41.107082,140.460618
644,29.023270,41.107570,44,29.023203,41.107567,,,29.023798,41.104973,29.023335,41.107006,62.938274
645,29.023320,41.107590,18,29.020521,41.107643,,,29.019279,41.106831,29.020252,41.107471,257.364325
646,29.023380,41.107600,39,29.020521,41.107643,,,29.019279,41.106831,29.020252,41.107471,262.443010
647,29.023410,41.107610,28,29.020788,41.107594,,,29.023859,41.100590,29.021458,41.106071,236.692571
648,29.023450,41.107620,50,29.020802,41.107590,,,29.023500,41.104916,29.021391,41.107010,185.376383
649,29.023510,41.107640,15,29.023495,41.107594,,,29.023500,41.104916,29.023497,41.107010,70.074248
650,29.023530,41.107640,23,29.023506,41.107594,,,29.023651,41.103867,29.023539,41.106785,95.094339
651,29.023560,41.107640,29,29.022408,41.107594,,,29.023651,41.103867,29.022682,41.106785,120.213950
652,29.023600,41.107650,84,29.022913,41.107571,,,29.023859,41.104782,29.023123,41.106964,86.112109
653,29.023620,41.107660,55,29.022913,41.107571,,,29.023859,41.104782,29.023123,41.106964,87.880282
654,29.023650,41.107660,57,29.021038,41.105469,,,29.019848,41.104614,29.020781,41.105286,357.075876
655,29.023680,41.107670,23,29.021112,41.105396,,,29.020853,41.105728,29.021057,41.105473,328.627402
656,29.023710,41.107670,70,29.021063,41.105362,,,29.020763,41.105721,29.020998,41.105442,336.160104
657,29.023770,41.107690,69,29.021074,41.105484,,,29.021648,41.105537,29.021202,41.105495,325.325249
658,29.023840,41.107700,66,29.021074,41.105484,,,29.021648,41.105537,29.021202,41.105495,330.058303
659,29.023920,41.107720,56,29.021099,41.105396,,,29.020193,41.105244,29.020903,41.105366,363.923668
660,29.023970,41.107730,14,29.021099,41.105396,,,29.020193,41.105244,29.020903,41.105366,367.640459
661,29.024010,41.107740,68,29.021029,41.105476,,,29.021648,41.105309,29.021168,41.105442,349.283496
662,29.024100,41.107770,67,29.020979,41.105511,,,29.022736,41.106506,29.021362,41.105732,322.442196
663,29.024200,41.107800,57,29.020979,41.105511,,,29.022736,41.106506,29.021362,41.105732,330.765444
664,29.024250,41.107820,15,29.020979,41.105534,,,29.022280,41.106522,29.021261,41.105751,340.048138
665,29.024290,41.107830,55,29.020979,41.105534,,,29.022280,41.106522,29.021261,41.105751,343.271401
666,29.024400,41.107850,70,29.020893,41.105545,,,29.022209,41.105289,29.021181,41.105492,376.167784
667,29.024450,41.107860,15,29.020887,41.105545,,,29.022280,41.106522,29.021193,41.105759,359.279677
668,29.024500,41.107870,65,29.020891,41.105545,,,29.022280,41.106522,29.021196,41.105759,362.946133
669,29.024610,41.107890,62,29.020891,41.105545,,,29.022280,41.106522,29.021196,41.105759,371.437596
670,29.024660,41.107890,15,29.020889,41.105549,,,29.017342,41.103901,29.020119,41.105190,484.652548
671,29.024720,41.107900,58,29.020521,41.104996,,,29.024887,41.107906,29.021473,41.105633,370.901815
672,29.024850,41.107900,72,29.020716,41.105194,,,29.024828,41.107452,29.021614,41.105690,365.914415
673,29.024970,41.107890,67,29.020716,41.105194,,,29.022898,41.106373,29.021193,41.105453,416.614045
674,29.025080,41.107880,73,29.025076,41.107929,,,29.025106,41.107895,29.025084,41.107925,5.058633
676,29.025200,41.107860,72,29.025145,41.107929,,,29.025354,41.107891,29.025192,41.107925,7.302664
678,29.025320,41.107870,70,29.025385,41.107906,,,29.025379,41.107883,29.025385,41.107903,6.530714
679,29.025440,41.107870,72,29.025501,41.107819,,,29.025640,41.107891,29.025534,41.107838,8.632238
681,29.025560,41.107870,73,29.025501,41.107819,,,29.025640,41.107891,29.025534,41.107838,4.216878
682,29.025690,41.107860,73,29.025944,41.107876,,,29.025948,41.107876,29.025948,41.107880,21.690103
684,29.025830,41.107850,76,29.025944,41.107876,,,29.025948,41.107876,29.025948,41.107880,10.387064
685,29.025950,41.107840,46,29.026085,41.107765,,,29.025963,41.107616,29.026060,41.107735,14.907901
686,29.026020,41.107850,62,29.026089,41.107880,,,29.026333,41.107899,29.026142,41.107887,11.038896
687,29.026080,41.107850,66,29.026089,41.107880,,,29.026333,41.107899,29.026142,41.107887,6.652870
689,29.026210,41.107870,74,29.026436,41.107838,,,29.026354,41.107708,29.026421,41.107811,18.825226
691,29.026320,41.107880,76,29.026436,41.107838,,,29.026354,41.107708,29.026421,41.107811,11.399164
692,29.026450,41.107900,71,29.026398,41.107899,,,29.026577,41.107922,29.026438,41.107910,1.525489
694,29.026580,41.107910,80,29.026628,41.107883,,,29.026695,41.107933,29.026646,41.107899,5.642553
695,29.026710,41.107910,74,29.026743,41.107876,,,29.026880,41.107933,29.026773,41.107887,5.886540
697,29.026830,41.107910,71,29.026939,41.107937,,,29.026999,41.107910,29.026955,41.107933,10.753304
698,29.026940,41.107910,70,29.026939,41.107937,,,29.026999,41.107910,29.026955,41.107933,2.841256
700,29.027040,41.107920,67,29.027023,41.107941,,,29.025776,41.107922,29.026754,41.107937,24.003281
701,29.027080,41.107930,6,29.027023,41.107941,,,29.025776,41.107922,29.026754,41.107937,27.291914
702,29.027120,41.107930,69,29.027214,41.107731,,,29.025850,41.107933,29.026917,41.107777,24.113785
703,29.027200,41.107930,59,29.027214,41.107731,,,29.022429,41.106831,29.026173,41.107536,96.567174
704,29.027240,41.107940,14,29.027328,41.107628,,,29.024479,41.107941,29.026709,41.107697,52.106566
705,29.027280,41.107940,71,29.027328,41.107628,,,29.024479,41.107941,29.026709,41.107697,54.997607
707,29.027350,41.107950,72,29.027393,41.107941,,,29.024494,41.107941,29.026764,41.107944,49.107280
708,29.027430,41.107950,71,29.027107,41.107941,,,29.022816,41.106819,29.026175,41.107700,108.786568
710,29.027540,41.107980,71,29.027107,41.107941,,,29.022816,41.106819,29.026175,41.107700,118.551960
711,29.027660,41.108000,67,29.027693,41.108021,,,29.023779,41.106869,29.026844,41.107773,72.881923
713,29.027810,41.108030,71,29.027693,41.108021,,,29.023779,41.106869,29.026844,41.107773,85.835226
714,29.027940,41.108040,68,29.028843,41.107956,,,29.023653,41.106873,29.027712,41.107723,40.074306
716,29.028080,41.108040,101,29.028843,41.107956,,,29.023653,41.106873,29.027712,41.107723,46.817889
717,29.028210,41.108020,68,29.028427,41.107563,,,29.023859,41.107048,29.027437,41.107456,90.123431
719,29.028330,41.108030,74,29.028427,41.107563,,,29.023859,41.107048,29.027437,41.107456,98.315178
720,29.028460,41.108090,71,29.028568,41.108059,,,29.023701,41.106953,29.027512,41.107822,84.847388
722,29.028540,41.108070,74,29.028568,41.108059,,,29.023701,41.106953,29.027512,41.107822,90.453188
723,29.028640,41.108070,72,29.028719,41.108044,,,29.028702,41.108017,29.028717,41.108040,7.273077
724,29.028720,41.108060,72,29.028811,41.108036,,,29.028708,41.108059,29.028788,41.108044,5.948644
726,29.028810,41.108050,72,29.028830,41.108032,,,29.026108,41.108006,29.028238,41.108028,47.958673
727,29.028900,41.108050,73,29.028936,41.107998,,,29.026304,41.108028,29.028366,41.108006,45.004797
729,29.028950,41.108050,73,29.029064,41.107952,,,29.026215,41.107975,29.028444,41.107960,43.541793
730,29.029000,41.108030,75,29.029186,41.107773,,,29.026447,41.107964,29.028593,41.107815,41.654183
731,29.029030,41.108010,61,29.029186,41.107773,,,29.026447,41.107964,29.028593,41.107815,42.559207
732,29.029040,41.108000,8,29.029119,41.107956,,,29.026447,41.107964,29.028540,41.107960,42.158085
733,29.029060,41.108000,72,29.029119,41.107956,,,29.023924,41.106956,29.027990,41.107742,94.087892
734,29.029090,41.107980,71,29.029114,41.107956,,,29.023918,41.106987,29.027983,41.107746,96.347327
735,29.029100,41.107950,68,29.028913,41.107971,,,29.023932,41.106976,29.027830,41.107754,108.608064
736,29.029100,41.107930,9,29.029011,41.106522,,,29.023182,41.106968,29.027744,41.106621,184.646948
737,29.029110,41.107900,75,29.029053,41.107906,,,29.023943,41.106941,29.027943,41.107697,100.385577
738,29.029100,41.107870,56,29.029053,41.107906,,,29.023943,41.106941,29.027943,41.107697,98.864914
739,29.029100,41.107850,18,29.029053,41.107906,,,29.023943,41.106941,29.027943,41.107697,98.455207
740,29.029110,41.107830,74,29.029112,41.107727,,,29.023926,41.106495,29.027983,41.107464,102.849545
741,29.029110,41.107800,76,29.029127,41.107658,,,29.023952,41.106644,29.028004,41.107441,100.922303
742,29.029130,41.107760,70,29.029127,41.107658,,,29.023952,41.106644,29.028004,41.107441,100.813611
743,29.029130,41.107730,6,29.029127,41.107658,,,29.023952,41.106644,29.028004,41.107441,99.688640
744,29.029140,41.107710,68,29.029175,41.107517,,,29.023930,41.106678,29.028032,41.107338,101.609157
745,29.029140,41.107670,69,29.029108,41.107479,,,29.023582,41.106941,29.027908,41.107368,108.503504
746,29.029140,41.107640,49,29.026434,41.105610,,,29.023567,41.106934,29.025812,41.105904,339.144397
747,29.029140,41.107620,52,29.028879,41.107262,,,29.023947,41.107033,29.027807,41.107212,120.524491
748,29.029150,41.107610,69,29.028879,41.107262,,,29.023947,41.107033,29.027807,41.107212,120.889727
749,29.029150,41.107590,15,29.028879,41.107262,,,29.023947,41.107033,29.027807,41.107212,120.093583
750,29.029150,41.107580,68,29.029125,41.107536,,,29.026230,41.107437,29.028498,41.107517,55.095578
751,29.029150,41.107550,71,29.029116,41.107506,,,29.029127,41.107201,29.029121,41.107441,12.360478
752,29.029150,41.107510,75,29.029114,41.107449,,,29.029156,41.107353,29.029123,41.107430,9.225883
753,29.029140,41.107470,61,29.029114,41.107449,,,29.026985,41.107159,29.028652,41.107388,41.885910
754,29.029140,41.107450,15,29.029114,41.107449,,,29.026985,41.107159,29.028652,41.107388,41.455936
755,29.029130,41.107430,73,29.029100,41.107571,,,29.026505,41.107391,29.028538,41.107533,50.912561
756,29.029110,41.107390,94,29.029100,41.107571,,,29.026505,41.107391,29.028538,41.107533,50.495306
757,29.029090,41.107350,70,29.029127,41.107311,,,29.023842,41.107010,29.027979,41.107246,93.801737
758,29.029070,41.107320,59,29.029091,41.107327,,,29.029070,41.107277,29.029089,41.107315,1.681801
759,29.029060,41.107300,13,29.029068,41.107208,,,29.028961,41.107246,29.029047,41.107220,8.995450
760,29.029040,41.107280,68,29.029062,41.107204,,,29.029053,41.107193,29.029062,41.107204,8.606893
761,29.029010,41.107220,61,29.029062,41.107204,,,29.029053,41.107193,29.029062,41.107204,4.708943
762,29.028990,41.107200,15,29.029018,41.107246,,,29.028919,41.107162,29.028999,41.107231,3.549738
763,29.028970,41.107170,55,29.029018,41.107246,,,29.028919,41.107162,29.028999,41.107231,7.228921
764,29.028940,41.107140,33,29.028955,41.107098,,,29.028923,41.107132,29.028952,41.107109,3.574986
765,29.028910,41.107110,49,29.028955,41.107098,,,29.028923,41.107132,29.028952,41.107109,3.490682
766,29.028840,41.107040,63,29.028816,41.106987,,,29.028847,41.107025,29.028826,41.106998,4.772400
767,29.028760,41.106980,68,29.028761,41.107101,,,29.028786,41.106991,29.028769,41.107082,11.405148
768,29.028710,41.106950,9,29.028614,41.106884,,,29.028732,41.106903,29.028641,41.106892,8.705695
769,29.028670,41.106920,71,29.028614,41.106884,,,29.028732,41.106903,29.028641,41.106892,3.994625
770,29.028590,41.106860,60,29.028618,41.107052,,,29.026873,41.106735,29.028238,41.106987,32.676069
771,29.028560,41.106830,52,29.028618,41.107052,,,29.026873,41.106735,29.028238,41.106987,32.113177
772,29.028520,41.106790,63,29.028435,41.106724,,,29.028469,41.106731,29.028444,41.106728,9.401087
773,29.028450,41.106740,76,29.028463,41.106697,,,29.026728,41.106651,29.028088,41.106689,30.877785
774,29.028380,41.106680,62,29.028463,41.106697,,,29.026728,41.106651,29.028088,41.106689,24.519615
775,29.028350,41.106660,11,29.028316,41.106586,,,29.026794,41.106602,29.027985,41.106590,31.579683
776,29.028320,41.106630,64,29.028316,41.106586,,,29.026794,41.106602,29.027985,41.106590,28.444689
777,29.028300,41.106610,10,29.028316,41.106586,,,29.026794,41.106602,29.027985,41.106590,26.514781
778,29.028280,41.106590,62,29.028324,41.106544,,,29.028278,41.106541,29.028316,41.106544,5.912209
779,29.028250,41.106570,37,29.028282,41.106522,,,29.028248,41.106579,29.028278,41.106537,4.383744
780,29.028230,41.106550,47,29.028212,41.106487,,,29.028135,41.106441,29.028198,41.106480,8.263258
781,29.028180,41.106510,63,29.028212,41.106487,,,29.028135,41.106441,29.028198,41.106480,3.705265
782,29.028120,41.106460,72,29.028139,41.106422,,,29.028090,41.106407,29.028131,41.106422,4.287600
784,29.028060,41.106410,70,29.023623,41.104881,,,29.027918,41.106350,29.024559,41.105202,322.635047
785,29.027990,41.106360,67,29.023651,41.105515,,,29.027752,41.106243,29.024548,41.105679,298.209810
787,29.027930,41.106310,76,29.023621,41.105465,,,29.026682,41.106438,29.024286,41.105679,313.259180
788,29.027890,41.106290,68,29.023621,41.105465,,,29.026682,41.106438,29.024286,41.105679,309.497883
789,29.027850,41.106280,69,29.023621,41.105469,,,29.026924,41.106262,29.024342,41.105640,302.433024
790,29.027820,41.106270,67,29.023621,41.105415,,,29.026855,41.106323,29.024326,41.105618,301.574341
791,29.027790,41.106270,72,29.023621,41.105415,,,29.026855,41.106323,29.024326,41.105618,299.135230
792,29.027760,41.106270,73,29.023621,41.105434,,,29.026882,41.106312,29.024332,41.105629,295.923405
793,29.027730,41.106290,70,29.023621,41.105423,,,29.026615,41.106522,29.024275,41.105663,297.760307
794,29.027720,41.106310,65,29.023621,41.105415,,,29.026606,41.106609,29.024271,41.105679,297.380447
795,29.027710,41.106340,73,29.023621,41.105415,,,29.026621,41.106483,29.024275,41.105652,297.813142
796,29.027710,41.106370,60,29.023621,41.105415,,,29.026621,41.106483,29.024275,41.105652,298.687569
797,29.027700,41.106390,9,29.023621,41.105419,,,29.026638,41.106525,29.024279,41.105663,297.829047
798,29.027700,41.106410,63,29.023621,41.105419,,,29.026638,41.106525,29.024279,41.105663,298.440058
799,29.027700,41.106430,9,29.023621,41.105423,,,29.026667,41.106503,29.024284,41.105659,298.728249
800,29.027690,41.106450,69,29.023621,41.105423,,,29.026678,41.106510,29.024286,41.105663,298.295406
801,29.027670,41.106500,62,29.023621,41.105412,,,29.026619,41.106575,29.024275,41.105667,299.159815
802,29.027670,41.106540,7,29.023621,41.105396,,,29.026360,41.106525,29.024216,41.105644,306.077987
803,29.027660,41.106570,71,29.023621,41.105396,,,29.026360,41.106525,29.024216,41.105644,306.390419
804,29.027640,41.106630,62,29.023621,41.105419,,,29.026218,41.106449,29.024187,41.105648,309.220280
805,29.027630,41.106670,7,29.023621,41.105419,,,29.026646,41.106724,29.024279,41.105705,300.585940
806,29.027620,41.106700,70,29.023621,41.105419,,,29.026646,41.106724,29.024279,41.105705,301.013090
807,29.027600,41.106780,64,29.023621,41.105412,,,29.026632,41.106762,29.024277,41.105709,302.833509
808,29.027590,41.106830,7,29.023621,41.105412,,,29.026632,41.106762,29.024277,41.105709,304.297940
809,29.027580,41.106870,68,29.023621,41.105412,,,29.026609,41.106895,29.024271,41.105736,304.580131
810,29.027560,41.106960,70,29.023621,41.105400,,,29.026218,41.106956,29.024187,41.105743,313.307372
811,29.027550,41.107010,15,29.027544,41.107018,,,29.026127,41.107029,29.027235,41.107025,26.442876
812,29.027540,41.107050,58,29.027546,41.107071,,,29.026182,41.107140,29.027250,41.107086,24.604061
813,29.027520,41.107120,73,29.027538,41.107067,,,29.025696,41.107296,29.027138,41.107121,32.025701
814,29.027500,41.107200,64,29.027538,41.107067,,,29.025743,41.107285,29.027147,41.107117,30.968607
815,29.027490,41.107240,6,29.027538,41.107067,,,29.025743,41.107285,29.027147,41.107117,31.818517
816,29.027480,41.107280,64,29.027515,41.107269,,,29.026203,41.107338,29.027231,41.107288,20.864588
817,29.027470,41.107330,7,29.027416,41.107307,,,29.026184,41.107380,29.027147,41.107327,27.040166
818,29.027450,41.107370,70,29.027416,41.107307,,,29.026184,41.107380,29.027147,41.107327,25.818685
819,29.027430,41.107460,65,29.027403,41.107445,,,29.023020,41.107323,29.026451,41.107422,82.123696
820,29.027420,41.107510,11,29.027403,41.107445,,,29.023020,41.107323,29.026451,41.107422,81.765642
821,29.027410,41.107550,67,29.027378,41.107609,,,29.023882,41.106819,29.026619,41.107441,67.375971
822,29.027390,41.107640,66,29.027374,41.107525,,,29.023870,41.106815,29.026613,41.107372,71.564801
823,29.027380,41.107680,11,29.027370,41.107712,,,29.023762,41.106815,29.026587,41.107517,68.898263
824,29.027370,41.107720,73,29.027367,41.107803,,,29.023773,41.106808,29.026587,41.107590,67.220467
825,29.027370,41.107790,76,29.027367,41.107803,,,29.023773,41.106808,29.026587,41.107590,69.315828
826,29.027360,41.107840,66,29.027702,41.108032,,,29.023830,41.106831,29.026861,41.107773,42.453701
827,29.027360,41.107860,117,29.027348,41.107922,,,29.021925,41.106834,29.026167,41.107689,101.753962
828,29.027350,41.107890,51,29.027348,41.107922,,,29.021925,41.106834,29.026167,41.107689,101.612628
829,29.027330,41.107900,79,29.027248,41.107937,,,29.023756,41.106998,29.026489,41.107735,72.798624
830,29.027320,41.107890,71,29.027353,41.107929,,,29.023687,41.106823,29.026558,41.107689,67.651112
831,29.027330,41.107900,141,29.027359,41.107929,,,29.023834,41.106823,29.026594,41.107689,65.967699
832,29.027320,41.107900,72,29.027319,41.107922,,,29.023762,41.106823,29.026546,41.107685,69.073063
833,29.027300,41.107910,71,29.027266,41.107933,,,29.023445,41.106850,29.026434,41.107697,76.344011
834,29.027270,41.107910,64,29.027266,41.107933,,,29.023445,41.106850,29.026434,41.107697,73.959239
835,29.027240,41.107910,10,29.027266,41.107933,,,29.023445,41.106850,29.026434,41.107697,71.583273
836,29.027210,41.107910,73,29.027040,41.107922,,,29.022060,41.106918,29.025957,41.107708,107.347170
837,29.027140,41.107910,72,29.027008,41.107666,,,29.021992,41.106926,29.025917,41.107506,111.885917
838,29.027050,41.107900,68,29.027008,41.107666,,,29.021992,41.106926,29.025917,41.107506,104.553290
839,29.027010,41.107890,9,29.026987,41.107727,,,29.026718,41.107914,29.026932,41.107769,14.965143
840,29.026960,41.107890,51,29.026987,41.107727,,,29.026718,41.107914,29.026932,41.107769,13.659634
841,29.026910,41.107880,25,29.026876,41.107914,,,29.026501,41.107876,29.026796,41.107910,10.095764
842,29.026860,41.107880,65,29.026876,41.107914,,,29.026501,41.107876,29.026796,41.107910,6.300030
843,29.026740,41.107870,68,29.026812,41.107910,,,29.026627,41.107906,29.026773,41.107910,5.271923
844,29.026670,41.107860,10,29.026670,41.107910,,,29.026459,41.107906,29.026627,41.107910,6.658368
845,29.026610,41.107860,79,29.026457,41.107853,,,29.026350,41.107838,29.026436,41.107849,14.640594
846,29.026480,41.107840,66,29.026457,41.107853,,,29.026350,41.107838,29.026436,41.107849,3.835352
847,29.026410,41.107830,8,29.026455,41.107861,,,29.026396,41.107800,29.026445,41.107849,3.648503
848,29.026350,41.107830,67,29.026455,41.107861,,,29.026396,41.107800,29.026445,41.107849,8.269893
850,29.026230,41.107820,74,29.026434,41.107864,,,29.026148,41.107826,29.026373,41.107857,12.651456
851,29.026170,41.107810,9,29.026077,41.107750,,,29.025997,41.107773,29.026062,41.107758,10.763280
852,29.026110,41.107810,81,29.026060,41.107697,,,29.025784,41.107658,29.026001,41.107689,16.271095
853,29.025990,41.107800,72,29.026424,41.107857,,,29.025833,41.107803,29.026299,41.107845,26.335160
854,29.025860,41.107800,64,29.026424,41.107857,,,29.025833,41.107803,29.026299,41.107845,37.084310
855,29.025800,41.107800,8,29.026424,41.107857,,,29.025833,41.107803,29.026299,41.107845,42.070198
856,29.025740,41.107800,74,29.025614,41.107830,,,29.025682,41.107822,29.025631,41.107830,9.728156
857,29.025610,41.107810,67,29.025614,41.107830,,,29.025682,41.107822,29.025631,41.107830,2.837331
858,29.025550,41.107810,10,29.025494,41.107830,,,29.025385,41.107822,29.025473,41.107830,6.853970
859,29.025490,41.107810,126,29.025494,41.107830,,,29.025385,41.107822,29.025473,41.107830,2.661676
860,29.025430,41.107820,28,29.025309,41.107822,,,29.025227,41.107815,29.025291,41.107822,11.611769
861,29.025360,41.107820,60,29.025206,41.107830,,,29.025154,41.107807,29.025196,41.107830,13.779368
862,29.025230,41.107820,34,29.025206,41.107830,,,29.025154,41.107807,29.025196,41.107830,3.053981
863,29.025170,41.107830,33,29.025864,41.107803,,,29.025106,41.107800,29.025702,41.107807,44.604650
864,29.025110,41.107830,70,29.025864,41.107803,,,29.025106,41.107800,29.025702,41.107807,49.624267
865,29.025040,41.107840,37,29.025005,41.107784,,,29.025059,41.107834,29.025019,41.107800,4.841236
866,29.024970,41.107850,77,29.025005,41.107784,,,29.025059,41.107834,29.025019,41.107800,6.938099
867,29.024840,41.107860,68,29.024683,41.107868,,,29.023052,41.105652,29.024332,41.107388,67.609687
868,29.024730,41.107870,37,29.020891,41.105545,,,29.023052,41.105652,29.021362,41.105572,380.685308
869,29.024670,41.107870,35,29.020977,41.105556,,,29.021612,41.106796,29.021116,41.105831,374.232575
870,29.024620,41.107860,71,29.020895,41.105545,,,29.022976,41.105499,29.021349,41.105537,376.573375
871,29.024510,41.107860,60,29.020895,41.105545,,,29.022976,41.105499,29.021349,41.105537,369.920031
872,29.024390,41.107840,46,29.020817,41.105526,,,29.022287,41.106796,29.021139,41.105804,354.141416
873,29.024330,41.107830,34,29.020891,41.105549,,,29.022123,41.105606,29.021162,41.105560,366.258479
874,29.024260,41.107820,61,29.020891,41.105549,,,29.022335,41.105541,29.021208,41.105549,359.403848
875,29.024140,41.107780,48,29.020893,41.105545,,,29.022100,41.106819,29.021160,41.105824,331.151125
876,29.024080,41.107770,36,29.021040,41.105507,,,29.021765,41.106789,29.021200,41.105785,326.981826
877,29.024030,41.107760,69,29.021040,41.105507,,,29.021765,41.106789,29.021200,41.105785,323.146382
878,29.023930,41.107730,68,29.020977,41.105507,,,29.021765,41.106781,29.021152,41.105785,317.664247
879,29.023830,41.107710,36,29.020994,41.105354,,,29.021755,41.106812,29.021162,41.105675,318.092972
880,29.023790,41.107700,34,29.021061,41.105392,,,29.022120,41.106827,29.021292,41.105705,304.975320
881,29.023760,41.107680,66,29.021061,41.105392,,,29.022120,41.106827,29.021292,41.105705,301.632970
882,29.023690,41.107660,72,29.021143,41.105469,,,29.022324,41.105541,29.021400,41.105488,308.442849
883,29.023620,41.107650,45,29.021143,41.105469,,,29.022459,41.105556,29.021431,41.105488,302.392053
884,29.023590,41.107640,33,29.021143,41.105469,,,29.022459,41.105556,29.021431,41.105488,299.986412
885,29.023560,41.107640,71,29.021111,41.105438,,,29.022198,41.106781,29.021347,41.105732,281.762953
886,29.023490,41.107630,37,29.021111,41.105438,,,29.022198,41.106781,29.021347,41.105732,277.090884
887,29.023450,41.107620,35,29.021111,41.105438,,,29.022198,41.106781,29.021347,41.105732,274.078517
888,29.023410,41.107620,70,29.021038,41.105469,,,29.022148,41.106873,29.021282,41.105778,271.561597
889,29.023320,41.107600,40,29.020977,41.105541,,,29.022083,41.106834,29.021219,41.105824,264.574155
890,29.023260,41.107600,35,29.020977,41.105541,,,29.022083,41.106834,29.021219,41.105824,261.256870
891,29.023210,41.107590,71,29.020899,41.105526,,,29.022297,41.106915,29.021204,41.105831,257.871361
892,29.023100,41.107570,40,29.020899,41.105526,,,29.022297,41.106915,29.021204,41.105831,250.239271
893,29.023060,41.107570,36,29.020899,41.105526,,,29.022297,41.106915,29.021204,41.105831,248.125306
894,29.023010,41.107570,35,29.020924,41.105358,,,29.022280,41.106991,29.021221,41.105717,254.814704
895,29.022970,41.107570,33,29.022741,41.107544,,,29.022291,41.106998,29.022646,41.107426,31.537353
896,29.022940,41.107570,67,29.022741,41.107544,,,29.022291,41.106998,29.022646,41.107426,29.401377
897,29.022870,41.107590,43,29.022726,41.107601,,,29.022190,41.105400,29.022612,41.107124,56.123400
898,29.022840,41.107600,29,29.022738,41.107582,,,29.022215,41.105400,29.022627,41.107113,57.032121
899,29.022820,41.107610,43,29.022738,41.107582,,,29.022215,41.105400,29.022627,41.107113,57.596202
900,29.022800,41.107620,34,29.022812,41.107597,,,29.022381,41.105446,29.022718,41.107132,54.696434
901,29.022770,41.107640,38,29.022812,41.107597,,,29.022381,41.105446,29.022718,41.107132,56.656685
902,29.022750,41.107650,34,29.022812,41.107597,,,29.022381,41.105446,29.022718,41.107132,57.664338
903,29.022730,41.107660,68,29.022625,41.107670,,,29.022539,41.105484,29.022610,41.107197,52.481382
904,29.022680,41.107690,42,29.022625,41.107670,,,29.022539,41.105484,29.022610,41.107197,55.155755
905,29.022650,41.107710,28,29.022606,41.107716,,,29.022539,41.107033,29.022594,41.107567,16.585728
906,29.022630,41.107730,40,29.022606,41.107716,,,29.022539,41.107033,29.022594,41.107567,18.386115
907,29.022600,41.107740,35,29.022587,41.107800,,,29.022493,41.107029,29.022568,41.107635,11.930114
908,29.022580,41.107760,74,29.022587,41.107800,,,29.022493,41.107029,29.022568,41.107635,13.881984
909,29.022540,41.107780,78,29.022493,41.107822,,,29.022476,41.107025,29.022491,41.107655,14.527950
910,29.022490,41.107810,39,29.022493,41.107822,,,29.022491,41.107052,29.022495,41.107658,16.864462
911,29.022470,41.107820,35,29.022409,41.107857,,,29.022308,41.106953,29.022390,41.107662,18.772143
912,29.022450,41.107840,76,29.022329,41.107883,,,29.022484,41.107025,29.022366,41.107700,17.063866
913,29.022410,41.107860,39,29.022329,41.107883,,,29.022484,41.107025,29.022366,41.107700,18.138578
914,29.022390,41.107870,35,29.022329,41.107883,,,29.022484,41.107025,29.022366,41.107700,18.975167
915,29.022370,41.107880,72,29.022474,41.107857,,,29.022291,41.106972,29.022436,41.107666,24.430759
916,29.022340,41.107900,75,29.022474,41.107857,,,29.022291,41.106972,29.022436,41.107666,27.236246
917,29.022320,41.107910,75,29.022375,41.107815,,,29.022511,41.106979,29.022406,41.107635,31.354920
918,29.022300,41.107920,81,29.022318,41.107941,,,29.022469,41.106995,29.022352,41.107738,20.651197
919,29.022290,41.107930,67,29.022234,41.107933,,,29.022295,41.106922,29.022251,41.107716,24.060868
920,29.022270,41.107940,74,29.022234,41.107933,,,29.022333,41.106930,29.022257,41.107719,24.551950
921,29.022250,41.107950,72,29.022167,41.107887,,,29.022560,41.106976,29.022255,41.107689,29.035526
922,29.022220,41.107960,76,29.022276,41.107933,,,29.022282,41.106926,29.022280,41.107716,27.632370
923,29.022180,41.107970,74,29.022085,41.107960,,,29.022484,41.106998,29.022173,41.107754,24.052795
924,29.022130,41.107980,40,29.022085,41.107960,,,29.022545,41.105549,29.022184,41.107437,60.535614
925,29.022100,41.107990,32,29.022085,41.107960,,,29.022545,41.105549,29.022184,41.107437,61.880997
926,29.022070,41.107990,72,29.022041,41.107964,,,29.022543,41.105492,29.022152,41.107426,63.122938
927,29.022000,41.108000,39,29.022154,41.107845,,,29.022589,41.105282,29.022251,41.107288,81.880152
928,29.021960,41.108000,35,29.022154,41.107845,,,29.022589,41.105282,29.022251,41.107288,82.804682
929,29.021930,41.108000,38,29.021912,41.107971,,,29.022526,41.105259,29.022047,41.107384,69.224394
930,29.021900,41.108010,32,29.021889,41.107952,,,29.022518,41.105282,29.022026,41.107372,71.693040
931,29.021870,41.108010,76,29.021889,41.107952,,,29.022518,41.105282,29.022026,41.107372,72.106195
932,29.021810,41.108010,77,29.021683,41.107819,,,29.022753,41.105293,29.021919,41.107273,82.449005
933,29.021780,41.108020,30,29.021683,41.107819,,,29.022753,41.105293,29.021919,41.107273,83.866742
934,29.021740,41.108030,67,29.021795,41.107925,,,29.021240,41.106579,29.021675,41.107635,44.202230
935,29.021670,41.108030,72,29.021547,41.107944,,,29.022331,41.105221,29.021721,41.107353,75.376232
936,29.021590,41.108020,53,29.021547,41.107944,,,29.022331,41.105221,29.021721,41.107353,74.950174
937,29.021550,41.108020,28,29.021547,41.107944,,,29.022331,41.105221,29.021721,41.107353,75.513314
938,29.021510,41.108020,64,29.021511,41.107952,,,29.021992,41.104679,29.021618,41.107243,86.916009
939,29.021420,41.108010,68,29.021521,41.107964,,,29.021307,41.106567,29.021475,41.107662,38.945453
940,29.021330,41.108000,74,29.021267,41.107964,,,29.022408,41.101330,29.021519,41.106522,165.148414
941,29.021230,41.107980,33,29.021166,41.107944,,,29.021120,41.107948,29.021160,41.107948,6.833315
942,29.021180,41.107980,41,29.021166,41.107944,,,29.021120,41.107948,29.021160,41.107948,3.898056
943,29.021130,41.107970,62,29.021059,41.107944,,,29.020864,41.107925,29.021017,41.107944,9.877270
944,29.021080,41.107960,15,29.021059,41.107944,,,29.020864,41.107925,29.021017,41.107944,5.547006
945,29.021040,41.107950,59,29.020887,41.107941,,,29.020937,41.107883,29.020901,41.107933,11.820002
946,29.020990,41.107940,18,29.020960,41.107929,,,29.022106,41.106804,29.021210,41.107689,33.442949
947,29.020950,41.107930,82,29.020960,41.107929,,,29.022106,41.106804,29.021210,41.107689,34.528105
948,29.020870,41.107900,68,29.020815,41.107925,,,29.020851,41.107914,29.020826,41.107925,4.622454
949,29.020790,41.107890,58,29.020653,41.107891,,,29.020716,41.107880,29.020670,41.107891,10.059871
950,29.020750,41.107880,19,29.020653,41.107891,,,29.020716,41.107880,29.020670,41.107891,6.820118
951,29.020710,41.107870,57,29.021147,41.107838,,,29.020634,41.107876,29.021036,41.107849,27.423915
952,29.020670,41.107870,18,29.020708,41.107914,,,29.020542,41.107559,29.020676,41.107838,3.625293
953,29.020630,41.107860,75,29.020708,41.107914,,,29.020542,41.107559,29.020676,41.107838,4.560186
954,29.020570,41.107860,58,29.020634,41.107887,,,29.019966,41.106499,29.020491,41.107586,31.194476
955,29.020540,41.107850,19,29.020466,41.107880,,,29.020090,41.106430,29.020384,41.107567,34.096920
956,29.020520,41.107850,74,29.020466,41.107880,,,29.020090,41.106430,29.020384,41.107567,33.489693
957,29.020470,41.107840,73,29.020458,41.107849,,,29.020412,41.105961,29.020449,41.107441,44.408427
958,29.020420,41.107830,58,29.020458,41.107849,,,29.020412,41.105961,29.020449,41.107441,43.327259
959,29.020380,41.107830,16,29.020458,41.107849,,,29.020412,41.105961,29.020449,41.107441,43.641618
960,29.020350,41.107830,74,29.020275,41.107838,,,29.019907,41.105637,29.020199,41.107361,53.683837
961,29.020260,41.107820,59,29.019989,41.107826,,,29.020487,41.107853,29.020098,41.107834,13.682267
962,29.020220,41.107810,18,29.019989,41.107826,,,29.020487,41.107853,29.020098,41.107834,10.581926
963,29.020170,41.107800,56,29.020197,41.107826,,,29.019941,41.106289,29.020144,41.107494,34.058653
964,29.020120,41.107790,19,29.020090,41.106510,,,29.019779,41.107746,29.020023,41.106781,112.486897
965,29.020070,41.107780,71,29.020090,41.106510,,,29.019779,41.107746,29.020023,41.106781,111.151831
966,29.019980,41.107760,61,29.020027,41.107613,,,29.019691,41.107738,29.019955,41.107643,13.167622
967,29.019930,41.107750,17,29.019958,41.107658,,,29.019836,41.107685,29.019934,41.107666,9.343782
968,29.019890,41.107740,74,29.019958,41.107658,,,29.019836,41.107685,29.019934,41.107666,9.004657
969,29.019790,41.107710,66,29.019289,41.107525,,,29.019480,41.107616,29.019331,41.107548,42.479100
970,29.019740,41.107700,17,29.019615,41.106506,,,29.021267,41.106777,29.019978,41.106567,127.504475
971,29.019700,41.107690,66,29.019615,41.106506,,,29.021267,41.106777,29.019978,41.106567,126.977127
972,29.019650,41.107670,17,29.019615,41.106506,,,29.021267,41.106777,29.019978,41.106567,125.639621
973,29.019610,41.107660,62,29.019131,41.107491,,,29.022532,41.105392,29.019873,41.107037,72.729372
974,29.019560,41.107650,17,29.019131,41.107491,,,29.022532,41.105392,29.019873,41.107037,73.065499
975,29.019520,41.107640,112,29.019478,41.107258,,,29.022715,41.106903,29.020184,41.107185,75.142980
976,29.019440,41.107610,57,29.019392,41.107502,,,29.019793,41.106659,29.019482,41.107323,32.137192
977,29.019380,41.107610,68,29.019373,41.106541,,,29.018448,41.106823,29.019173,41.106606,113.034731
978,29.019360,41.107600,14,29.019373,41.106541,,,29.018448,41.106823,29.019173,41.106606,111.688349
979,29.019340,41.107580,73,29.019444,41.107410,,,29.019981,41.105629,29.019562,41.107025,64.433977
980,29.019300,41.107570,74,29.018686,41.107563,,,29.018892,41.106567,29.018732,41.107349,53.533565
981,29.019280,41.107570,108,29.019075,41.107349,,,29.018997,41.106930,29.019060,41.107262,38.921304
982,29.019250,41.107560,70,29.019075,41.107349,,,29.018997,41.106930,29.019060,41.107262,36.790916
983,29.019220,41.107550,65,29.019081,41.107456,,,29.019470,41.107201,29.019165,41.107403,17.003131
984,29.019200,41.107540,15,29.019081,41.107456,,,29.019470,41.107201,29.019165,41.107403,15.534429
985,29.019180,41.107530,84,29.018042,41.105618,,,29.018587,41.105183,29.018162,41.105526,238.610004
986,29.019150,41.107530,109,29.019005,41.106941,,,29.020359,41.106579,29.019300,41.106865,75.019236
987,29.019110,41.107510,70,29.019459,41.107506,,,29.023182,41.106869,29.020271,41.107368,98.561755
988,29.019060,41.107490,61,29.019459,41.107506,,,29.023182,41.106869,29.020271,41.107368,102.382152
989,29.019030,41.107480,27,29.019459,41.107506,,,29.023182,41.106869,29.020271,41.107368,104.736706
990,29.019000,41.107460,71,29.020912,41.107288,,,29.019459,41.105526,29.020596,41.106907,147.149811
991,29.018990,41.107440,76,29.020912,41.107288,,,29.019459,41.105526,29.020596,41.106907,147.000582
992,29.018970,41.107420,74,29.019516,41.107441,,,29.018084,41.107113,29.019205,41.107372,20.398929
993,29.018950,41.107420,70,29.018957,41.107433,,,29.018484,41.107052,29.018858,41.107353,10.706354
994,29.018920,41.107400,73,29.018515,41.107349,,,29.018299,41.107113,29.018471,41.107300,39.252666
995,29.018890,41.107390,113,29.018515,41.107349,,,29.018299,41.107113,29.018471,41.107300,36.528644
996,29.018870,41.107390,67,29.018538,41.107189,,,29.021814,41.104763,29.019253,41.106663,86.993667
997,29.018810,41.107370,55,29.018417,41.107185,,,29.018827,41.106762,29.018509,41.107098,39.416252
998,29.018780,41.107370,15,29.018713,41.107262,,,29.018503,41.107067,29.018669,41.107220,19.121042
999,29.018740,41.107360,79,29.019047,41.106556,,,29.018318,41.107250,29.018890,41.106709,73.528068
1000,29.018640,41.107360,63,29.019047,41.106556,,,29.018318,41.107250,29.018890,41.106709,75.416829
1001,29.018600,41.107350,61,29.019047,41.106556,,,29.018318,41.107250,29.018890,41.106709,75.363605
1002,29.018550,41.107340,57,29.018442,41.107094,,,29.019011,41.106060,29.018568,41.106869,52.423079
1003,29.018490,41.107330,16,29.018442,41.107094,,,29.019011,41.106060,29.018568,41.106869,51.704414
1004,29.018430,41.107330,64,29.018116,41.107052,,,29.018349,41.107208,29.018167,41.107086,34.910431
1005,29.018380,41.107320,20,29.018618,41.107185,,,29.018642,41.106770,29.018627,41.107098,32.253032
1006,29.018330,41.107310,56,29.018618,41.107185,,,29.018642,41.106770,29.018627,41.107098,34.315529
1007,29.018260,41.107310,20,29.018467,41.107239,,,29.018225,41.107159,29.018417,41.107224,16.318925
1008,29.018190,41.107310,72,29.018330,41.105927,,,29.018085,41.105801,29.018278,41.105900,156.979609
1009,29.018060,41.107290,63,29.018330,41.105927,,,29.018085,41.105801,29.018278,41.105900,155.658508
1010,29.017990,41.107280,17,29.018330,41.105927,,,29.018085,41.105801,29.018278,41.105900,155.356985
1011,29.017920,41.107270,93,29.017096,41.106461,,,29.018436,41.106716,29.017389,41.106518,94.725944
1012,29.017850,41.107250,21,29.017330,41.106377,,,29.019049,41.106537,29.017706,41.106415,93.651856
1013,29.017790,41.107240,78,29.018238,41.104733,,,29.018805,41.106533,29.018364,41.105129,239.581307
1014,29.017660,41.107210,50,29.018238,41.104733,,,29.018805,41.106533,29.018364,41.105129,238.769008
1015,29.017600,41.107210,32,29.017241,41.107063,,,29.017761,41.106544,29.017355,41.106953,35.217058
1016,29.017540,41.107200,60,29.017241,41.107063,,,29.017761,41.106544,29.017355,41.106953,31.570656
1017,29.017490,41.107190,21,29.017477,41.106144,,,29.018505,41.104740,29.017704,41.105839,151.315426
1018,29.017440,41.107180,77,29.017258,41.107101,,,29.018278,41.106583,29.017481,41.106991,21.313102
1019,29.017350,41.107150,80,29.016790,41.107147,,,29.018650,41.105968,29.017197,41.106892,31.471126
1020,29.017260,41.107130,60,29.016790,41.107147,,,29.018650,41.105968,29.017197,41.106892,27.031425
1021,29.017220,41.107120,21,29.017223,41.107113,,,29.017733,41.103710,29.017338,41.106373,83.665333
1022,29.017170,41.107100,64,29.017223,41.107113,,,29.019611,41.104652,29.017746,41.106579,75.413217
1023,29.017080,41.107080,68,29.018608,41.106926,,,29.017687,41.106220,29.018412,41.106773,116.662634
1024,29.017030,41.107060,25,29.016966,41.105755,,,29.016890,41.107059,29.016949,41.106041,113.517232
1025,29.016980,41.107050,60,29.016966,41.105755,,,29.016890,41.107059,29.016949,41.106041,112.231373
1026,29.016890,41.107020,72,29.017015,41.106995,,,29.017067,41.107029,29.017029,41.107002,11.796003
1027,29.016840,41.107010,15,29.017958,41.107040,,,29.018858,41.106884,29.018158,41.107010,110.423194
1028,29.016790,41.106990,65,29.017958,41.107040,,,29.018858,41.106884,29.018158,41.107010,114.633717
1029,29.016750,41.106970,8,29.017958,41.107040,,,29.018858,41.106884,29.018158,41.107010,118.047095
1030,29.016710,41.106950,70,29.017139,41.106998,,,29.017639,41.106541,29.017250,41.106899,45.598630
1031,29.016660,41.106930,14,29.017073,41.106968,,,29.016907,41.106968,29.017038,41.106972,32.037108
1032,29.016610,41.106910,67,29.017073,41.106968,,,29.016907,41.106968,29.017038,41.106972,36.539047
1033,29.016570,41.106890,15,29.017004,41.106949,,,29.017418,41.107162,29.017094,41.106995,45.390310
1034,29.016530,41.106870,64,29.017004,41.106949,,,29.017418,41.107162,29.017094,41.106995,49.216645
1035,29.016440,41.106830,56,29.016281,41.107841,,,29.017511,41.107166,29.016552,41.107697,96.809715
1036,29.016400,41.106810,53,29.016281,41.107841,,,29.017511,41.107166,29.016552,41.107697,99.396888
1037,29.016360,41.106790,72,29.016569,41.106930,,,29.017534,41.107140,29.016783,41.106976,40.991705
1038,29.016310,41.106770,8,29.016222,41.106678,,,29.017607,41.107136,29.016525,41.106781,18.077485
1039,29.016260,41.106740,77,29.016222,41.106678,,,29.017607,41.107136,29.016525,41.106781,22.688107
1040,29.016190,41.106680,72,29.016254,41.106632,,,29.019365,41.104214,29.016933,41.106110,88.895522
1041,29.016100,41.106630,69,29.016254,41.106632,,,29.019365,41.104214,29.016933,41.106110,90.688136
1042,29.016060,41.106600,11,29.016254,41.106632,,,29.019365,41.104214,29.016933,41.106110,91.261705
1043,29.016010,41.106570,110,29.016991,41.106510,,,29.018520,41.107071,29.017324,41.106636,110.374287
1044,29.015940,41.106500,63,29.016991,41.106510,,,29.018858,41.106750,29.017401,41.106564,122.590857
1045,29.015900,41.106470,7,29.016991,41.106510,,,29.018858,41.106750,29.017401,41.106564,126.168021
1046,29.015860,41.106440,72,29.016050,41.104568,,,29.018728,41.105885,29.016636,41.104858,187.496617
1047,29.015830,41.106420,11,29.016123,41.106674,,,29.017012,41.105858,29.016317,41.106499,41.761307
1048,29.015800,41.106400,79,29.016516,41.106586,,,29.020344,41.105301,29.017349,41.106308,130.204924
1049,29.015750,41.106360,64,29.016516,41.106586,,,29.020344,41.105301,29.017349,41.106308,134.116321
1050,29.015730,41.106350,11,29.016026,41.106266,,,29.016840,41.105438,29.016203,41.106087,49.264923
1051,29.015720,41.106340,74,29.016026,41.106266,,,29.016840,41.105438,29.016203,41.106087,49.297727
1052,29.015700,41.106330,80,29.016956,41.104485,,,29.019226,41.104935,29.017450,41.104584,243.333012
1053,29.015690,41.106320,71,29.016085,41.106522,,,29.019056,41.105415,29.016733,41.106285,87.487454
1054,29.015670,41.106300,80,29.015753,41.106064,,,29.019077,41.105259,29.016478,41.105888,81.690537
1055,29.015650,41.106290,75,29.016111,41.105412,,,29.018970,41.105579,29.016735,41.105450,130.369363
1056,29.015630,41.106280,76,29.016186,41.105164,,,29.016766,41.105511,29.016314,41.105240,129.060677
1057,29.015610,41.106260,80,29.016186,41.105164,,,29.016766,41.105511,29.016314,41.105240,127.835568
1058,29.015590,41.106250,71,29.017633,41.105587,,,29.016468,41.105255,29.017382,41.105515,170.946090
1059,29.015580,41.106240,8,29.016460,41.105663,,,29.015997,41.106281,29.016361,41.105801,81.678302
1060,29.015560,41.106230,63,29.016460,41.105663,,,29.019133,41.105038,29.017044,41.105530,146.708156
1061,29.015550,41.106210,8,29.016460,41.105663,,,29.019133,41.105038,29.017044,41.105530,146.256586
1062,29.015540,41.106190,69,29.015556,41.106194,,,29.016624,41.105518,29.015791,41.106049,26.254755
1063,29.015510,41.106150,76,29.015507,41.106083,,,29.017241,41.105522,29.015884,41.105961,37.767664
1064,29.015480,41.106120,68,29.015507,41.106083,,,29.017241,41.105522,29.015884,41.105961,38.225795
1065,29.015460,41.106100,8,29.015507,41.106083,,,29.017241,41.105522,29.015884,41.105961,38.778933
1066,29.015450,41.106080,69,29.015577,41.105789,,,29.019251,41.106758,29.016376,41.106003,78.099260
1067,29.015430,41.106020,76,29.015865,41.105671,,,29.018749,41.106773,29.016495,41.105915,89.969734
1068,29.015410,41.105990,9,29.015446,41.105976,,,29.019045,41.106743,29.016232,41.106144,70.928978
1069,29.015400,41.105960,74,29.015993,41.106171,,,29.019045,41.106735,29.016657,41.106293,111.616882
1070,29.015380,41.105920,70,29.016190,41.105080,,,29.019012,41.106770,29.016806,41.105450,130.395236
1071,29.015360,41.105900,81,29.016190,41.105080,,,29.019012,41.106770,29.016806,41.105450,131.066343
1072,29.015360,41.105880,73,29.015888,41.106186,,,29.018837,41.106770,29.016533,41.106312,109.373120
1073,29.015350,41.105850,75,29.015562,41.105900,,,29.022024,41.106777,29.016968,41.106094,138.241454
1075,29.015340,41.105830,75,29.015562,41.105900,,,29.022024,41.106777,29.016968,41.106094,139.514655
1077,29.015340,41.105790,79,29.015987,41.104954,,,29.019011,41.106750,29.016647,41.105347,120.116973
1078,29.015340,41.105740,77,29.015734,41.105927,,,29.019011,41.106750,29.016447,41.106110,101.453295
1079,29.015340,41.105680,75,29.015770,41.105633,,,29.023016,41.105068,29.017347,41.105515,169.188700
1081,29.015360,41.105620,76,29.015770,41.105633,,,29.023016,41.105068,29.017347,41.105515,166.922099
1082,29.015370,41.105560,75,29.016649,41.105267,,,29.018755,41.105320,29.017109,41.105282,148.943203
1083,29.015380,41.105530,8,29.016649,41.105267,,,29.018755,41.105320,29.017109,41.105282,147.463249
1084,29.015400,41.105500,70,29.015739,41.104599,,,29.018652,41.105328,29.016376,41.104759,116.099050
1085,29.015440,41.105450,73,29.016325,41.105347,,,29.018408,41.105255,29.016779,41.105328,113.006825
1086,29.015470,41.105420,9,29.015488,41.105480,,,29.018408,41.105255,29.016123,41.105434,54.720173
1087,29.015490,41.105380,66,29.015488,41.105480,,,29.023016,41.105068,29.017126,41.105392,137.087149
1088,29.015520,41.105350,7,29.015488,41.105480,,,29.023016,41.105068,29.017126,41.105392,134.649401
1089,29.015540,41.105310,71,29.016743,41.104679,,,29.023016,41.105068,29.018110,41.104767,223.661855
1090,29.015600,41.105250,72,29.016754,41.104679,,,29.023016,41.105068,29.018118,41.104767,217.698503
1091,29.015630,41.105220,6,29.016840,41.105431,,,29.023016,41.105068,29.018185,41.105354,214.564462
1092,29.015670,41.105180,69,29.015841,41.105145,,,29.023016,41.105068,29.017403,41.105129,145.281137
1093,29.015720,41.105130,77,29.015841,41.105145,,,29.023016,41.105068,29.017403,41.105129,140.982249
1094,29.015780,41.105070,71,29.016489,41.104939,,,29.023016,41.105068,29.017912,41.104969,178.976877
1095,29.015840,41.105000,74,29.015879,41.104530,,,29.023016,41.105068,29.017433,41.104652,138.968553
1097,29.015890,41.104950,72,29.015879,41.104530,,,29.023016,41.105068,29.017433,41.104652,133.463591
1098,29.015940,41.104900,74,29.016056,41.104786,,,29.023016,41.105068,29.017572,41.104851,136.882357
1100,29.015990,41.104840,76,29.016056,41.104786,,,29.023016,41.105068,29.017572,41.104851,132.589008
1101,29.016060,41.104780,76,29.016186,41.104263,,,29.023016,41.105068,29.017673,41.104439,140.412356
1102,29.016110,41.104710,73,29.016186,41.104263,,,29.023016,41.105068,29.017673,41.104439,134.426307
1104,29.016160,41.104660,73,29.016092,41.104588,,,29.023016,41.105068,29.017601,41.104694,120.797850
1105,29.016180,41.104640,75,29.016092,41.104588,,,29.023016,41.105068,29.017601,41.104694,119.215054
1106,29.016190,41.104620,75,29.016230,41.104534,,,29.023016,41.105068,29.017708,41.104652,127.224272
1107,29.016200,41.104600,74,29.016264,41.104568,,,29.023016,41.105068,29.017735,41.104683,128.902903
1108,29.016210,41.104590,80,29.016230,41.104668,,,29.023016,41.105068,29.017708,41.104759,126.900147
1109,29.016220,41.104570,70,29.016279,41.104603,,,29.023016,41.105068,29.017746,41.104706,128.744590
1110,29.016240,41.104560,75,29.016268,41.104439,,,29.023016,41.105068,29.017738,41.104580,125.560549
1111,29.016250,41.104550,83,29.016268,41.104439,,,29.023016,41.105068,29.017738,41.104580,124.747531
1112,29.016260,41.104540,62,29.016201,41.104561,,,29.023016,41.105068,29.017687,41.104675,120.493146
1113,29.016270,41.104530,9,29.016293,41.104515,,,29.023016,41.105068,29.017756,41.104637,125.034587
1114,29.016280,41.104510,71,29.016298,41.104507,,,29.023016,41.105068,29.017761,41.104633,124.862642
1115,29.016320,41.104470,73,29.016293,41.104546,,,29.023016,41.105068,29.017756,41.104664,122.192567
1117,29.016360,41.104440,74,29.016293,41.104546,,,29.023016,41.105068,29.017756,41.104664,119.544948
1119,29.016390,41.104420,73,29.016447,41.104362,,,29.023016,41.105068,29.017879,41.104519,125.282659
1120,29.016440,41.104370,76,29.016447,41.104362,,,29.023016,41.105068,29.017879,41.104519,121.740859
1122,29.016480,41.104320,74,29.016489,41.104473,,,29.023016,41.105068,29.017912,41.104607,124.136359
1124,29.016520,41.104270,76,29.016468,41.104340,,,29.023016,41.105068,29.017895,41.104500,117.986162
1125,29.016580,41.104220,75,29.016556,41.104263,,,29.023016,41.105068,29.017962,41.104439,118.280589
1127,29.016620,41.104160,81,29.016777,41.104351,,,29.023016,41.105068,29.018135,41.104511,132.816063
1128,29.016670,41.104100,75,29.016668,41.104954,,,29.023016,41.105068,29.018053,41.104980,151.702504
1130,29.016730,41.103990,76,29.016823,41.104118,,,29.023016,41.105068,29.018173,41.104328,126.634257
1131,29.016790,41.103930,73,29.016823,41.104118,,,29.023016,41.105068,29.018173,41.104328,124.064273
1132,29.016810,41.103900,5,29.016823,41.104118,,,29.023016,41.105068,29.018173,41.104328,123.745050
1133,29.016830,41.103880,75,29.016888,41.103809,,,29.023016,41.105068,29.018223,41.104088,118.965901
1134,29.016870,41.103830,71,29.016888,41.103809,,,29.023016,41.105068,29.018223,41.104088,116.917786
1135,29.016890,41.103800,5,29.016897,41.103500,,,29.023016,41.105068,29.018230,41.103844,112.417051
1136,29.016910,41.103770,70,29.016897,41.103500,,,29.023016,41.105068,29.018230,41.103844,110.939317
1137,29.016930,41.103740,5,29.016945,41.103718,,,29.023016,41.105068,29.018269,41.104015,116.260723
1138,29.016950,41.103710,71,29.016945,41.103718,,,29.023016,41.105068,29.018269,41.104015,115.580602
1139,29.016990,41.103660,73,29.017065,41.103603,,,29.021946,41.105263,29.018127,41.103970,101.329622
1141,29.017020,41.103630,94,29.017065,41.103603,,,29.021946,41.105263,29.018127,41.103970,100.178281
1142,29.017030,41.103620,7,29.017492,41.104267,,,29.020786,41.105015,29.018213,41.104431,134.032420
1143,29.017040,41.103610,76,29.017492,41.104267,,,29.020786,41.105015,29.018213,41.104431,134.168095
1144,29.017040,41.103600,63,29.017061,41.103584,,,29.020012,41.104996,29.017706,41.103897,64.842066
1145,29.017050,41.103580,78,29.017086,41.103657,,,29.021460,41.105133,29.018040,41.103981,94.153637
1146,29.017060,41.103570,69,29.017107,41.103477,,,29.019547,41.105099,29.017639,41.103832,56.613993
1147,29.017080,41.103550,72,29.017107,41.103477,,,29.019547,41.105099,29.017639,41.103832,56.391142
1148,29.017090,41.103540,73,29.017090,41.103436,,,29.021074,41.105076,29.017960,41.103794,78.147887
1149,29.017110,41.103530,70,29.017139,41.103485,,,29.020042,41.105190,29.017775,41.103863,66.856532
1150,29.017130,41.103490,67,29.017139,41.103485,,,29.020042,41.105190,29.017775,41.103863,68.080205
1152,29.017180,41.103430,71,29.017185,41.103432,,,29.021341,41.105125,29.018093,41.103802,86.959186
1153,29.017220,41.103400,68,29.017248,41.103371,,,29.017244,41.103535,29.017246,41.103409,2.407613
1155,29.017250,41.103360,70,29.017269,41.103348,,,29.017361,41.103474,29.017290,41.103378,3.928922
1157,29.017290,41.103310,71,29.017849,41.103504,,,29.017494,41.103294,29.017775,41.103462,43.988958
1158,29.017320,41.103250,73,29.017849,41.103504,,,29.018896,41.104588,29.018080,41.103745,84.118624
1160,29.017360,41.103190,71,29.017397,41.103138,,,29.018803,41.104729,29.017706,41.103485,43.781818
1162,29.017400,41.103140,73,29.017429,41.103073,,,29.017452,41.103058,29.017435,41.103069,8.392250
1163,29.017430,41.103080,72,29.017429,41.103073,,,29.017452,41.103058,29.017435,41.103069,1.262890
1164,29.017470,41.103030,72,29.017473,41.103024,,,29.017462,41.103046,29.017473,41.103031,0.299035
1166,29.017500,41.102980,71,29.017496,41.102997,,,29.019072,41.104527,29.017841,41.103333,48.523067
1168,29.017530,41.102920,77,29.017658,41.102821,,,29.018944,41.102859,29.017939,41.102833,35.583958
1169,29.017550,41.102860,67,29.017658,41.102821,,,29.018944,41.102859,29.017939,41.102833,32.701714
1171,29.017590,41.102800,72,29.017574,41.102859,,,29.018862,41.104591,29.017857,41.103241,53.881736
1172,29.017600,41.102740,69,29.017574,41.102665,,,29.019087,41.105209,29.017904,41.103222,59.340265
1174,29.017630,41.102690,73,29.017714,41.102627,,,29.019053,41.105213,29.018007,41.103195,64.458391
1175,29.017680,41.102630,73,29.017706,41.102558,,,29.019186,41.105206,29.018030,41.103138,63.649379
1177,29.017720,41.102550,67,29.017706,41.102558,,,29.019186,41.105206,29.018030,41.103138,70.355181
1179,29.017780,41.102470,68,29.017891,41.102161,,,29.018450,41.105129,29.018015,41.102810,42.613768
1180,29.017820,41.102400,71,29.017891,41.102161,,,29.018450,41.105129,29.018015,41.102810,48.416882
1182,29.017860,41.102330,75,29.017925,41.102325,,,29.018362,41.105209,29.018023,41.102955,70.803871
1184,29.017900,41.102270,76,29.017912,41.102245,,,29.020531,41.105129,29.018484,41.102875,83.170717
1185,29.017940,41.102210,70,29.018221,41.102539,,,29.018471,41.104271,29.018278,41.102917,83.534390
1186,29.017970,41.102180,5,29.018221,41.102539,,,29.018471,41.104271,29.018278,41.102917,85.891187
1187,29.017990,41.102140,69,29.018007,41.102268,,,29.018242,41.104244,29.018059,41.102699,62.455508
1188,29.018050,41.102070,79,29.018322,41.102222,,,29.017921,41.102020,29.018234,41.102180,19.729840
1189,29.018110,41.101990,78,29.018322,41.102222,,,29.017921,41.102020,29.018234,41.102180,23.600969
1190,29.018150,41.101940,5,29.018198,41.102177,,,29.019535,41.102154,29.018492,41.102177,38.890681
1191,29.018180,41.101900,73,29.019102,41.102165,,,29.018597,41.104813,29.018995,41.102741,115.830199
1192,29.018250,41.101810,75,29.019102,41.102165,,,29.018597,41.104813,29.018995,41.102741,120.921877
1193,29.018330,41.101730,99,29.017578,41.103146,,,29.018507,41.105354,29.017782,41.103630,216.205806
1194,29.018360,41.101690,5,29.017578,41.103146,,,29.018507,41.105354,29.017782,41.103630,221.091027
1195,29.018410,41.101660,76,29.018579,41.101688,,,29.018507,41.105354,29.018566,41.102489,93.156180
1197,29.018500,41.101590,73,29.017790,41.102760,,,29.018557,41.104134,29.017958,41.103062,169.834632
1198,29.018550,41.101550,5,29.017633,41.101776,,,29.018858,41.103725,29.017902,41.102203,90.679992
1199,29.018600,41.101510,73,29.018698,41.101517,,,29.018927,41.103493,29.018749,41.101952,50.670770
1200,29.018700,41.101440,73,29.018698,41.101517,,,29.018927,41.103493,29.018749,41.101952,57.036629
1202,29.018800,41.101370,73,29.017441,41.101559,,,29.020119,41.104832,29.018026,41.102272,119.425971
1204,29.018890,41.101340,77,29.018957,41.101318,,,29.019793,41.104614,29.019140,41.102039,80.540054
1205,29.018970,41.101290,77,29.019014,41.101265,,,29.019119,41.101887,29.019037,41.101402,13.697854
1207,29.019050,41.101270,76,29.018751,41.101280,,,29.019119,41.101357,29.018831,41.101299,18.616012
1208,29.019090,41.101260,75,29.019178,41.101269,,,29.019018,41.101368,29.019146,41.101292,5.863546
1209,29.019130,41.101260,79,29.018761,41.101955,,,29.020216,41.101646,29.019077,41.101891,70.254419
1210,29.019160,41.101240,74,29.018761,41.101955,,,29.020216,41.101646,29.019077,41.101891,72.670537
1211,29.019180,41.101240,74,29.019146,41.101208,,,29.019262,41.101597,29.019171,41.101292,5.795872
1213,29.019210,41.101230,75,29.019272,41.101200,,,29.019272,41.101330,29.019274,41.101231,5.342779
1215,29.019260,41.101220,76,29.019323,41.101200,,,29.019098,41.101807,29.019276,41.101337,13.123745
1216,29.019310,41.101210,74,29.019056,41.101257,,,29.019716,41.101410,29.019203,41.101292,12.749337
1218,29.019360,41.101190,74,29.019056,41.101257,,,29.019716,41.101410,29.019203,41.101292,17.332678
1220,29.019400,41.101190,79,29.019413,41.101181,,,29.019398,41.101448,29.019411,41.101242,5.863473
1221,29.019440,41.101180,76,29.019539,41.101109,,,29.019566,41.101109,29.019547,41.101109,11.948452
1222,29.019470,41.101170,73,29.019617,41.101170,,,29.019558,41.101234,29.019604,41.101185,11.326228
1224,29.019510,41.101150,76,29.019562,41.101257,,,29.019300,41.101276,29.019506,41.101265,12.785711
1225,29.019570,41.101150,77,29.019264,41.101784,,,29.019653,41.101112,29.019352,41.101639,57.339866
1226,29.019630,41.101130,34,29.019264,41.101784,,,29.019653,41.101112,29.019352,41.101639,61.184358
1227,29.019660,41.101130,44,29.019325,41.101219,,,29.018965,41.101486,29.019249,41.101280,38.277697
1228,29.019690,41.101120,34,29.019325,41.101219,,,29.018965,41.101486,29.019249,41.101280,41.024804
1229,29.019720,41.101110,44,29.019594,41.101273,,,29.020111,41.101444,29.019707,41.101311,22.347850
1230,29.019750,41.101100,78,29.019794,41.101692,,,29.020731,41.101513,29.020000,41.101654,65.084105
1231,29.019800,41.101090,35,29.019794,41.101692,,,29.020731,41.101513,29.020000,41.101654,64.929929
1232,29.019830,41.101080,43,29.019857,41.101318,,,29.020203,41.101551,29.019934,41.101372,33.586261
1233,29.019860,41.101080,76,29.019857,41.101318,,,29.020203,41.101551,29.019934,41.101372,33.025315
1234,29.019930,41.101060,34,29.020184,41.100838,,,29.021059,41.101593,29.020374,41.101006,37.717280
1235,29.019970,41.101050,43,29.019823,41.101067,,,29.020645,41.104790,29.020002,41.101879,92.233800
1236,29.020010,41.101040,75,29.019823,41.101067,,,29.020645,41.104790,29.020002,41.101879,93.308066
1237,29.020100,41.101010,35,29.019514,41.101749,,,29.020321,41.104778,29.019690,41.102413,159.771439
1238,29.020160,41.101000,43,29.020222,41.101723,,,29.020407,41.102463,29.020264,41.101887,98.983926
1239,29.020220,41.100990,76,29.020264,41.101707,,,29.020418,41.102840,29.020300,41.101955,107.557740
1240,29.020370,41.100950,35,29.020264,41.101707,,,29.020418,41.102840,29.020300,41.101955,111.951059
1241,29.020450,41.100920,42,29.020264,41.101707,,,29.020418,41.102840,29.020300,41.101955,115.817568
1242,29.020520,41.100890,34,29.020641,41.100903,,,29.021404,41.101925,29.020811,41.101128,35.958701
1243,29.020600,41.100860,43,29.020641,41.100903,,,29.021404,41.101925,29.020811,41.101128,34.617734
1244,29.020670,41.100830,75,29.020950,41.100792,,,29.020880,41.101753,29.020937,41.101006,29.689219
1245,29.020790,41.100770,32,29.020950,41.100792,,,29.019979,41.101929,29.020741,41.101044,30.715408
1246,29.020840,41.100750,44,29.020950,41.100792,,,29.019979,41.101929,29.020741,41.101044,33.705297
1247,29.020890,41.100730,34,29.020832,41.100727,,,29.020359,41.105453,29.020731,41.101757,114.977451
1248,29.020930,41.100710,42,29.020817,41.100662,,,29.020344,41.105450,29.020716,41.101707,112.356285
1249,29.020980,41.100690,35,29.020817,41.100662,,,29.020344,41.105450,29.020716,41.101707,115.283118
1250,29.021010,41.100670,40,29.020817,41.100662,,,29.020344,41.105450,29.020716,41.101707,117.966101
1251,29.021050,41.100660,77,29.020718,41.100639,,,29.019091,41.103882,29.020365,41.101349,95.729860
1252,29.021100,41.100630,76,29.020859,41.100685,,,29.020039,41.102936,29.020683,41.101177,70.154198
1253,29.021130,41.100630,77,29.020859,41.100685,,,29.020039,41.102936,29.020683,41.101177,71.438601
1254,29.021160,41.100610,71,29.021141,41.100525,,,29.020361,41.105236,29.020973,41.101551,105.804725
1255,29.021190,41.100580,42,29.021141,41.100525,,,29.020361,41.105236,29.020973,41.101551,109.493861
1256,29.021210,41.100570,36,29.021059,41.100567,,,29.019339,41.105423,29.020685,41.101624,125.129134
1257,29.021230,41.100560,40,29.021059,41.100567,,,29.019339,41.105423,29.020685,41.101624,126.764564
1258,29.021250,41.100550,43,29.021059,41.100567,,,29.019339,41.105423,29.020685,41.101624,128.410665
1259,29.021270,41.100540,68,29.020781,41.100567,,,29.020166,41.105408,29.020647,41.101620,130.915509
1260,29.021310,41.100510,41,29.021372,41.100471,,,29.020285,41.105465,29.021137,41.101562,117.924539
1261,29.021330,41.100500,36,29.021372,41.100441,,,29.020292,41.105259,29.021139,41.101490,111.240789
1262,29.021350,41.100490,77,29.021433,41.100407,,,29.019093,41.103924,29.020926,41.101173,83.902578
1263,29.021410,41.100440,73,29.021427,41.100384,,,29.019331,41.105404,29.020971,41.101479,121.193685
1264,29.021450,41.100400,39,29.021427,41.100384,,,29.019331,41.105404,29.020971,41.101479,126.462004
1265,29.021470,41.100380,37,29.021427,41.100384,,,29.019331,41.105404,29.020971,41.101479,129.105636
1266,29.021490,41.100360,74,29.021441,41.100449,,,29.025787,41.101654,29.022388,41.100712,84.841209
1267,29.021540,41.100330,35,29.021441,41.100449,,,29.025787,41.101654,29.022388,41.100712,82.806423
1268,29.021550,41.100310,43,29.021667,41.100231,,,29.021725,41.103863,29.021681,41.101025,80.215603
1269,29.021570,41.100300,32,29.021667,41.100231,,,29.021725,41.103863,29.021681,41.101025,81.108337
1270,29.021610,41.100280,40,29.021667,41.100231,,,29.021725,41.103863,29.021681,41.101025,83.011267
1271,29.021640,41.100250,77,29.021767,41.100224,,,29.022619,41.100571,29.021954,41.100300,26.853723
1272,29.021720,41.100190,74,29.021151,41.100166,,,29.023291,41.105488,29.021618,41.101326,126.605625
1273,29.021820,41.100110,72,29.022009,41.099968,,,29.023401,41.100807,29.022316,41.100155,41.857710
1274,29.021930,41.100040,35,29.022009,41.099968,,,29.023401,41.100807,29.022316,41.100155,34.773223
1275,29.021980,41.100000,40,29.022009,41.099968,,,29.023401,41.100807,29.022316,41.100155,33.002142
1276,29.022040,41.099960,77,29.022190,41.099895,,,29.023376,41.100826,29.022451,41.100098,37.717775
1277,29.022150,41.099890,33,29.022190,41.099895,,,29.023376,41.100826,29.022451,41.100098,34.219631
1278,29.022210,41.099850,44,29.022350,41.099747,,,29.023220,41.100819,29.022541,41.099983,31.446526
1279,29.022270,41.099810,74,29.022705,41.099648,,,29.023401,41.104275,29.022860,41.100658,106.491718
1280,29.022400,41.099740,70,29.022623,41.099579,,,29.023626,41.100800,29.022842,41.099846,38.895356
1281,29.022530,41.099670,36,29.022623,41.099579,,,29.023626,41.100800,29.022842,41.099846,32.676614
1282,29.022600,41.099640,42,29.022623,41.099579,,,29.023626,41.100800,29.022842,41.099846,30.605369
1283,29.022660,41.099600,71,29.022741,41.099552,,,29.021128,41.101585,29.022390,41.099998,49.736172
1284,29.022790,41.099550,42,29.022741,41.099552,,,29.021128,41.101585,29.022390,41.099998,60.067999
1285,29.022860,41.099520,33,29.022741,41.099552,,,29.021128,41.101585,29.022390,41.099998,66.175754
1286,29.022930,41.099500,71,29.022430,41.105431,,,29.021126,41.101559,29.022148,41.104591,569.912392
1287,29.023060,41.099450,35,29.022430,41.105431,,,29.021126,41.101559,29.022148,41.104591,576.777290
1288,29.023130,41.099440,41,29.022430,41.105431,,,29.021126,41.101559,29.022148,41.104591,578.684153
1289,29.023200,41.099430,72,29.023308,41.099369,,,29.021235,41.101517,29.022860,41.099838,53.614359
1290,29.023340,41.099400,42,29.023308,41.099369,,,29.021235,41.101517,29.022860,41.099838,63.208980
1291,29.023430,41.099400,33,29.023308,41.099369,,,29.021235,41.101517,29.022860,41.099838,68.259964
1292,29.023510,41.099390,34,29.016701,41.105473,,,29.021547,41.101505,29.017759,41.104614,754.742012
1293,29.023590,41.099380,38,29.016701,41.105473,,,29.023134,41.100426,29.018103,41.104378,721.271099
1294,29.023670,41.099370,73,29.023552,41.099422,,,29.023191,41.100437,29.023474,41.099644,34.593745
1295,29.023830,41.099330,40,29.023552,41.099422,,,29.021540,41.101505,29.023115,41.099880,85.621439
1296,29.023920,41.099310,32,29.024076,41.099258,,,29.022078,41.101963,29.023645,41.099850,64.271892
1297,29.024000,41.099290,35,29.024076,41.099258,,,29.022078,41.101963,29.023645,41.099850,68.964951
1298,29.024080,41.099270,38,29.024076,41.099258,,,29.022078,41.101963,29.023645,41.099850,74.035238
1299,29.024160,41.099250,35,29.016699,41.105473,,,29.023188,41.100769,29.018112,41.104454,769.183515
1300,29.024250,41.099230,31,29.022402,41.105438,,,29.022940,41.100330,29.022522,41.104328,585.087858
1301,29.024330,41.099200,68,29.024326,41.099606,,,29.023529,41.100731,29.024157,41.099850,73.690570
1302,29.024490,41.099160,67,29.024326,41.099606,,,29.023529,41.100731,29.024157,41.099850,81.621929
1303,29.024640,41.099110,71,29.020256,41.099266,,,29.023590,41.100697,29.020985,41.099579,310.698990
1304,29.024800,41.099070,42,29.020256,41.099266,,,29.023815,41.100704,29.021034,41.099583,320.653409
1305,29.024860,41.099050,32,29.016649,41.105808,,,29.023327,41.100449,29.018105,41.104645,841.083941
1306,29.024930,41.099030,70,29.025057,41.099014,,,29.019094,41.105320,29.023760,41.100391,180.359904
1307,29.025060,41.099000,71,29.025297,41.099026,,,29.021526,41.101482,29.024477,41.099564,79.459878
1308,29.025170,41.098990,41,29.025297,41.099026,,,29.021526,41.101482,29.024477,41.099564,86.255345
1309,29.025230,41.098980,33,29.025297,41.099026,,,29.021526,41.101482,29.024477,41.099564,90.510942
1310,29.025290,41.098960,72,29.025494,41.098961,,,29.021294,41.101532,29.024582,41.099522,86.142872
1311,29.025400,41.098950,72,29.025595,41.098934,,,29.021706,41.101452,29.024748,41.099483,80.654896
1312,29.025510,41.098950,38,29.025595,41.098934,,,29.021706,41.101452,29.024748,41.099483,87.163898
1313,29.025570,41.098950,31,29.025644,41.098930,,,29.021702,41.101456,29.024788,41.099483,88.395758
1314,29.025640,41.098950,39,29.016460,41.106304,,,29.021702,41.101456,29.017603,41.105251,971.825609
1315,29.025690,41.098960,31,29.016460,41.106304,,,29.021702,41.101456,29.017603,41.105251,973.934348
1316,29.025750,41.098960,69,29.017365,41.106304,,,29.021931,41.101460,29.018360,41.105251,934.231755
1317,29.025870,41.098970,65,29.025938,41.099102,,,29.026524,41.100334,29.026068,41.099373,47.762362
1318,29.025980,41.098990,49,29.025938,41.099102,,,29.026524,41.100334,29.026068,41.099373,43.202584
1319,29.026040,41.099000,26,29.025349,41.098991,,,29.026865,41.100380,29.025681,41.099297,44.662242
1320,29.026100,41.099020,48,29.025349,41.098991,,,29.026865,41.100380,29.025681,41.099297,46.702555
1321,29.026170,41.099040,24,29.025349,41.098991,,,29.026865,41.100380,29.025681,41.099297,49.960157
1322,29.026230,41.099060,61,29.016495,41.106304,,,29.026878,41.100784,29.018755,41.105106,918.864016
1323,29.026370,41.099100,36,29.017811,41.106304,,,29.026871,41.100441,29.019785,41.105030,859.790503
1324,29.026440,41.099120,33,29.016460,41.106304,,,29.026503,41.100792,29.018648,41.105106,932.384823
1325,29.026510,41.099150,47,29.016460,41.106304,,,29.026503,41.100792,29.018648,41.105106,934.132955
1326,29.026660,41.099200,28,29.023243,41.105949,,,29.023243,41.100426,29.023245,41.104748,680.022347
1327,29.026800,41.099260,9,29.023243,41.105949,,,29.023119,41.100594,29.023218,41.104782,683.451690
1328,29.026860,41.099290,21,29.021053,41.100307,,,29.023214,41.100727,29.021523,41.100399,463.930901
1329,29.026930,41.099320,19,29.021053,41.100307,,,29.023214,41.100727,29.021523,41.100399,468.722901
1330,29.026990,41.099350,42,29.021053,41.100307,,,29.023224,41.100639,29.021526,41.100380,471.921633
1331,29.027060,41.099390,6,29.021229,41.104637,,,29.023224,41.100639,29.021664,41.103767,664.356431
1332,29.027120,41.099430,16,29.021229,41.104637,,,29.023224,41.100651,29.021664,41.103771,664.861080
1333,29.027180,41.099470,25,29.021229,41.104637,,,29.023224,41.100651,29.021664,41.103771,665.122587
1334,29.027300,41.099550,9,29.021229,41.104637,,,29.021441,41.101646,29.021276,41.103989,705.925691
1335,29.027360,41.099590,14,29.021229,41.104637,,,29.021521,41.101654,29.021292,41.103992,705.814139
1336,29.027420,41.099630,23,29.021229,41.104637,,,29.021509,41.101624,29.021292,41.103985,705.800265
1337,29.027540,41.099720,17,29.021229,41.104637,,,29.021502,41.101627,29.021290,41.103985,706.509945
1338,29.027640,41.099800,18,29.021229,41.104637,,,29.021502,41.101627,29.021290,41.103985,706.855314
1340,29.027810,41.099880,14,29.021229,41.104637,,,29.021509,41.101505,29.021292,41.103958,709.879817
1341,29.027860,41.099910,18,29.021229,41.104637,,,29.021526,41.101601,29.021296,41.103977,712.089077
1342,29.027970,41.099940,22,29.021229,41.104637,,,29.021564,41.101460,29.021303,41.103947,714.520168
1343,29.028080,41.099940,5,29.021229,41.104637,,,29.021564,41.101460,29.021303,41.103947,721.748828
1344,29.028150,41.099940,14,29.021229,41.104637,,,29.021526,41.101543,29.021296,41.103966,728.179132
1345,29.028210,41.099930,17,29.021229,41.104637,,,29.023226,41.100552,29.021664,41.103752,693.901049
1346,29.028360,41.099900,16,29.021229,41.104637,,,29.023226,41.100552,29.021664,41.103752,705.897653
1347,29.028510,41.099860,6,29.021229,41.104637,,,29.019567,41.105461,29.020868,41.104820,845.096831
1348,29.028590,41.099840,12,29.021229,41.104637,,,29.019567,41.105461,29.020868,41.104820,851.631281
1349,29.028660,41.099830,7,29.021229,41.104637,,,29.021526,41.101604,29.021296,41.103977,770.343885
1350,29.028730,41.099810,14,29.021229,41.104637,,,29.019602,41.105343,29.020876,41.104794,860.324033
1351,29.028810,41.099780,22,29.021229,41.104637,,,29.019575,41.105324,29.020870,41.104790,867.697123
1352,29.028950,41.099740,16,29.021229,41.104637,,,29.019575,41.105324,29.020870,41.104790,879.556302
1353,29.029070,41.099700,6,29.021229,41.104637,,,29.019571,41.105221,29.020868,41.104767,888.647881
1354,29.029130,41.099670,14,29.021229,41.104637,,,29.019604,41.105385,29.020876,41.104801,896.580840
1355,29.029180,41.099630,21,29.021229,41.104637,,,29.019604,41.105385,29.020876,41.104801,902.643473
1357,29.029320,41.099560,17,29.021229,41.104637,,,29.019632,41.105350,29.020882,41.104794,915.736387
1358,29.029360,41.099540,7,29.021229,41.104637,,,29.019632,41.105350,29.020882,41.104794,919.737617
1359,29.029410,41.099530,14,29.021229,41.104637,,,29.019567,41.105350,29.020868,41.104794,924.547331
1361,29.029500,41.099510,14,29.021229,41.104637,,,29.019567,41.105350,29.020868,41.104794,931.797900
1362,29.029540,41.099500,18,29.021229,41.104637,,,29.019863,41.105339,29.020933,41.104790,930.617295
1363,29.029640,41.099510,6,29.021229,41.104637,,,29.019596,41.105350,29.020876,41.104794,940.432791
1364,29.029690,41.099510,15,29.021229,41.104637,,,29.019632,41.105328,29.020882,41.104790,943.068527
1365,29.029740,41.099520,21,29.021229,41.104637,,,29.019567,41.105282,29.020868,41.104778,945.752496
1366,29.029870,41.099530,20,29.021229,41.104637,,,29.019567,41.105282,29.020868,41.104778,953.656933
1367,29.029990,41.099560,6,29.021229,41.104912,,,29.019632,41.105347,29.020882,41.105011,974.594093
1368,29.030050,41.099570,77,29.021229,41.104912,,,29.019632,41.105347,29.020882,41.105011,977.847499
1370,29.030170,41.099590,15,29.021229,41.104637,,,29.019596,41.105278,29.020876,41.104778,969.161142
1371,29.030230,41.099600,18,29.021229,41.104637,,,29.019596,41.105278,29.020876,41.104778,972.546581
1372,29.030340,41.099630,18,29.021957,41.105465,,,29.019596,41.105278,29.021448,41.105427,985.171485
1373,29.030400,41.099650,22,29.021957,41.105465,,,29.019417,41.105282,29.021408,41.105427,990.082349
1374,29.030450,41.099670,6,29.021229,41.104637,,,29.019417,41.105282,29.020836,41.104778,985.684813
1375,29.030510,41.099680,15,29.021229,41.104637,,,29.019417,41.105282,29.020836,41.104778,989.159993
1376,29.030560,41.099700,18,29.021229,41.104637,,,29.019039,41.105267,29.020754,41.104774,996.743244
1377,29.030670,41.099720,5,29.021229,41.104637,,,29.019039,41.105267,29.020754,41.104774,1003.106764
1378,29.030720,41.099720,15,29.020903,41.105015,,,29.019194,41.105289,29.020531,41.105076,1040.945503
1379,29.030770,41.099730,73,29.030840,41.099922,,,29.019060,41.105225,29.028276,41.101078,257.146306
1380,29.030860,41.099740,127,29.030840,41.099922,,,29.019060,41.105225,29.028276,41.101078,262.679114
1382,29.030940,41.099750,28,29.022526,41.106007,,,29.019573,41.105347,29.021885,41.105865,1018.853302
1383,29.031020,41.099760,5,29.021229,41.104637,,,29.019140,41.105221,29.020775,41.104767,1023.166203
1385,29.031080,41.099780,5,29.021229,41.104637,,,29.019453,41.105354,29.020844,41.104797,1023.194100
1386,29.031120,41.099780,6,29.021229,41.104637,,,29.019453,41.105354,29.020844,41.104797,1026.005250
1387,29.031150,41.099780,5,29.021229,41.104637,,,29.019438,41.105301,29.020842,41.104782,1027.330462
1388,29.031150,41.099790,6,29.021229,41.104637,,,29.019176,41.105301,29.020782,41.104782,1030.900088
1389,29.031160,41.099790,11,29.021229,41.104637,,,29.019516,41.105358,29.020855,41.104797,1027.411017
1390,29.031170,41.099790,5,29.021229,41.104637,,,29.019583,41.105282,29.020870,41.104778,1025.892586
1391,29.031170,41.099810,6,29.021229,41.104637,,,29.019571,41.105259,29.020868,41.104774,1024.597810
1392,29.031160,41.099830,5,29.021229,41.104637,,,29.019484,41.105217,29.020851,41.104767,1023.452490
1393,29.031140,41.099850,6,29.021229,41.104637,,,29.019470,41.105228,29.020845,41.104771,1021.477721
1396,29.031040,41.099850,6,29.021229,41.104637,,,29.019485,41.105293,29.020851,41.104782,1014.695577
1399,29.030880,41.099840,6,29.021229,41.104637,,,29.019720,41.105328,29.020901,41.104790,1001.041612
1402,29.030680,41.099810,5,29.021229,41.104637,,,29.019520,41.105350,29.020859,41.104794,992.102950
1404,29.030570,41.099790,5,29.021229,41.104637,,,29.019520,41.105350,29.020859,41.104794,985.724964
1405,29.030440,41.099760,5,29.021229,41.104637,,,29.019632,41.105145,29.020882,41.104748,974.177567
1407,29.030320,41.099720,5,29.021229,41.104637,,,29.019632,41.105129,29.020882,41.104748,968.489205
1409,29.030080,41.099630,27,29.021229,41.104912,,,29.020554,41.105465,29.021082,41.105034,964.101740
1411,29.029960,41.099580,9,29.021229,41.104637,,,29.019945,41.105328,29.020950,41.104790,951.569804
1413,29.029830,41.099550,5,29.021229,41.104637,,,29.019945,41.105328,29.020950,41.104790,945.004702
1414,29.029700,41.099530,5,29.021229,41.104637,,,29.019485,41.105362,29.020851,41.104797,944.874385
1416,29.029580,41.099540,5,29.021229,41.104637,,,29.019619,41.105362,29.020882,41.104797,934.314386
1417,29.029460,41.099560,10,29.021229,41.104637,,,29.019571,41.105328,29.020868,41.104790,925.426819
1419,29.029340,41.099590,5,29.021229,41.104637,,,29.019598,41.105347,29.020876,41.104794,915.288933
1425,29.028860,41.099720,11,29.021229,41.104637,,,29.021526,41.101475,29.021296,41.103951,789.316979
1427,29.028720,41.099760,6,29.021229,41.104637,,,29.021526,41.101463,29.021296,41.103951,777.253841
1428,29.028570,41.099810,5,29.021229,41.104637,,,29.021526,41.101486,29.021296,41.103954,764.123016
1432,29.028150,41.099890,6,29.021229,41.104637,,,29.023193,41.100471,29.021658,41.103733,691.746816
1433,29.028090,41.099890,9,29.021229,41.104637,,,29.023193,41.100471,29.021658,41.103733,687.800417
1434,29.028020,41.099900,6,29.021229,41.104637,,,29.023216,41.100651,29.021664,41.103771,684.803069
1440,29.027700,41.099790,6,29.021229,41.104637,,,29.023216,41.100662,29.021664,41.103775,672.435343
1441,29.027610,41.099750,7,29.020889,41.105877,,,29.027411,41.100719,29.022310,41.104755,712.016895
1443,29.027510,41.099690,8,29.020889,41.105877,,,29.027411,41.100719,29.022310,41.104755,712.087061
1444,29.027470,41.099650,26,29.020889,41.105877,,,29.023247,41.100658,29.021402,41.104744,761.124265
1447,29.027320,41.099510,35,29.020983,41.106304,,,29.023237,41.100471,29.021473,41.105038,786.015605
1448,29.027210,41.099420,125,29.020985,41.106380,,,29.023226,41.100544,29.021473,41.105114,794.951213
1449,29.027090,41.099350,37,29.020985,41.106380,,,29.023226,41.100544,29.021473,41.105114,795.172244
1450,29.026970,41.099270,54,29.021420,41.106812,,,29.027412,41.100407,29.022726,41.105419,770.695014
1452,29.026840,41.099210,57,29.026482,41.106762,,,29.027248,41.100395,29.026651,41.105377,685.943136
1453,29.026700,41.099140,36,29.026482,41.106762,,,29.027248,41.100395,29.026651,41.105377,693.556656
1454,29.026630,41.099100,7,29.026482,41.106762,,,29.027281,41.100372,29.026659,41.105373,697.572550
1455,29.026550,41.099070,8,29.025488,41.106499,,,29.026529,41.102139,29.025717,41.105553,724.213358
1456,29.026370,41.099030,46,29.025488,41.106499,,,29.026529,41.102139,29.025717,41.105553,727.350420
1457,29.026190,41.098990,10,29.021229,41.104637,,,29.022993,41.100277,29.021614,41.103691,648.279702
1458,29.026100,41.098960,5,29.021229,41.104637,,,29.022993,41.100277,29.021614,41.103691,646.559602
1459,29.026010,41.098940,10,29.021229,41.104637,,,29.023211,41.100258,29.021662,41.103687,641.402004
1460,29.025840,41.098920,11,29.021229,41.104637,,,29.022856,41.100235,29.021584,41.103680,638.204447
1461,29.025750,41.098910,5,29.021229,41.104637,,,29.022938,41.100235,29.021603,41.103680,634.072225
1462,29.025660,41.098900,9,29.021229,41.104637,,,29.022993,41.100277,29.021614,41.103691,631.464204
1465,29.025290,41.098900,6,29.021229,41.104637,,,29.023144,41.100300,29.021648,41.103695,614.309404
1471,29.024810,41.099000,11,29.021229,41.104637,,,29.022942,41.100327,29.021603,41.103699,587.541882
1478,29.024110,41.099190,6,29.023386,41.105480,,,29.023811,41.100735,29.023479,41.104450,587.291681
1480,29.023850,41.099230,85,29.023386,41.105480,,,29.023811,41.100735,29.023479,41.104450,581.292359
1481,29.023770,41.099250,225,29.016697,41.105473,,,29.023760,41.100754,29.018238,41.104446,740.757294
1482,29.023600,41.099270,50,29.016697,41.105473,,,29.023733,41.100746,29.018232,41.104446,730.469108
1483,29.023440,41.099290,30,29.016697,41.105473,,,29.023733,41.100746,29.018232,41.104446,720.520922
1484,29.023370,41.099310,20,29.021507,41.105473,,,29.022945,41.100456,29.021822,41.104382,578.656731
1485,29.023300,41.099320,46,29.021507,41.105473,,,29.022945,41.100456,29.021822,41.104382,576.284265
1486,29.023230,41.099330,9,29.022442,41.105473,,,29.022959,41.100418,29.022556,41.104374,563.693193
1487,29.023170,41.099340,23,29.022442,41.105473,,,29.022959,41.100418,29.022556,41.104374,562.104659
1488,29.023110,41.099360,24,29.022442,41.105473,,,29.022959,41.100418,29.022556,41.104374,559.450793
1489,29.023040,41.099380,42,29.022438,41.105431,,,29.022619,41.100521,29.022478,41.104366,556.446907
1490,29.022990,41.099400,9,29.022438,41.105431,,,29.022619,41.100521,29.022478,41.104366,553.890851
1491,29.022930,41.099420,46,29.022785,41.099579,,,29.022654,41.100491,29.022758,41.099777,42.241290
1492,29.022820,41.099470,50,29.022606,41.099579,,,29.022478,41.100574,29.022581,41.099800,41.810213
1493,29.022700,41.099520,47,29.022606,41.099579,,,29.022478,41.100574,29.022581,41.099800,32.701420
1494,29.022590,41.099580,56,29.022604,41.099651,,,29.023577,41.100754,29.022818,41.099895,39.928922
1496,29.022490,41.099660,51,29.022650,41.099545,,,29.018919,41.103813,29.021841,41.100475,105.715795
1497,29.022380,41.099710,48,29.022663,41.099533,,,29.023149,41.105446,29.022772,41.100822,127.981809
1499,29.022270,41.099780,32,29.022438,41.105434,,,29.023149,41.105446,29.022594,41.105442,630.177572
1500,29.022210,41.099810,18,29.022438,41.105434,,,29.023149,41.105446,29.022594,41.105442,627.082991
1501,29.022160,41.099840,56,29.021889,41.100056,,,29.020363,41.105106,29.021559,41.101158,154.987101
1502,29.022060,41.099900,46,29.022255,41.099873,,,29.020769,41.103779,29.021933,41.100727,92.584709
1503,29.021970,41.099960,47,29.022255,41.099873,,,29.020769,41.103779,29.021933,41.100727,85.353093
1505,29.021880,41.100010,51,29.022280,41.099827,,,29.020725,41.103893,29.021944,41.100712,78.223406
1506,29.021810,41.100070,48,29.020262,41.100140,,,29.020401,41.102707,29.020294,41.100700,145.070735
1508,29.021750,41.100110,49,29.020262,41.100140,,,29.020401,41.102707,29.020294,41.100700,138.527670
1509,29.021710,41.100150,51,29.021837,41.100174,,,29.020519,41.102863,29.021553,41.100761,69.246540
1511,29.021670,41.100180,51,29.021608,41.100246,,,29.020481,41.101963,29.021364,41.100620,55.255611
1512,29.021630,41.100190,50,29.021366,41.100201,,,29.020554,41.102741,29.021193,41.100758,72.986005
1513,29.021600,41.100220,34,29.021366,41.100201,,,29.020554,41.102741,29.021193,41.100758,68.840710
1514,29.021580,41.100230,18,29.021534,41.100307,,,29.020428,41.104053,29.021296,41.101124,102.205151
1515,29.021560,41.100240,52,29.021534,41.100307,,,29.020428,41.104053,29.021296,41.101124,100.742369
1516,29.021530,41.100250,53,29.021523,41.100258,,,29.018660,41.103794,29.020901,41.101028,101.354132
1517,29.021510,41.100260,50,29.021587,41.100266,,,29.020554,41.103893,29.021362,41.101059,89.698127
1518,29.021490,41.100270,56,29.021587,41.100266,,,29.020554,41.103893,29.021362,41.101059,88.378437
1519,29.021470,41.100270,50,29.021473,41.100197,,,29.018656,41.102997,29.020861,41.100807,78.579824
1520,29.021460,41.100280,53,29.021479,41.100338,,,29.020670,41.103764,29.021305,41.101086,90.521159
1521,29.021450,41.100290,152,29.021362,41.100338,,,29.019716,41.103226,29.021006,41.100971,84.405136
1522,29.021430,41.100300,271,29.021456,41.100311,,,29.019970,41.102997,29.021133,41.100899,71.063869
1523,29.021430,41.100310,65,29.021465,41.100319,,,29.023016,41.105068,29.021803,41.101357,120.488187
