loc_id,true_lon,true_lat,num_rows,DL_lon,DL_lat,UL_lon,UL_lat,Scanner_lon,Scanner_lat,fused_lon,fused_lat,error_meters
4,29.029490,41.107230,554,29.029459,41.107178,29.024506,41.107037,29.029472,41.107273,29.027918,41.107151,132.011199
5,29.029470,41.107220,71,29.029427,41.107201,29.023933,41.107529,29.029222,41.107300,29.027687,41.107323,149.815069
6,29.029440,41.107240,72,29.029427,41.107201,29.023933,41.107529,29.029222,41.107300,29.027687,41.107323,147.153303
7,29.029410,41.107250,72,29.029358,41.107174,29.023615,41.107513,29.029226,41.107246,29.027550,41.107292,155.928674
8,29.029380,41.107270,62,29.029358,41.107174,29.023615,41.107513,29.029226,41.107246,29.027550,41.107292,153.364441
9,29.029360,41.107270,6,29.029358,41.107174,29.023615,41.107513,29.029226,41.107246,29.027550,41.107292,151.688997
12,29.029340,41.107280,72,29.029354,41.107220,29.023676,41.107483,29.029238,41.107254,29.027567,41.107307,148.586348
13,29.029300,41.107270,62,29.029226,41.107166,29.024593,41.107365,29.029125,41.107311,29.027767,41.107254,128.436667
14,29.029270,41.107260,6,29.029226,41.107166,29.024593,41.107365,29.029125,41.107311,29.027767,41.107254,125.912653
17,29.029250,41.107250,64,29.029209,41.107220,29.023155,41.107464,29.029219,41.107246,29.027325,41.107300,161.404692
18,29.029240,41.107240,6,29.029209,41.107220,29.023155,41.107464,29.029219,41.107246,29.027325,41.107300,160.609565
21,29.029220,41.107220,62,29.029106,41.107265,29.022089,41.107468,29.029207,41.107304,29.026934,41.107334,191.975879
22,29.029190,41.107200,7,29.029106,41.107265,29.022089,41.107468,29.029207,41.107304,29.026934,41.107334,189.629935
25,29.029170,41.107180,72,29.029024,41.107117,29.023125,41.107487,29.029188,41.107281,29.027210,41.107258,164.423354
26,29.029100,41.107140,60,29.029089,41.107170,29.022093,41.107517,29.029074,41.107220,29.026907,41.107288,184.478455
27,29.029070,41.107120,7,29.029089,41.107170,29.022093,41.107517,29.029074,41.107220,29.026907,41.107288,182.190264
30,29.029040,41.107090,64,29.029022,41.107235,29.024485,41.107555,29.028936,41.107086,29.027594,41.107311,123.655040
31,29.029000,41.107060,6,29.029022,41.107235,29.024485,41.107555,29.028936,41.107086,29.027594,41.107311,121.098396
34,29.028970,41.107030,68,29.028978,41.107124,29.023663,41.107479,29.028858,41.106972,29.027304,41.107216,141.130274
35,29.028880,41.106970,71,29.028854,41.106892,29.023405,41.107513,29.028728,41.106937,29.027138,41.107094,146.618974
36,29.028800,41.106900,70,29.028854,41.106892,29.023405,41.107513,29.028728,41.106937,29.027138,41.107094,140.926141
37,29.028730,41.106840,70,29.027052,41.106087,29.024464,41.105560,29.028542,41.106800,29.026472,41.106030,209.547131
38,29.028660,41.106790,59,29.027052,41.106087,29.024464,41.105560,29.028542,41.106800,29.026472,41.106030,201.876723
39,29.028620,41.106760,48,29.027052,41.106087,29.024464,41.105560,29.028542,41.106800,29.026472,41.106030,197.442943
42,29.028580,41.106730,54,29.027990,41.106804,29.022722,41.106548,29.028448,41.106659,29.026421,41.106705,180.945272
43,29.028510,41.106680,70,29.028189,41.106716,29.021286,41.106941,29.028431,41.106762,29.026075,41.106792,204.366078
44,29.028480,41.106650,6,29.028189,41.106716,29.021286,41.106941,29.028431,41.106762,29.026075,41.106792,202.091440
47,29.028450,41.106630,64,29.028368,41.106678,29.021852,41.106922,29.028364,41.106575,29.026337,41.106743,177.507185
48,29.028410,41.106600,6,29.028368,41.106678,29.021852,41.106922,29.028364,41.106575,29.026337,41.106743,174.436513
51,29.028380,41.106570,71,29.028353,41.106567,29.022022,41.106731,29.028294,41.106560,29.026371,41.106621,168.416608
52,29.028330,41.106530,64,29.028214,41.106564,29.023800,41.106644,29.028337,41.106483,29.026859,41.106575,123.324222
53,29.028300,41.106510,6,29.028214,41.106564,29.023800,41.106644,29.028337,41.106483,29.026859,41.106575,120.925381
56,29.028280,41.106490,63,29.028288,41.106544,29.022827,41.106766,29.028364,41.106560,29.026596,41.106617,141.791249
57,29.028260,41.106480,6,29.028288,41.106544,29.022827,41.106766,29.028364,41.106560,29.026596,41.106617,140.240408
60,29.028230,41.106460,67,29.028461,41.106899,29.023668,41.106564,29.028187,41.106468,29.026928,41.106735,113.302640
61,29.028210,41.106440,6,29.028461,41.106899,29.023668,41.106564,29.028187,41.106468,29.026928,41.106735,112.319912
64,29.028180,41.106420,73,29.027908,41.106300,29.024502,41.106342,29.028067,41.106377,29.026873,41.106327,110.023128
65,29.028130,41.106370,72,29.027908,41.106289,29.022100,41.106407,29.027988,41.106354,29.026114,41.106339,168.986532
66,29.028050,41.106320,30,29.027908,41.106289,29.022100,41.106407,29.027988,41.106354,29.026114,41.106339,162.260588
67,29.028020,41.106300,32,29.027908,41.106289,29.022100,41.106407,29.027988,41.106354,29.026114,41.106339,159.791400
69,29.028020,41.106300,8,29.027908,41.106289,29.022100,41.106407,29.027988,41.106354,29.026114,41.106339,159.791400
70,29.027980,41.106270,30,29.027767,41.106270,29.024117,41.106312,29.027899,41.106297,29.026651,41.106285,111.330101
71,29.027950,41.106250,32,29.027767,41.106270,29.024117,41.106312,29.027899,41.106297,29.026651,41.106285,108.873891
73,29.027950,41.106250,8,29.027679,41.106174,29.023701,41.106384,29.027885,41.106277,29.026472,41.106255,123.826781
74,29.027920,41.106230,72,29.027735,41.106300,29.023165,41.106503,29.027868,41.106247,29.026333,41.106354,133.688138
75,29.027880,41.106190,68,29.027735,41.106300,29.023165,41.106503,29.027868,41.106247,29.026333,41.106354,130.899355
76,29.027840,41.106170,30,29.022707,41.105080,29.026741,41.104790,29.027855,41.106266,29.024734,41.105171,282.906496
77,29.027820,41.106160,31,29.022707,41.105080,29.026741,41.104790,29.027855,41.106266,29.024734,41.105171,280.929051
79,29.027820,41.106160,8,29.022707,41.105072,29.026751,41.104790,29.027782,41.106167,29.024729,41.105152,282.205840
80,29.027810,41.106140,30,29.022707,41.105072,29.026751,41.104790,29.027782,41.106167,29.024729,41.105152,280.558967
81,29.027790,41.106130,31,29.022707,41.105072,29.026751,41.104790,29.027782,41.106167,29.024729,41.105152,278.581941
84,29.027780,41.106120,36,29.022707,41.105080,29.026836,41.104790,29.027756,41.106052,29.024754,41.105141,275.963537
85,29.027780,41.106100,31,29.022707,41.105080,29.026836,41.104790,29.027756,41.106052,29.024754,41.105141,275.093616
87,29.027780,41.106100,9,29.022697,41.105072,29.026850,41.104790,29.027775,41.106052,29.024754,41.105133,275.423697
88,29.027770,41.106090,69,29.022697,41.105072,29.026850,41.104790,29.027775,41.106052,29.024754,41.105133,274.219147
89,29.027770,41.106050,69,29.022661,41.105003,29.026867,41.104790,29.027769,41.105999,29.024738,41.105087,275.646840
90,29.027770,41.106010,64,29.022896,41.104973,29.027351,41.104790,29.027763,41.105953,29.025015,41.105064,253.658177
91,29.027780,41.105960,37,29.022896,41.104973,29.027351,41.104790,29.027763,41.105953,29.025015,41.105064,252.174074
92,29.027790,41.105930,39,29.022896,41.104973,29.027351,41.104790,29.027763,41.105953,29.025015,41.105064,251.649412
93,29.027790,41.105900,32,29.022701,41.105042,29.027319,41.104790,29.027773,41.105888,29.024904,41.105095,257.824592
94,29.027800,41.105870,42,29.022701,41.105042,29.027319,41.104790,29.027773,41.105888,29.024904,41.105095,257.474800
95,29.027810,41.105840,63,29.022686,41.105042,29.026773,41.104790,29.027773,41.105705,29.024725,41.105068,272.355771
96,29.027810,41.105770,36,29.022686,41.105042,29.026773,41.104790,29.027773,41.105705,29.024725,41.105068,270.004344
97,29.027810,41.105740,32,29.022686,41.105042,29.026773,41.104790,29.027773,41.105705,29.024725,41.105068,269.059236
99,29.027810,41.105740,8,29.022686,41.105042,29.026773,41.104790,29.027773,41.105705,29.024725,41.105068,269.059236
100,29.027810,41.105710,30,29.027750,41.105839,29.023918,41.105633,29.026165,41.105785,29.026320,41.105766,125.038177
101,29.027810,41.105670,32,29.027750,41.105839,29.023918,41.105633,29.026165,41.105785,29.026320,41.105766,125.339632
103,29.027810,41.105670,8,29.027750,41.105839,29.023918,41.105633,29.026165,41.105785,29.026320,41.105766,125.339632
104,29.027800,41.105640,32,29.027811,41.105663,29.025173,41.105614,29.027725,41.105732,29.026976,41.105659,69.103850
105,29.027780,41.105610,32,29.027811,41.105663,29.025173,41.105614,29.027725,41.105732,29.026976,41.105659,67.618442
107,29.027780,41.105610,8,29.027811,41.105663,29.025173,41.105614,29.027725,41.105732,29.026976,41.105659,67.618442
108,29.027770,41.105580,31,29.027796,41.105621,29.026543,41.105583,29.026827,41.105808,29.027258,41.105640,43.427496
109,29.027750,41.105550,32,29.027796,41.105621,29.026543,41.105583,29.026827,41.105808,29.027258,41.105640,42.437119
111,29.027750,41.105550,9,29.027735,41.105736,29.026766,41.105515,29.026888,41.105682,29.027308,41.105659,39.021791
112,29.027730,41.105520,74,29.027735,41.105736,29.026766,41.105515,29.026888,41.105682,29.027308,41.105659,38.647230
113,29.027690,41.105460,23,29.025003,41.105309,29.023165,41.105461,29.027563,41.105385,29.024815,41.105370,241.126162
114,29.027660,41.105440,32,29.025003,41.105309,29.023165,41.105461,29.027563,41.105385,29.024815,41.105370,238.531473
116,29.027660,41.105440,55,29.026968,41.105339,29.021021,41.105549,29.027536,41.105396,29.025202,41.105412,205.986064
117,29.027640,41.105420,50,29.026968,41.105339,29.021021,41.105549,29.027536,41.105396,29.025202,41.105412,204.288228
118,29.027580,41.105380,42,29.027370,41.105293,29.020630,41.105541,29.026405,41.105507,29.025126,41.105404,205.668499
119,29.027550,41.105360,32,29.027370,41.105293,29.020630,41.105541,29.026405,41.105507,29.025126,41.105404,203.196436
122,29.027530,41.105340,77,29.026707,41.105335,29.020630,41.105556,29.026339,41.105385,29.024755,41.105415,232.615820
123,29.027460,41.105320,28,29.022764,41.105049,29.025816,41.104790,29.027300,41.105335,29.024397,41.105011,258.934668
124,29.027430,41.105310,30,29.022764,41.105049,29.025816,41.104790,29.027300,41.105335,29.024397,41.105011,256.296938
127,29.027400,41.105300,37,29.022707,41.105045,29.025866,41.104790,29.027075,41.105354,29.024345,41.105011,257.942209
128,29.027360,41.105300,31,29.022707,41.105045,29.025866,41.104790,29.027075,41.105354,29.024345,41.105011,254.617231
130,29.027360,41.105300,9,29.022705,41.105045,29.026329,41.104790,29.026257,41.105431,29.024370,41.105026,252.346151
131,29.027320,41.105290,62,29.022688,41.105049,29.026421,41.104790,29.026094,41.105545,29.024363,41.105045,249.280431
132,29.027230,41.105280,37,29.022688,41.105049,29.026421,41.104790,29.026094,41.105545,29.024363,41.105045,241.663575
133,29.027180,41.105280,30,29.022688,41.105049,29.026421,41.104790,29.026094,41.105545,29.024363,41.105045,237.499210
136,29.027130,41.105270,71,29.022707,41.105049,29.026262,41.104790,29.026676,41.105267,29.024410,41.105003,229.797575
137,29.027050,41.105260,37,29.022707,41.105049,29.026262,41.104790,29.026676,41.105267,29.024410,41.105003,223.007406
138,29.027000,41.105250,30,29.022707,41.105049,29.026262,41.104790,29.026676,41.105267,29.024410,41.105003,218.711013
141,29.026960,41.105250,37,29.022707,41.105045,29.026196,41.104790,29.026720,41.105301,29.024397,41.105003,216.496045
142,29.026910,41.105240,31,29.022707,41.105045,29.026196,41.104790,29.026720,41.105301,29.024397,41.105003,212.200428
145,29.026860,41.105240,38,29.022707,41.105045,29.026003,41.104790,29.026609,41.105251,29.024321,41.105000,214.439142
146,29.026810,41.105230,31,29.022707,41.105045,29.026003,41.104790,29.026609,41.105251,29.024321,41.105000,210.144713
149,29.026770,41.105220,69,29.022707,41.105045,29.025852,41.104790,29.026554,41.105213,29.024265,41.104992,211.386458
150,29.026680,41.105210,70,29.022707,41.105045,29.025927,41.104790,29.026474,41.105225,29.024277,41.104996,202.764605
151,29.026590,41.105190,36,29.022707,41.105045,29.025927,41.104790,29.026474,41.105225,29.024277,41.104996,195.019306
152,29.026540,41.105190,31,29.022707,41.105045,29.025927,41.104790,29.026474,41.105225,29.024277,41.104996,190.856354
155,29.026490,41.105180,71,29.022707,41.105045,29.026140,41.104790,29.026434,41.105247,29.024338,41.105000,181.439712
156,29.026390,41.105170,72,29.022707,41.105045,29.026140,41.104790,29.026434,41.105247,29.024338,41.105000,172.989647
157,29.026300,41.105150,37,29.022701,41.105042,29.026381,41.104790,29.026461,41.105213,29.024414,41.104992,158.989836
158,29.026250,41.105140,29,29.022701,41.105042,29.026381,41.104790,29.026461,41.105213,29.024414,41.104992,154.704625
161,29.026200,41.105130,66,29.022707,41.105045,29.025845,41.104790,29.026125,41.105202,29.024197,41.104992,168.555558
162,29.026080,41.105120,37,29.022707,41.105045,29.025845,41.104790,29.026125,41.105202,29.024197,41.104992,158.441880
163,29.026030,41.105110,29,29.022707,41.105045,29.025845,41.104790,29.026125,41.105202,29.024197,41.104992,154.171330
166,29.025980,41.105100,70,29.022705,41.105042,29.026274,41.104790,29.025953,41.105125,29.024307,41.104977,140.822448
167,29.025880,41.105090,37,29.022705,41.105042,29.026274,41.104790,29.025953,41.105125,29.024307,41.104977,132.375712
168,29.025830,41.105080,29,29.022705,41.105042,29.026274,41.104790,29.025953,41.105125,29.024307,41.104977,128.101541
171,29.025780,41.105080,69,29.025681,41.105099,29.021793,41.105175,29.026041,41.105129,29.024525,41.105129,105.319830
172,29.025680,41.105060,45,29.025681,41.105099,29.021793,41.105175,29.026041,41.105129,29.024525,41.105129,97.104545
173,29.025620,41.105050,24,29.025681,41.105099,29.021793,41.105175,29.026041,41.105129,29.024525,41.105129,92.193708
176,29.025560,41.105040,73,29.025730,41.105137,29.021793,41.105175,29.025362,41.105042,29.024448,41.105137,93.757699
177,29.025440,41.105020,39,29.022697,41.105057,29.026312,41.104790,29.025396,41.104996,29.024227,41.104969,101.778516
178,29.025380,41.105010,31,29.022697,41.105057,29.026312,41.104790,29.025396,41.104996,29.024227,41.104969,96.700800
181,29.025320,41.105000,69,29.022697,41.105053,29.026428,41.104790,29.024977,41.104954,29.024200,41.104961,93.901749
182,29.025200,41.104990,44,29.022697,41.105053,29.026428,41.104790,29.024977,41.104954,29.024200,41.104961,83.809636
183,29.025140,41.104980,25,29.022697,41.105053,29.026428,41.104790,29.024977,41.104954,29.024200,41.104961,78.749277
186,29.025080,41.104970,43,29.022684,41.105049,29.026358,41.104790,29.025106,41.104950,29.024193,41.104958,74.347006
187,29.025020,41.104960,27,29.022684,41.105049,29.026358,41.104790,29.025106,41.104950,29.024193,41.104958,69.307541
190,29.024960,41.104950,70,29.022942,41.104992,29.026392,41.104790,29.024847,41.104908,29.024303,41.104919,55.115831
191,29.024850,41.104930,36,29.022942,41.104992,29.026392,41.104790,29.024847,41.104908,29.024303,41.104919,45.809536
192,29.024800,41.104920,30,29.022942,41.104992,29.026392,41.104790,29.024847,41.104908,29.024303,41.104919,41.605210
195,29.024740,41.104910,70,29.023020,41.104919,29.026516,41.104790,29.024328,41.104881,29.024307,41.104874,36.482894
196,29.024650,41.104900,37,29.023115,41.104889,29.026659,41.104790,29.024391,41.104874,29.024414,41.104858,20.302333
197,29.024600,41.104890,33,29.023115,41.104889,29.026659,41.104790,29.024391,41.104874,29.024414,41.104858,15.970376
200,29.024550,41.104890,45,29.022846,41.104881,29.021111,41.104847,29.024466,41.104893,29.022551,41.104874,167.533414
201,29.024510,41.104880,24,29.022846,41.104881,29.021111,41.104847,29.024466,41.104893,29.022551,41.104874,164.173637
204,29.024460,41.104870,67,29.023102,41.104889,29.020096,41.105343,29.018799,41.105808,29.021523,41.105171,248.387983
205,29.024370,41.104870,50,29.023985,41.104881,29.021639,41.105072,29.024300,41.104881,29.023302,41.104942,89.837725
206,29.024330,41.104860,23,29.023985,41.104881,29.021639,41.105072,29.024300,41.104881,29.023302,41.104942,86.610712
208,29.024330,41.104860,7,29.023985,41.104881,29.021639,41.105072,29.024300,41.104881,29.023302,41.104942,86.610712
209,29.024280,41.104850,70,29.023878,41.104851,29.022083,41.105045,29.024399,41.104889,29.023399,41.104919,74.188887
210,29.024180,41.104830,71,29.022839,41.104851,29.022451,41.105095,29.024036,41.105816,29.022896,41.105076,111.015149
211,29.024090,41.104810,47,29.020945,41.104801,29.021217,41.105164,29.024055,41.105606,29.021498,41.105038,218.667238
212,29.024040,41.104800,24,29.020945,41.104801,29.021217,41.105164,29.024055,41.105606,29.021498,41.105038,214.640752
215,29.023990,41.104790,72,29.022451,41.104790,29.021475,41.104832,29.024099,41.104832,29.022394,41.104813,133.731489
216,29.023890,41.104780,71,29.022591,41.104774,29.023373,41.104794,29.023762,41.105572,29.023012,41.104900,74.758538
217,29.023770,41.104770,47,29.022528,41.104774,29.024513,41.104805,29.023268,41.105030,29.023258,41.104824,43.300437
218,29.023710,41.104760,26,29.022528,41.104774,29.024513,41.104805,29.023268,41.105030,29.023258,41.104824,38.518378
221,29.023650,41.104760,70,29.022493,41.104771,29.022091,41.104847,29.023148,41.104809,29.022467,41.104801,99.253421
222,29.023530,41.104750,54,29.022305,41.104755,29.022417,41.104797,29.023436,41.104752,29.022509,41.104771,85.608433
223,29.023480,41.104740,22,29.022305,41.104755,29.022417,41.104797,29.023436,41.104752,29.022509,41.104771,81.459666
226,29.023430,41.104740,76,29.023359,41.104774,29.022150,41.104778,29.023277,41.104698,29.022972,41.104767,38.481151
227,29.023350,41.104740,54,29.023359,41.104774,29.022150,41.104778,29.023277,41.104698,29.022972,41.104767,31.802691
228,29.023310,41.104740,19,29.023359,41.104774,29.022150,41.104778,29.023277,41.104698,29.022972,41.104767,28.467771
231,29.023280,41.104740,51,29.023123,41.104752,29.021528,41.104774,29.023220,41.104752,29.022640,41.104759,53.646719
232,29.023250,41.104740,21,29.023123,41.104752,29.021528,41.104774,29.023220,41.104752,29.022640,41.104759,51.135221
235,29.023220,41.104740,74,29.023268,41.104748,29.022068,41.104767,29.023188,41.104794,29.022882,41.104763,28.396832
236,29.023170,41.104730,52,29.023268,41.104748,29.022068,41.104767,29.023188,41.104794,29.022882,41.104763,24.370167
237,29.023150,41.104730,20,29.023268,41.104748,29.022068,41.104767,29.023188,41.104794,29.022882,41.104763,22.714984
240,29.023130,41.104720,105,29.022833,41.105377,29.026834,41.105316,29.023119,41.104744,29.024124,41.105267,103.110905
241,29.023090,41.104720,82,29.023024,41.104809,29.026018,41.104752,29.023315,41.104424,29.024000,41.104736,76.281292
242,29.023030,41.104710,54,29.022932,41.104874,29.021765,41.105289,29.023026,41.104748,29.022585,41.104984,48.175479
243,29.023000,41.104710,25,29.022932,41.104874,29.021765,41.105289,29.023026,41.104748,29.022585,41.104984,46.257125
246,29.022960,41.104700,74,29.022858,41.104713,29.021452,41.105106,29.022707,41.104992,29.022398,41.104881,51.221692
247,29.022880,41.104700,51,29.022858,41.104713,29.021452,41.105106,29.022707,41.104992,29.022398,41.104881,45.136831
248,29.022840,41.104690,22,29.022858,41.104713,29.021452,41.105106,29.022707,41.104992,29.022398,41.104881,42.707521
251,29.022810,41.104690,43,29.022863,41.104870,29.021547,41.104813,29.022928,41.104687,29.022465,41.104824,32.542394
252,29.022770,41.104680,26,29.022863,41.104870,29.021547,41.104813,29.022928,41.104687,29.022465,41.104824,30.178362
255,29.022730,41.104680,46,29.022673,41.104771,29.021626,41.104916,29.022903,41.104713,29.022381,41.104813,32.762355
256,29.022690,41.104670,23,29.022673,41.104771,29.021626,41.104916,29.022903,41.104713,29.022381,41.104813,30.373302
259,29.022650,41.104660,71,29.022600,41.104675,29.021456,41.104809,29.022642,41.104660,29.022249,41.104713,34.101496
260,29.022580,41.104660,51,29.022448,41.104694,29.021450,41.104465,29.022989,41.104721,29.022219,41.104630,30.460888
261,29.022540,41.104650,19,29.022448,41.104694,29.021450,41.104465,29.022989,41.104721,29.022219,41.104630,27.016432
264,29.022500,41.104650,51,29.021646,41.104675,29.021450,41.104462,29.022448,41.104633,29.021708,41.104607,66.572817
265,29.022450,41.104640,18,29.021646,41.104675,29.021450,41.104462,29.022448,41.104633,29.021708,41.104607,62.319157
268,29.022410,41.104630,78,29.021555,41.104626,29.021450,41.104431,29.022476,41.104649,29.021664,41.104568,62.905813
269,29.022320,41.104610,71,29.023211,41.105160,29.021450,41.104958,29.022369,41.104595,29.022537,41.105011,48.159476
270,29.022240,41.104600,52,29.022005,41.104542,29.021450,41.105141,29.022369,41.104595,29.021887,41.104736,33.248107
271,29.022200,41.104590,16,29.022005,41.104542,29.021450,41.105141,29.022369,41.104595,29.021887,41.104736,30.875069
274,29.022170,41.104580,71,29.021963,41.104538,29.021450,41.105129,29.023447,41.104580,29.022026,41.104733,20.809689
275,29.022100,41.104570,52,29.021902,41.104534,29.021450,41.105145,29.022160,41.104603,29.021801,41.104736,31.139870
276,29.022070,41.104570,18,29.021902,41.104534,29.021450,41.105145,29.022160,41.104603,29.021801,41.104736,29.155884
279,29.022040,41.104570,70,29.022017,41.104538,29.021450,41.104511,29.022285,41.104588,29.021881,41.104538,13.781736
280,29.021990,41.104570,48,29.022017,41.104538,29.021450,41.104511,29.022285,41.104588,29.021881,41.104538,9.794809
281,29.021960,41.104570,22,29.022017,41.104538,29.021450,41.104511,29.022285,41.104588,29.021881,41.104538,7.509192
284,29.021930,41.104560,71,29.021923,41.104553,29.021450,41.104492,29.022078,41.104568,29.021797,41.104534,11.493768
285,29.021880,41.104560,46,29.021832,41.104523,29.021450,41.104523,29.021736,41.104591,29.021702,41.104534,15.203909
286,29.021850,41.104550,22,29.021832,41.104523,29.021450,41.104523,29.021736,41.104591,29.021702,41.104534,12.540587
289,29.021820,41.104550,70,29.021822,41.104523,29.021450,41.104530,29.021635,41.104523,29.021677,41.104527,12.261249
290,29.021770,41.104550,72,29.021822,41.104523,29.021450,41.104530,29.021635,41.104523,29.021677,41.104527,8.216565
291,29.021700,41.104550,53,29.021664,41.104519,29.021547,41.104511,29.023565,41.105778,29.021915,41.104710,25.315412
292,29.021670,41.104550,16,29.021664,41.104519,29.021547,41.104511,29.023565,41.105778,29.021915,41.104710,27.164906
295,29.021640,41.104550,54,29.021709,41.104530,29.021450,41.104584,29.021599,41.104523,29.021614,41.104546,2.226775
296,29.021610,41.104550,15,29.021709,41.104530,29.021450,41.104584,29.021599,41.104523,29.021614,41.104546,0.597214
299,29.021580,41.104550,103,29.021772,41.104538,29.024399,41.104523,29.021406,41.104519,29.022537,41.104534,80.222562
300,29.021510,41.104540,53,29.021749,41.104527,29.021517,41.104488,29.021986,41.104576,29.021715,41.104523,17.297257
301,29.021480,41.104530,19,29.021749,41.104527,29.021517,41.104488,29.021986,41.104576,29.021715,41.104523,19.720309
304,29.021440,41.104530,57,29.021732,41.104530,29.021450,41.104496,29.022181,41.104660,29.021711,41.104538,22.752702
305,29.021410,41.104530,16,29.021732,41.104530,29.021450,41.104496,29.022181,41.104660,29.021711,41.104538,25.264586
308,29.021380,41.104530,71,29.021723,41.104534,29.021450,41.104504,29.021378,41.104519,29.021587,41.104523,17.393915
309,29.021330,41.104520,71,29.021723,41.104534,29.021450,41.104504,29.021378,41.104519,29.021587,41.104523,21.566423
310,29.021280,41.104520,55,29.021681,41.104523,29.021517,41.104458,29.021244,41.104519,29.021563,41.104500,23.782256
311,29.021240,41.104510,16,29.021681,41.104523,29.021517,41.104458,29.021244,41.104519,29.021563,41.104500,27.051305
314,29.021210,41.104510,73,29.021624,41.104534,29.021450,41.104504,29.026112,41.105198,29.022240,41.104626,87.227806
315,29.021140,41.104510,55,29.021624,41.104534,29.021450,41.104504,29.026112,41.105198,29.022240,41.104626,93.032745
316,29.021090,41.104500,15,29.021624,41.104534,29.021450,41.104504,29.026112,41.105198,29.022240,41.104626,97.337000
319,29.021050,41.104500,71,29.021652,41.104534,29.021450,41.104507,29.026096,41.105217,29.022257,41.104630,102.138376
320,29.020960,41.104490,71,29.021652,41.104534,29.021450,41.104507,29.026096,41.105217,29.022257,41.104630,109.760634
321,29.020880,41.104480,53,29.021675,41.104538,29.024176,41.105137,29.020800,41.104488,29.022322,41.104717,123.642458
322,29.020830,41.104470,14,29.021675,41.104538,29.024176,41.105137,29.020800,41.104488,29.022322,41.104717,127.972722
325,29.020790,41.104460,49,29.021666,41.104534,29.024176,41.105145,29.026045,41.105125,29.023106,41.104813,197.940210
326,29.020740,41.104460,19,29.021666,41.104534,29.024176,41.105145,29.026045,41.105125,29.023106,41.104813,202.048224
329,29.020690,41.104450,70,29.021694,41.104530,29.024399,41.104774,29.020584,41.104469,29.022371,41.104599,141.840785
330,29.020590,41.104430,50,29.021276,41.104542,29.024399,41.104515,29.020464,41.104443,29.022129,41.104519,129.330941
331,29.020550,41.104430,18,29.021276,41.104542,29.024399,41.104515,29.020464,41.104443,29.022129,41.104519,132.672855
334,29.020500,41.104420,69,29.021278,41.104599,29.021450,41.104454,29.020401,41.104408,29.021204,41.104527,60.162861
335,29.020420,41.104410,72,29.021206,41.104538,29.021519,41.104385,29.020262,41.104382,29.021162,41.104465,62.477917
336,29.020360,41.104390,50,29.021206,41.104538,29.021519,41.104385,29.020262,41.104382,29.021162,41.104465,67.721929
337,29.020330,41.104390,18,29.021206,41.104538,29.021519,41.104385,29.020262,41.104382,29.021162,41.104465,70.216842
340,29.020300,41.104390,70,29.021221,41.104588,29.021450,41.104454,29.023829,41.105114,29.021685,41.104626,118.938510
341,29.020240,41.104380,52,29.021187,41.104603,29.021450,41.104469,29.023851,41.105190,29.021667,41.104649,123.276297
342,29.020220,41.104370,20,29.021187,41.104603,29.021450,41.104469,29.023851,41.105190,29.021667,41.104649,125.173316
345,29.020210,41.104370,71,29.021147,41.104855,29.021450,41.104599,29.023754,41.105118,29.021631,41.104816,129.013709
346,29.020180,41.104360,65,29.021147,41.104855,29.021450,41.104599,29.023754,41.105118,29.021631,41.104816,131.761658
347,29.020160,41.104360,74,29.021152,41.104767,29.021450,41.104507,29.020107,41.104393,29.021090,41.104637,83.759511
348,29.020130,41.104350,66,29.021152,41.104767,29.021450,41.104507,29.020107,41.104393,29.021090,41.104637,86.505985
349,29.020090,41.104350,72,29.021179,41.104752,29.021450,41.104500,29.020117,41.104382,29.021105,41.104618,90.101402
350,29.020070,41.104360,71,29.021179,41.104752,29.021450,41.104500,29.020117,41.104382,29.021105,41.104618,91.328985
351,29.020060,41.104360,72,29.021170,41.104633,29.021450,41.104393,29.019993,41.104412,29.021084,41.104527,87.759128
352,29.020050,41.104360,70,29.021135,41.104816,29.021530,41.104786,29.020073,41.104374,29.021101,41.104744,97.863553
353,29.020040,41.104360,73,29.021084,41.104782,29.021450,41.104813,29.020128,41.104401,29.021055,41.104736,94.797736
354,29.020030,41.104370,70,29.021084,41.104782,29.021450,41.104813,29.020128,41.104401,29.021055,41.104736,95.068546
355,29.020020,41.104380,57,29.021112,41.104538,29.021254,41.104404,29.020023,41.104385,29.020994,41.104473,82.277998
356,29.020010,41.104390,13,29.021112,41.104538,29.021254,41.104404,29.020023,41.104385,29.020994,41.104473,82.978073
359,29.020000,41.104400,57,29.021156,41.104614,29.021450,41.104397,29.021791,41.105572,29.021345,41.104694,117.361487
360,29.020000,41.104420,15,29.021158,41.104858,29.021450,41.104725,29.021814,41.106079,29.021349,41.105003,130.315216
361,29.019990,41.104440,71,29.021111,41.104664,29.021397,41.104572,29.019993,41.104454,29.021032,41.104607,89.277421
362,29.019980,41.104480,57,29.021111,41.104664,29.021397,41.104572,29.019993,41.104454,29.021032,41.104607,89.288668
363,29.019970,41.104510,12,29.021111,41.104664,29.021397,41.104572,29.019993,41.104454,29.021032,41.104607,89.655474
366,29.019960,41.104530,58,29.021078,41.104824,29.021450,41.104763,29.019974,41.104523,29.021029,41.104759,93.084827
369,29.019950,41.104560,14,29.021078,41.104824,29.021450,41.104763,29.019974,41.104523,29.021029,41.104759,93.040791
370,29.019940,41.104590,74,29.020023,41.104744,29.021885,41.105015,29.019978,41.104687,29.020596,41.104820,60.600283
371,29.019940,41.104650,62,29.020023,41.104744,29.021885,41.105015,29.019978,41.104687,29.020596,41.104820,58.097117
372,29.019940,41.104680,16,29.020023,41.104744,29.021885,41.105015,29.019978,41.104687,29.020596,41.104820,57.097277
373,29.019930,41.104710,57,29.020012,41.104809,29.021282,41.104855,29.019949,41.104774,29.020399,41.104820,41.171218
374,29.019930,41.104740,15,29.019989,41.104847,29.021490,41.104946,29.019892,41.104858,29.020445,41.104885,46.057575
375,29.019920,41.104770,71,29.019913,41.104931,29.021511,41.105103,29.018871,41.105923,29.020254,41.105137,49.476648
376,29.019910,41.104830,60,29.019913,41.104931,29.021511,41.105103,29.018871,41.105923,29.020254,41.105137,44.673610
379,29.019900,41.104860,15,29.019894,41.104965,29.021450,41.105343,29.018087,41.105934,29.020109,41.105225,44.168708
380,29.019890,41.104890,72,29.019894,41.104965,29.021450,41.105343,29.018087,41.105934,29.020109,41.105225,41.491983
381,29.019850,41.104950,57,29.019897,41.104996,29.021450,41.105354,29.019882,41.104973,29.020378,41.105110,47.698215
382,29.019850,41.104980,14,29.019897,41.104996,29.021450,41.105354,29.019882,41.104973,29.020378,41.105110,46.555605
383,29.019850,41.105010,57,29.019867,41.105019,29.021450,41.105385,29.018965,41.105644,29.020224,41.105228,39.620990
384,29.019830,41.105040,12,29.019867,41.105019,29.021450,41.105385,29.018965,41.105644,29.020224,41.105228,39.072131
387,29.019820,41.105070,73,29.020330,41.105160,29.021532,41.105515,29.020086,41.105282,29.020668,41.105289,75.126590
388,29.019820,41.105120,101,29.020954,41.105209,29.021471,41.105343,29.020004,41.105267,29.020977,41.105259,98.165255
389,29.019850,41.105170,60,29.020954,41.105209,29.021471,41.105343,29.020004,41.105267,29.020977,41.105259,94.944755
390,29.019870,41.105200,15,29.020618,41.105274,29.021410,41.105492,29.019978,41.105350,29.020769,41.105354,77.262675
391,29.019890,41.105220,71,29.020481,41.105289,29.021503,41.105507,29.020113,41.105495,29.020744,41.105392,74.104218
392,29.019920,41.105280,71,29.020731,41.105320,29.020468,41.105591,29.020098,41.105396,29.020555,41.105415,55.331424
393,29.019950,41.105330,64,29.020700,41.105370,29.022717,41.105572,29.020109,41.105503,29.021242,41.105457,109.184336
394,29.019980,41.105380,65,29.022230,41.105587,29.024748,41.105991,29.020109,41.105503,29.022699,41.105701,230.628826
395,29.020000,41.105400,6,29.022211,41.105556,29.024658,41.105740,29.020197,41.105568,29.022675,41.105621,225.436607
396,29.020020,41.105430,71,29.022211,41.105556,29.024658,41.105740,29.020197,41.105568,29.022675,41.105621,223.428646
397,29.020060,41.105480,70,29.022108,41.105545,29.024563,41.106079,29.019981,41.105659,29.022556,41.105732,211.021763
398,29.020100,41.105510,69,29.022108,41.105545,29.024563,41.106079,29.019981,41.105659,29.022556,41.105732,207.276830
399,29.020120,41.105530,6,29.022108,41.105545,29.024563,41.106079,29.019981,41.105659,29.022556,41.105732,205.358030
400,29.020140,41.105540,68,29.022150,41.105537,29.024710,41.105862,29.022633,41.105835,29.023020,41.105686,241.830964
401,29.020170,41.105550,5,29.022150,41.105537,29.024710,41.105862,29.022633,41.105835,29.023020,41.105686,239.250178
402,29.020190,41.105560,67,29.021992,41.105633,29.024614,41.105644,29.022688,41.105640,29.022913,41.105640,228.320716
404,29.020260,41.105590,69,29.021994,41.105713,29.024710,41.105450,29.020575,41.105717,29.022629,41.105633,198.526219
405,29.020340,41.105620,71,29.021994,41.105713,29.024710,41.105450,29.020575,41.105717,29.022629,41.105633,191.771616
407,29.020410,41.105650,69,29.022007,41.105724,29.024408,41.105625,29.019964,41.105488,29.022449,41.105659,170.882641
408,29.020480,41.105670,68,29.022009,41.105782,29.024176,41.105602,29.018354,41.105644,29.022139,41.105705,139.021014
409,29.020550,41.105690,68,29.022074,41.105721,29.024176,41.105598,29.020771,41.105724,29.022537,41.105682,166.502687
411,29.020620,41.105720,69,29.022074,41.105721,29.024176,41.105598,29.020771,41.105724,29.022537,41.105682,160.690007
412,29.020700,41.105740,68,29.022074,41.105743,29.024176,41.105629,29.020798,41.105747,29.022539,41.105709,154.130831
413,29.020790,41.105760,68,29.022074,41.105762,29.024176,41.105625,29.020851,41.105759,29.022547,41.105721,147.256454
415,29.020870,41.105780,69,29.022074,41.105778,29.024176,41.105625,29.020987,41.105774,29.022568,41.105732,142.346290
416,29.020970,41.105800,68,29.022074,41.105747,29.024176,41.105598,29.021002,41.105774,29.022572,41.105701,134.633894
418,29.021060,41.105820,69,29.022074,41.105812,29.024176,41.105614,29.025797,41.105724,29.023289,41.105736,186.968682
419,29.021140,41.105840,71,29.022076,41.105839,29.024176,41.105614,29.025980,41.105274,29.023317,41.105686,183.228322
420,29.021220,41.105860,68,29.022074,41.105907,29.024176,41.105614,29.020647,41.105743,29.022516,41.105793,108.861579
421,29.021280,41.105890,69,29.022074,41.105907,29.024176,41.105614,29.020647,41.105743,29.022516,41.105793,104.139297
423,29.021350,41.105920,68,29.022011,41.105904,29.024227,41.105595,29.021255,41.105862,29.022589,41.105801,104.632260
425,29.021410,41.105940,70,29.022007,41.105919,29.024227,41.105667,29.020906,41.105770,29.022537,41.105820,95.387574
426,29.021470,41.105980,68,29.022007,41.105919,29.024227,41.105667,29.020906,41.105770,29.022537,41.105820,91.177097
428,29.021510,41.106030,72,29.022007,41.105938,29.024460,41.105793,29.020527,41.105942,29.022551,41.105896,88.449189
430,29.021560,41.106080,69,29.022001,41.105766,29.024658,41.105709,29.018694,41.105331,29.022337,41.105686,78.455366
431,29.021590,41.106130,71,29.021746,41.106186,29.021910,41.106960,29.018522,41.105957,29.021315,41.106392,37.154689
433,29.021600,41.106190,71,29.021746,41.106186,29.021910,41.106960,29.018522,41.105957,29.021315,41.106392,32.798637
434,29.021620,41.106240,72,29.021816,41.106224,29.021461,41.106148,29.019135,41.106503,29.021305,41.106239,26.385158
435,29.021610,41.106300,70,29.021757,41.106339,29.021450,41.106346,29.019156,41.106606,29.021273,41.106384,29.776933
437,29.021610,41.106370,96,29.020741,41.106430,29.020586,41.106373,29.021667,41.106445,29.020834,41.106419,65.243461
438,29.021610,41.106400,6,29.020741,41.106430,29.020586,41.106373,29.021667,41.106445,29.020834,41.106419,65.052085
439,29.021600,41.106440,74,29.020741,41.106430,29.020586,41.106373,29.021667,41.106445,29.020834,41.106419,64.225360
440,29.021600,41.106460,6,29.020741,41.106430,29.020586,41.106373,29.021667,41.106445,29.020834,41.106419,64.346099
441,29.021590,41.106480,70,29.021078,41.106419,29.021391,41.106316,29.021616,41.106499,29.021255,41.106400,29.419900
442,29.021580,41.106520,66,29.022423,41.106140,29.024227,41.107212,29.021616,41.106491,29.022865,41.106529,107.692218
443,29.021570,41.106540,5,29.022421,41.106064,29.024408,41.107449,29.019827,41.106052,29.022654,41.106495,90.925142
445,29.021570,41.106550,70,29.022417,41.106060,29.024460,41.107449,29.019768,41.106758,29.022657,41.106598,91.261856
446,29.021560,41.106590,65,29.022507,41.106037,29.024408,41.107349,29.019665,41.106636,29.022675,41.106537,93.569122
447,29.021560,41.106600,5,29.022507,41.106037,29.024408,41.107349,29.019665,41.106636,29.022675,41.106537,93.645903
448,29.021560,41.106620,67,29.022507,41.106037,29.024408,41.107349,29.019665,41.106636,29.022675,41.106537,93.838814
449,29.021550,41.106650,71,29.022549,41.106064,29.024563,41.107342,29.019125,41.105915,29.022665,41.106441,96.255096
450,29.021540,41.106670,44,29.022549,41.106064,29.024563,41.107342,29.019125,41.105915,29.022665,41.106441,97.623522
451,29.021540,41.106690,32,29.022549,41.106037,29.024460,41.107395,29.019693,41.106487,29.022717,41.106529,100.181521
452,29.021530,41.106700,63,29.022549,41.106037,29.024460,41.107395,29.019693,41.106487,29.022717,41.106529,101.208729
453,29.021530,41.106720,8,29.022549,41.106037,29.024460,41.107395,29.019693,41.106487,29.022717,41.106529,101.649421
454,29.021520,41.106740,70,29.022417,41.106060,29.024460,41.107502,29.019539,41.106777,29.022623,41.106617,93.425819
455,29.021510,41.106790,67,29.022423,41.106091,29.024408,41.107269,29.026480,41.107311,29.023651,41.106640,180.166694
456,29.021510,41.106840,41,29.022423,41.106091,29.024408,41.107269,29.026480,41.107311,29.023651,41.106640,180.766587
457,29.021510,41.106860,30,29.022423,41.106091,29.024408,41.107269,29.026480,41.107311,29.023651,41.106640,181.053798
458,29.021520,41.106880,62,29.022423,41.106117,29.024176,41.107147,29.027275,41.107323,29.023697,41.106621,184.652345
459,29.021520,41.106890,8,29.022423,41.106117,29.024176,41.107147,29.027275,41.107323,29.023697,41.106621,184.829162
460,29.021520,41.106910,68,29.022423,41.106144,29.024227,41.107254,29.027409,41.107357,29.023735,41.106674,187.428039
461,29.021510,41.106910,69,29.022423,41.106178,29.024227,41.107193,29.019463,41.106899,29.022543,41.106602,93.086504
462,29.021500,41.106920,64,29.022488,41.106163,29.024176,41.107208,29.027403,41.107315,29.023752,41.106663,190.854629
463,29.021500,41.106930,75,29.022488,41.106163,29.024176,41.107208,29.027403,41.107315,29.023752,41.106663,191.024435
464,29.021490,41.106940,69,29.022421,41.106140,29.024176,41.107212,29.027523,41.107330,29.023735,41.106655,190.747091
465,29.021500,41.106950,62,29.022421,41.106071,29.024408,41.107296,29.018934,41.107056,29.022520,41.106602,93.830029
466,29.021500,41.106960,8,29.022417,41.106102,29.024408,41.107365,29.018887,41.106552,29.022509,41.106567,95.116878
467,29.021510,41.106980,42,29.022417,41.106102,29.024408,41.107365,29.018887,41.106552,29.022509,41.106567,95.422423
468,29.021520,41.106990,25,29.022417,41.106071,29.024408,41.107391,29.019423,41.106480,29.022593,41.106544,102.611692
469,29.021530,41.107010,68,29.022417,41.106071,29.024408,41.107391,29.019423,41.106480,29.022593,41.106544,102.978444
470,29.021540,41.107030,8,29.022417,41.106071,29.024408,41.107391,29.019423,41.106480,29.022593,41.106544,103.398530
471,29.021550,41.107050,70,29.022421,41.106087,29.024408,41.107269,29.018883,41.106770,29.022512,41.106560,97.333974
472,29.021580,41.107090,63,29.022417,41.106068,29.024408,41.107464,29.021889,41.107525,29.022961,41.106724,122.635097
474,29.021610,41.107140,79,29.022417,41.106068,29.024408,41.107464,29.021889,41.107525,29.022961,41.106724,122.261503
475,29.021640,41.107190,63,29.022423,41.106129,29.024408,41.107384,29.022013,41.107586,29.022982,41.106739,123.084938
476,29.021660,41.107210,6,29.022417,41.106045,29.024460,41.107452,29.025227,41.106541,29.023476,41.106560,168.430524
477,29.021670,41.107230,71,29.022417,41.106045,29.024460,41.107452,29.025227,41.106541,29.023476,41.106560,168.645102
478,29.021720,41.107280,68,29.022415,41.106060,29.024614,41.107418,29.021851,41.107651,29.023016,41.106724,124.960488
479,29.021730,41.107300,9,29.022415,41.106060,29.024614,41.107418,29.021851,41.107651,29.023016,41.106724,125.355134
480,29.021750,41.107330,65,29.022415,41.106060,29.024614,41.107418,29.021851,41.107651,29.023016,41.106724,125.675077
481,29.021800,41.107370,69,29.022423,41.106079,29.024563,41.107330,29.019463,41.106449,29.022648,41.106529,117.415194
482,29.021820,41.107390,49,29.022423,41.106079,29.024563,41.107330,29.019463,41.106449,29.022648,41.106529,118.202500
483,29.021830,41.107400,24,29.022411,41.106129,29.024658,41.107555,29.019512,41.107109,29.022678,41.106724,103.470364
484,29.021840,41.107420,69,29.022421,41.106197,29.024563,41.107349,29.019974,41.105534,29.022722,41.106457,130.137945
485,29.021860,41.107440,72,29.022421,41.106197,29.024563,41.107349,29.019974,41.105534,29.022722,41.106457,131.043151
486,29.021860,41.107450,71,29.021999,41.107811,29.021498,41.107479,29.019623,41.107159,29.021486,41.107613,36.156919
487,29.021870,41.107460,72,29.021971,41.107861,29.021498,41.107040,29.021864,41.107647,29.021809,41.107578,14.121409
488,29.021880,41.107470,142,29.022112,41.107803,29.021450,41.107483,29.021711,41.107014,29.021847,41.107586,13.185527
489,29.021890,41.107480,140,29.021973,41.107876,29.021498,41.107307,29.021898,41.107327,29.021814,41.107620,16.832879
490,29.021900,41.107480,72,29.022373,41.106052,29.024710,41.107590,29.021893,41.107323,29.023029,41.106724,126.583523
491,29.021910,41.107480,71,29.022444,41.107800,29.021450,41.107559,29.023048,41.105946,29.022226,41.107449,26.732665
492,29.021920,41.107500,70,29.022192,41.107765,29.021494,41.107590,29.022245,41.107235,29.021984,41.107632,15.596337
493,29.021950,41.107520,71,29.022219,41.107613,29.021450,41.107605,29.021935,41.107635,29.021936,41.107616,10.782151
494,29.021980,41.107550,71,29.022217,41.107704,29.021450,41.107647,29.022123,41.107498,29.021963,41.107655,11.713519
495,29.022000,41.107580,72,29.022217,41.107704,29.021450,41.107647,29.022123,41.107498,29.021963,41.107655,8.848991
496,29.022010,41.107600,60,29.022236,41.107567,29.021450,41.107559,29.022163,41.107506,29.021980,41.107559,5.174539
497,29.022030,41.107610,13,29.022409,41.107494,29.021450,41.107819,29.022247,41.107494,29.022087,41.107597,4.986237
498,29.022050,41.107620,73,29.022226,41.107819,29.021461,41.107822,29.022242,41.107567,29.021992,41.107784,18.907292
499,29.022070,41.107630,74,29.022240,41.107700,29.021450,41.107830,29.022078,41.107464,29.021971,41.107708,12.013682
500,29.022100,41.107650,75,29.022240,41.107700,29.021450,41.107830,29.022078,41.107464,29.021971,41.107708,12.602704
501,29.022130,41.107660,65,29.022472,41.107697,29.021545,41.107822,29.022423,41.107555,29.022177,41.107716,7.319048
502,29.022160,41.107670,79,29.022310,41.107777,29.021461,41.107800,29.022280,41.107533,29.022043,41.107750,13.218425
503,29.022210,41.107680,69,29.022310,41.107777,29.021461,41.107800,29.022280,41.107533,29.022043,41.107750,15.991010
504,29.022260,41.107690,48,29.022259,41.107677,29.021461,41.107750,29.022570,41.102272,29.022060,41.106892,90.335949
505,29.022290,41.107690,27,29.022259,41.107677,29.021461,41.107750,29.022570,41.102272,29.022060,41.106892,90.834853
506,29.022310,41.107680,72,29.022400,41.107647,29.021450,41.107811,29.023813,41.107433,29.022320,41.107670,1.397153
507,29.022380,41.107660,61,29.022455,41.107868,29.021450,41.107811,29.023209,41.107670,29.022253,41.107822,20.959944
508,29.022410,41.107650,18,29.022509,41.107719,29.021450,41.107681,29.022762,41.107262,29.022215,41.107639,16.390015
509,29.022440,41.107640,66,29.022509,41.107719,29.021450,41.107681,29.022762,41.107262,29.022215,41.107639,18.860513
510,29.022480,41.107630,7,29.022509,41.107719,29.021450,41.107681,29.022762,41.107262,29.022215,41.107639,22.235793
511,29.022510,41.107620,120,29.023165,41.107658,29.021450,41.107792,29.023018,41.107674,29.022610,41.107704,12.544736
512,29.022570,41.107600,55,29.022631,41.107586,29.021503,41.107479,29.021442,41.107414,29.022102,41.107529,39.974903
513,29.022630,41.107570,59,29.022516,41.107628,29.021448,41.107563,29.024385,41.106720,29.022465,41.107475,17.395728
514,29.022660,41.107560,22,29.022640,41.107578,29.021450,41.107456,29.022881,41.107552,29.022305,41.107540,29.863697
515,29.022680,41.107550,65,29.022640,41.107578,29.021450,41.107456,29.022881,41.107552,29.022305,41.107540,31.476653
516,29.022700,41.107540,6,29.022539,41.107635,29.021523,41.107594,29.022858,41.107624,29.022270,41.107620,37.098483
517,29.022720,41.107530,45,29.022539,41.107635,29.021523,41.107594,29.022858,41.107624,29.022270,41.107620,38.998248
518,29.022740,41.107530,27,29.022539,41.107635,29.021523,41.107594,29.022858,41.107624,29.022270,41.107620,40.619776
519,29.022760,41.107520,71,29.022779,41.107632,29.021461,41.107677,29.022928,41.107399,29.022392,41.107613,32.484610
520,29.022800,41.107520,72,29.022554,41.107643,29.021450,41.107655,29.022934,41.107533,29.022270,41.107632,46.092370
521,29.022850,41.107520,65,29.022554,41.107643,29.021450,41.107655,29.022934,41.107533,29.022270,41.107632,50.139300
522,29.022880,41.107530,6,29.022554,41.107643,29.021450,41.107655,29.022934,41.107533,29.022270,41.107632,52.326669
523,29.022910,41.107530,44,29.022635,41.107613,29.021461,41.107647,29.023333,41.107334,29.022375,41.107582,45.187630
524,29.022950,41.107530,28,29.022635,41.107613,29.021461,41.107647,29.023333,41.107334,29.022375,41.107582,48.513196
525,29.022980,41.107530,67,29.022524,41.107773,29.021450,41.107288,29.023100,41.107571,29.022278,41.107594,59.252283
526,29.023030,41.107540,7,29.022776,41.107803,29.021450,41.107555,29.023054,41.107513,29.022406,41.107685,54.743149
527,29.023080,41.107540,72,29.022768,41.107384,29.021450,41.107555,29.023125,41.107555,29.022411,41.107468,56.596378
528,29.023180,41.107560,69,29.022839,41.107811,29.024227,41.107254,29.022964,41.107521,29.023289,41.107594,9.843157
529,29.023270,41.107580,70,29.022511,41.105991,29.024227,41.107254,29.022964,41.107521,29.023113,41.106613,108.306976
530,29.023360,41.107590,69,29.022575,41.105812,29.024176,41.107197,29.023769,41.107456,29.023254,41.106491,122.513264
531,29.023420,41.107610,44,29.022575,41.105812,29.024176,41.107197,29.023769,41.107456,29.023254,41.106491,125.188519
532,29.023440,41.107610,27,29.022575,41.105812,29.024176,41.107178,29.023169,41.107559,29.023165,41.106503,125.285482
533,29.023460,41.107620,69,29.022575,41.105812,29.024176,41.107178,29.023169,41.107559,29.023165,41.106503,126.695084
534,29.023500,41.107630,44,29.022575,41.105869,29.024176,41.107185,29.023949,41.107536,29.023283,41.106529,123.742252
535,29.023520,41.107630,27,29.022575,41.105869,29.024176,41.107185,29.023949,41.107536,29.023283,41.106529,123.999524
536,29.023540,41.107640,69,29.022573,41.105839,29.024176,41.107212,29.022276,41.107403,29.023029,41.106503,133.521404
537,29.023590,41.107650,44,29.022573,41.105839,29.024176,41.107212,29.022276,41.107403,29.023029,41.106503,135.965089
538,29.023620,41.107660,26,29.022573,41.105839,29.024176,41.107212,29.022276,41.107403,29.023029,41.106503,137.891101
539,29.023640,41.107670,71,29.022575,41.105854,29.024176,41.107224,29.024073,41.107712,29.023300,41.106564,126.281200
540,29.023710,41.107680,70,29.022575,41.105808,29.024176,41.107216,29.024004,41.107697,29.023289,41.106529,132.737809
541,29.023790,41.107700,69,29.022511,41.105816,29.024176,41.107246,29.023773,41.107712,29.023220,41.106548,136.675170
542,29.023890,41.107730,45,29.022511,41.105816,29.024176,41.107246,29.023773,41.107712,29.023220,41.106548,142.884461
543,29.023930,41.107740,25,29.022511,41.105816,29.024176,41.107246,29.023773,41.107712,29.023220,41.106548,145.247617
544,29.023980,41.107750,69,29.022509,41.105854,29.024227,41.107346,29.023874,41.107769,29.023247,41.106606,141.311412
545,29.024070,41.107780,70,29.022511,41.105839,29.024408,41.107315,29.023552,41.107754,29.023258,41.106586,149.129162
546,29.024160,41.107800,73,29.022509,41.105721,29.024408,41.107372,29.024481,41.107811,29.023396,41.106552,152.826453
547,29.024250,41.107830,69,29.022509,41.105721,29.024408,41.107372,29.024481,41.107811,29.023396,41.106552,159.108707
548,29.024340,41.107840,67,29.022512,41.105843,29.024408,41.107300,29.024622,41.107861,29.023420,41.106602,157.784385
549,29.024430,41.107850,43,29.022512,41.105843,29.024408,41.107300,29.024622,41.107861,29.023420,41.106602,162.549210
550,29.024480,41.107850,26,29.022512,41.105843,29.024408,41.107300,29.024622,41.107861,29.023420,41.106602,164.768148
551,29.024520,41.107850,63,29.022511,41.105957,29.024227,41.107319,29.024723,41.107784,29.023378,41.106659,163.368321
552,29.024620,41.107860,47,29.022511,41.105957,29.024227,41.107319,29.024723,41.107784,29.023378,41.106659,169.286538
553,29.024670,41.107850,23,29.022593,41.105606,29.024563,41.107456,29.024883,41.107822,29.023552,41.106514,175.626611
554,29.024730,41.107840,63,29.022593,41.105606,29.024563,41.107456,29.024883,41.107822,29.023552,41.106514,177.433478
555,29.024780,41.107840,9,29.024950,41.107857,29.021450,41.107674,29.025263,41.107815,29.023907,41.107796,73.332082
556,29.024840,41.107830,58,29.024950,41.107857,29.021450,41.107674,29.025263,41.107815,29.023907,41.107796,78.286395
557,29.024890,41.107830,14,29.025261,41.107780,29.021273,41.107449,29.025093,41.107826,29.023993,41.107689,76.810979
558,29.024950,41.107840,61,29.025278,41.107601,29.021429,41.107433,29.025112,41.107830,29.024055,41.107586,80.094014
559,29.025070,41.107840,53,29.025278,41.107601,29.021429,41.107433,29.025112,41.107830,29.024055,41.107586,89.571843
560,29.025120,41.107840,27,29.025278,41.107601,29.021429,41.107433,29.025112,41.107830,29.024055,41.107586,93.556441
561,29.025180,41.107830,65,29.025541,41.107761,29.021450,41.107594,29.025476,41.107857,29.024260,41.107727,77.961179
563,29.025290,41.107820,71,29.025694,41.107525,29.021763,41.107357,29.025257,41.107845,29.024405,41.107521,81.294066
564,29.025400,41.107810,70,29.025694,41.107525,29.021763,41.107357,29.025257,41.107845,29.024405,41.107521,89.377903
566,29.025510,41.107800,52,29.025785,41.107506,29.021450,41.107651,29.025852,41.107872,29.024445,41.107609,91.760717
567,29.025560,41.107790,20,29.025797,41.107521,29.021542,41.107643,29.025684,41.107780,29.024456,41.107601,94.847384
568,29.025610,41.107780,72,29.025927,41.107609,29.021574,41.107487,29.025957,41.107826,29.024576,41.107609,88.682936
569,29.025720,41.107800,54,29.025927,41.107609,29.021574,41.107487,29.025957,41.107826,29.024576,41.107609,98.161745
570,29.025770,41.107800,19,29.025978,41.107426,29.021450,41.107540,29.026037,41.107780,29.024576,41.107517,104.846136
571,29.025820,41.107800,70,29.025978,41.107426,29.021450,41.107540,29.026037,41.107780,29.024576,41.107517,108.849722
573,29.025910,41.107820,72,29.026115,41.107719,29.021450,41.107540,29.026070,41.107784,29.024656,41.107677,106.227615
574,29.025980,41.107820,74,29.026115,41.107719,29.021450,41.107540,29.026070,41.107784,29.024656,41.107677,112.030162
575,29.026040,41.107820,70,29.026274,41.107845,29.021450,41.107590,29.026089,41.107800,29.024746,41.107761,108.615210
576,29.026060,41.107830,8,29.026163,41.107887,29.021450,41.107296,29.026079,41.107815,29.024681,41.107693,116.532584
577,29.026080,41.107840,75,29.025261,41.107414,29.021574,41.107292,29.026064,41.107826,29.024231,41.107441,161.147246
578,29.026110,41.107830,74,29.025261,41.107414,29.021574,41.107292,29.026064,41.107826,29.024231,41.107441,163.266893
579,29.026130,41.107830,69,29.026217,41.107628,29.021450,41.107559,29.026159,41.107780,29.024725,41.107632,119.765472
580,29.026140,41.107830,81,29.026253,41.107883,29.021450,41.107594,29.026157,41.107830,29.024738,41.107788,117.529337
581,29.026150,41.107820,72,29.026253,41.107853,29.021450,41.107372,29.026127,41.107822,29.024734,41.107697,119.386419
582,29.026160,41.107800,74,29.026253,41.107853,29.021450,41.107372,29.026127,41.107822,29.024734,41.107697,119.985118
583,29.026160,41.107810,71,29.026331,41.107910,29.021450,41.107632,29.026148,41.107822,29.024784,41.107811,115.277333
584,29.026170,41.107800,149,29.026281,41.107880,29.021450,41.107613,29.026234,41.107765,29.024771,41.107780,117.253899
585,29.026180,41.107780,70,29.026266,41.107868,29.021450,41.107250,29.026201,41.107777,29.024755,41.107662,120.066766
586,29.026180,41.107770,5,29.026266,41.107868,29.021450,41.107250,29.026201,41.107777,29.024755,41.107662,119.950559
589,29.026190,41.107750,117,29.024435,41.107899,29.021637,41.107227,29.026318,41.107635,29.023848,41.107655,196.540695
590,29.026190,41.107720,75,29.024160,41.107746,29.021700,41.107666,29.026337,41.107582,29.023720,41.107697,206.977245
591,29.026200,41.107670,71,29.024160,41.107746,29.021700,41.107666,29.026337,41.107582,29.023720,41.107697,207.819645
592,29.026210,41.107640,8,29.026276,41.107620,29.021450,41.106770,29.026217,41.107410,29.024763,41.107327,126.137205
593,29.026220,41.107600,76,29.026276,41.107620,29.021450,41.106770,29.026217,41.107410,29.024763,41.107327,125.793999
594,29.026220,41.107540,39,29.023893,41.107761,29.021637,41.107136,29.026226,41.107479,29.023537,41.107525,224.822220
595,29.026230,41.107500,38,29.024462,41.107765,29.022100,41.107662,29.026230,41.107361,29.023993,41.107674,188.452434
596,29.026240,41.107460,33,29.024462,41.107765,29.022100,41.107662,29.026230,41.107361,29.023993,41.107674,189.791217
597,29.026240,41.107430,32,29.024462,41.107765,29.022100,41.107662,29.026230,41.107361,29.023993,41.107674,190.237600
599,29.026240,41.107430,15,29.024462,41.107765,29.022100,41.107662,29.026230,41.107361,29.023993,41.107674,190.237600
600,29.026250,41.107390,70,29.026247,41.107563,29.021450,41.106762,29.026264,41.107147,29.024755,41.107254,126.125173
601,29.026270,41.107330,31,29.026247,41.107563,29.021450,41.106762,29.026264,41.107147,29.024755,41.107254,127.172277
602,29.026270,41.107300,24,29.026247,41.107563,29.021450,41.106762,29.026264,41.107147,29.024755,41.107254,126.994342
604,29.026270,41.107300,27,29.026283,41.107506,29.021450,41.106525,29.026272,41.107189,29.024773,41.107155,126.487300
605,29.026280,41.107260,38,29.026283,41.107506,29.021450,41.106525,29.026272,41.107189,29.024773,41.107155,126.831270
606,29.026290,41.107240,32,29.026293,41.107517,29.021450,41.107132,29.026268,41.107208,29.024780,41.107357,127.157166
607,29.026300,41.107210,78,29.026293,41.107517,29.021450,41.107132,29.026268,41.107208,29.024780,41.107357,128.372708
608,29.026310,41.107150,70,29.026360,41.106918,29.021450,41.107063,29.026373,41.107090,29.024832,41.106995,125.050162
609,29.026330,41.107090,42,29.026360,41.106918,29.021450,41.107063,29.026373,41.107090,29.024832,41.106995,125.973871
610,29.026340,41.107060,29,29.026360,41.106918,29.021450,41.107063,29.026373,41.107090,29.024832,41.106995,126.573468
611,29.026350,41.107030,36,29.026491,41.107029,29.021450,41.107132,29.026382,41.106998,29.024904,41.107059,121.174157
612,29.026350,41.107000,39,29.026491,41.107029,29.021450,41.107132,29.026382,41.106998,29.024904,41.107059,121.310263
614,29.026350,41.107000,13,29.026354,41.107475,29.021532,41.107647,29.026402,41.106892,29.024860,41.107441,134.090806
615,29.026360,41.106970,65,29.026354,41.107475,29.021532,41.107647,29.026402,41.106892,29.024860,41.107441,136.119190
616,29.026380,41.106900,71,29.026403,41.107147,29.021450,41.107117,29.026402,41.106903,29.024860,41.107105,129.348388
617,29.026390,41.106840,33,29.026403,41.107147,29.021450,41.107117,29.026402,41.106903,29.024860,41.107105,131.507106
618,29.026400,41.106800,43,29.026403,41.107147,29.021450,41.107117,29.026402,41.106903,29.024860,41.107105,133.385675
619,29.026410,41.106770,68,29.026417,41.107376,29.021450,41.107090,29.026415,41.106697,29.024870,41.107185,137.050369
620,29.026420,41.106700,75,29.026342,41.107548,29.021450,41.106731,29.026419,41.106640,29.024828,41.107159,142.804709
621,29.026430,41.106630,38,29.026085,41.107075,29.022202,41.106564,29.026423,41.106640,29.024925,41.106850,128.419640
622,29.026430,41.106590,39,29.026085,41.107075,29.022202,41.106564,29.026423,41.106640,29.024925,41.106850,129.339408
624,29.026430,41.106590,5,29.026417,41.106808,29.022078,41.106770,29.026419,41.106594,29.025066,41.106766,115.909043
625,29.026440,41.106560,74,29.026417,41.106808,29.022078,41.106770,29.026419,41.106594,29.025066,41.106766,117.339539
626,29.026480,41.106480,44,29.026402,41.107075,29.022202,41.106537,29.026451,41.106537,29.025101,41.106827,121.826109
627,29.026480,41.106450,30,29.026402,41.107075,29.022202,41.106537,29.026451,41.106537,29.025101,41.106827,122.922733
629,29.026480,41.106450,5,29.026398,41.106766,29.021700,41.106388,29.026432,41.106560,29.024939,41.106621,130.535010
630,29.026480,41.106420,74,29.026398,41.106766,29.021700,41.106388,29.026432,41.106560,29.024939,41.106621,131.061914
631,29.026460,41.106380,74,29.026388,41.106796,29.021866,41.106472,29.026424,41.106640,29.024984,41.106674,127.889776
632,29.026450,41.106350,82,29.026333,41.107105,29.021658,41.106766,29.026417,41.106537,29.024887,41.106918,145.399115
633,29.026450,41.106330,72,29.026394,41.106590,29.021637,41.107143,29.026485,41.106312,29.024925,41.106724,135.047011
634,29.026440,41.106320,80,29.026394,41.106594,29.021637,41.106354,29.026424,41.106304,29.024916,41.106476,128.882856
635,29.026440,41.106300,72,29.026253,41.106579,29.021704,41.106693,29.026459,41.106270,29.024866,41.106567,135.177815
636,29.026440,41.106290,77,29.025831,41.106171,29.021517,41.106712,29.026426,41.106262,29.024576,41.106354,156.319227
637,29.026450,41.106270,78,29.026041,41.105995,29.021852,41.106636,29.019367,41.106785,29.023737,41.106312,227.358463
638,29.026450,41.106250,75,29.026041,41.105995,29.021852,41.106636,29.019367,41.106785,29.023737,41.106312,227.414829
639,29.026460,41.106200,101,29.025826,41.106117,29.021454,41.106304,29.023651,41.105839,29.024137,41.106133,194.734561
640,29.026470,41.106140,37,29.026632,41.106216,29.021545,41.106167,29.026451,41.106052,29.025023,41.106178,121.352288
641,29.026470,41.106120,34,29.026632,41.106216,29.021545,41.106167,29.026451,41.106052,29.025023,41.106178,121.450657
643,29.026470,41.106120,12,29.026297,41.106056,29.021513,41.107239,29.026447,41.106247,29.024828,41.106457,142.582486
644,29.026470,41.106090,42,29.026297,41.106056,29.021513,41.107239,29.026447,41.106247,29.024828,41.106457,143.494695
645,29.026470,41.106060,35,29.026297,41.106056,29.021513,41.107239,29.026447,41.106247,29.024828,41.106457,144.478184
648,29.026480,41.106030,74,29.026094,41.105999,29.021494,41.106236,29.022585,41.106335,29.024137,41.106129,196.572412
649,29.026490,41.105980,41,29.026094,41.105999,29.021494,41.106236,29.022585,41.106335,29.024137,41.106129,197.796015
650,29.026500,41.105960,37,29.026535,41.105782,29.021959,41.106213,29.025484,41.106228,29.024954,41.105984,129.571415
651,29.026510,41.105940,42,29.026535,41.105782,29.021959,41.106213,29.025484,41.106228,29.024954,41.105984,130.473063
652,29.026520,41.105910,65,29.026484,41.105865,29.021450,41.105949,29.025669,41.106163,29.024790,41.105938,144.997056
653,29.026530,41.105890,75,29.026484,41.105865,29.021450,41.105949,29.025669,41.106163,29.024790,41.105938,145.899084
654,29.026550,41.105830,44,29.026527,41.105774,29.021450,41.105942,29.026577,41.105778,29.024954,41.105831,133.734125
655,29.026560,41.105800,39,29.026495,41.105755,29.021450,41.105919,29.024342,41.106491,29.024601,41.105919,164.667644
656,29.026560,41.105780,74,29.026495,41.105755,29.021450,41.105919,29.024342,41.106491,29.024601,41.105919,164.861105
657,29.026570,41.105720,77,29.026731,41.105629,29.021349,41.105595,29.025539,41.106472,29.024878,41.105747,141.834566
658,29.026570,41.105660,75,29.026731,41.105629,29.021349,41.105595,29.025539,41.106472,29.024878,41.105747,142.133617
659,29.026580,41.105600,40,29.026707,41.105465,29.021957,41.105522,29.023371,41.107059,29.024725,41.105724,156.038562
660,29.026580,41.105570,24,29.026707,41.105465,29.021957,41.105522,29.023371,41.107059,29.024725,41.105724,156.369468
662,29.026580,41.105570,15,29.026707,41.105465,29.021957,41.105522,29.023371,41.107059,29.024725,41.105724,156.369468
663,29.026590,41.105540,74,29.026812,41.105522,29.021690,41.105537,29.026434,41.105373,29.025160,41.105507,119.883370
664,29.026600,41.105490,66,29.026371,41.105305,29.021017,41.105125,29.026627,41.105328,29.024742,41.105255,157.838683
665,29.026600,41.105440,43,29.025719,41.105099,29.021051,41.105160,29.026569,41.105373,29.024391,41.105160,187.673028
666,29.026600,41.105420,31,29.025719,41.105099,29.021051,41.105160,29.026569,41.105373,29.024391,41.105160,187.316637
669,29.026610,41.105400,36,29.022703,41.105061,29.025927,41.104790,29.026461,41.105347,29.024273,41.105019,200.353765
670,29.026610,41.105380,25,29.022703,41.105061,29.025927,41.104790,29.026461,41.105347,29.024273,41.105019,199.894888
672,29.026610,41.105380,11,29.022703,41.105061,29.025927,41.104790,29.026461,41.105347,29.024273,41.105019,199.894888
673,29.026620,41.105370,64,29.022930,41.105011,29.026186,41.104790,29.026525,41.105350,29.024483,41.104996,183.845547
674,29.026620,41.105340,66,29.023020,41.104980,29.025986,41.104790,29.025648,41.105228,29.024338,41.104961,195.798150
675,29.026630,41.105320,68,29.023027,41.105007,29.026358,41.104790,29.026361,41.105286,29.024567,41.104980,176.953953
676,29.026630,41.105300,72,29.023027,41.105007,29.026358,41.104790,29.026361,41.105286,29.024567,41.104980,176.492871
677,29.026620,41.105300,67,29.022703,41.105049,29.026104,41.104790,29.026356,41.105301,29.024311,41.105007,196.177101
678,29.026610,41.105280,72,29.022703,41.105064,29.026062,41.104790,29.026217,41.105289,29.024277,41.105011,197.770025
679,29.026590,41.105260,69,29.022707,41.105045,29.026291,41.104790,29.026297,41.105225,29.024363,41.104996,188.927013
680,29.026570,41.105250,70,29.022707,41.105045,29.026291,41.104790,29.026297,41.105225,29.024363,41.104996,187.100626
681,29.026520,41.105240,49,29.022707,41.105045,29.026028,41.104790,29.026358,41.105236,29.024290,41.104996,188.799493
682,29.026490,41.105240,18,29.022707,41.105045,29.026028,41.104790,29.026358,41.105236,29.024290,41.104996,186.312415
685,29.026460,41.105240,52,29.022707,41.105045,29.026165,41.104790,29.018757,41.107113,29.023191,41.105278,273.890255
686,29.026420,41.105240,13,29.022707,41.105045,29.026165,41.104790,29.018757,41.107113,29.023191,41.105278,270.539231
688,29.026420,41.105240,10,29.022707,41.105045,29.026024,41.104790,29.026363,41.105247,29.024286,41.105000,180.764841
689,29.026390,41.105230,67,29.022707,41.105045,29.026024,41.104790,29.026363,41.105247,29.024286,41.105000,178.115941
690,29.026330,41.105220,51,29.022707,41.105045,29.026201,41.104790,29.026234,41.105145,29.024324,41.104980,170.137339
691,29.026300,41.105200,12,29.022707,41.105045,29.026201,41.104790,29.026234,41.105145,29.024324,41.104980,167.316345
693,29.026300,41.105200,9,29.022707,41.105045,29.026201,41.104790,29.026234,41.105145,29.024324,41.104980,167.316345
694,29.026270,41.105200,49,29.022697,41.105057,29.026262,41.104790,29.026312,41.105209,29.024353,41.105000,162.154615
695,29.026240,41.105180,18,29.022697,41.105057,29.026262,41.104790,29.026312,41.105209,29.024353,41.105000,159.370046
698,29.026210,41.105170,69,29.022709,41.105045,29.026167,41.104790,29.025869,41.105186,29.024263,41.104988,164.348636
699,29.026120,41.105160,69,29.022709,41.105045,29.025970,41.104790,29.019608,41.105873,29.023262,41.105091,239.580606
700,29.026020,41.105150,52,29.022707,41.105045,29.026196,41.104790,29.025724,41.105129,29.024248,41.104977,149.704486
701,29.025970,41.105140,12,29.022707,41.105045,29.026196,41.104790,29.025724,41.105129,29.024248,41.104977,145.407990
703,29.025970,41.105140,9,29.026274,41.105156,29.021807,41.105583,29.025700,41.105137,29.024797,41.105289,99.639626
704,29.025920,41.105140,68,29.025755,41.105129,29.020887,41.105545,29.020330,41.106171,29.023428,41.105419,211.091786
705,29.025820,41.105120,54,29.025755,41.105129,29.020887,41.105545,29.020330,41.106171,29.023428,41.105419,203.160342
706,29.025780,41.105110,12,29.025755,41.105129,29.020887,41.105545,29.020330,41.106171,29.023428,41.105419,200.042997
708,29.025780,41.105110,8,29.020922,41.105072,29.020212,41.105209,29.026167,41.105137,29.021486,41.105125,359.757074
709,29.025730,41.105110,69,29.020922,41.105072,29.020212,41.105209,29.026167,41.105137,29.021486,41.105125,355.567827
710,29.025630,41.105090,56,29.023308,41.105049,29.021704,41.105087,29.025511,41.105080,29.023138,41.105068,208.804763
711,29.025580,41.105080,12,29.023308,41.105049,29.021704,41.105087,29.025511,41.105080,29.023138,41.105068,204.605622
713,29.025580,41.105080,8,29.023308,41.105049,29.021704,41.105087,29.025511,41.105080,29.023138,41.105068,204.605622
714,29.025530,41.105070,55,29.022509,41.105049,29.016808,41.105438,29.025375,41.105034,29.021162,41.105171,366.146982
715,29.025470,41.105070,18,29.022509,41.105049,29.016808,41.105438,29.025375,41.105034,29.021162,41.105171,361.122237
718,29.025420,41.105060,67,29.022961,41.105053,29.016823,41.105438,29.025455,41.105076,29.021421,41.105179,335.284033
719,29.025310,41.105040,54,29.022406,41.105064,29.016701,41.105343,29.025509,41.105038,29.021093,41.105152,353.514310
720,29.025250,41.105040,15,29.022682,41.105053,29.026310,41.104790,29.025509,41.105038,29.024239,41.104973,85.070756
723,29.025190,41.105040,52,29.022911,41.105034,29.026417,41.104790,29.025164,41.105019,29.024342,41.104958,71.673822
724,29.025130,41.105030,12,29.022911,41.105034,29.026417,41.104790,29.025164,41.105019,29.024342,41.104958,66.547339
726,29.025130,41.105030,6,29.022911,41.105034,29.026417,41.104790,29.025164,41.105019,29.024342,41.104958,66.547339
727,29.025070,41.105020,70,29.023039,41.104942,29.026464,41.104790,29.024900,41.104958,29.024387,41.104897,58.820078
728,29.024970,41.105000,74,29.023039,41.104942,29.026464,41.104790,29.024900,41.104958,29.024387,41.104897,50.154260
729,29.024860,41.104980,50,29.023022,41.104897,29.026566,41.104790,29.024719,41.104927,29.024384,41.104870,41.757273
730,29.024800,41.104980,15,29.023022,41.104897,29.026566,41.104790,29.024719,41.104927,29.024384,41.104870,36.980667
733,29.024750,41.104970,72,29.022909,41.105000,29.026358,41.104790,29.018661,41.105583,29.023348,41.105022,117.624795
734,29.024650,41.104960,51,29.023043,41.104908,29.026503,41.104790,29.018578,41.106236,29.023455,41.105076,100.977137
735,29.024610,41.104950,19,29.023043,41.104908,29.026503,41.104790,29.018578,41.106236,29.023455,41.105076,97.806891
738,29.024560,41.104950,72,29.023159,41.104889,29.026476,41.104790,29.018667,41.105965,29.023520,41.105022,87.549297
739,29.024470,41.104940,70,29.022879,41.104893,29.020899,41.104816,29.018166,41.106163,29.021557,41.105061,244.448934
740,29.024390,41.104910,78,29.023073,41.104881,29.022442,41.105087,29.021177,41.105652,29.022593,41.105061,151.529604
741,29.024320,41.104890,71,29.021219,41.104881,29.020042,41.105221,29.024178,41.104870,29.021297,41.104984,253.464264
742,29.024230,41.104870,57,29.021219,41.104881,29.020042,41.105221,29.024178,41.104870,29.021297,41.104984,246.035037
743,29.024190,41.104860,12,29.021219,41.104881,29.020042,41.105221,29.024178,41.104870,29.021297,41.104984,242.748909
745,29.024190,41.104860,5,29.022017,41.104885,29.021191,41.105339,29.024193,41.104870,29.022085,41.105022,177.276359
746,29.024160,41.104860,55,29.022017,41.104885,29.021191,41.105339,29.024193,41.104870,29.022085,41.105022,174.776043
747,29.024120,41.104850,16,29.022017,41.104885,29.021191,41.105339,29.024193,41.104870,29.022085,41.105022,171.563611
750,29.024080,41.104840,52,29.021542,41.104874,29.020714,41.105167,29.023989,41.104828,29.021648,41.104965,204.209038
753,29.024040,41.104820,17,29.021542,41.104874,29.020714,41.105167,29.023989,41.104828,29.021648,41.104965,201.031939
754,29.024000,41.104800,70,29.022402,41.104782,29.022320,41.104809,29.024256,41.104950,29.022654,41.104816,112.826367
755,29.023890,41.104790,57,29.022402,41.104782,29.022320,41.104809,29.024256,41.104950,29.022654,41.104816,103.636778
758,29.023840,41.104790,18,29.022312,41.104778,29.023451,41.104801,29.023499,41.104759,29.022848,41.104786,83.106434
759,29.023790,41.104790,57,29.022312,41.104778,29.023451,41.104801,29.023499,41.104759,29.022848,41.104786,78.917184
760,29.023740,41.104780,17,29.022312,41.104778,29.023451,41.104801,29.023499,41.104759,29.022848,41.104786,74.729468
763,29.023690,41.104780,70,29.023216,41.104786,29.020691,41.104855,29.023182,41.104858,29.022423,41.104820,106.269091
764,29.023580,41.104770,56,29.023142,41.104774,29.024624,41.104782,29.023497,41.104759,29.023659,41.104778,6.662453
765,29.023530,41.104760,17,29.023142,41.104774,29.024624,41.104782,29.023497,41.104759,29.023659,41.104778,10.977725
768,29.023480,41.104760,57,29.022968,41.105213,29.024652,41.105339,29.023272,41.104763,29.023540,41.105186,47.690589
771,29.023430,41.104750,70,29.023289,41.104805,29.025166,41.105259,29.023277,41.104763,29.023876,41.104942,43.068960
772,29.023390,41.104750,49,29.023289,41.104805,29.025166,41.105259,29.023277,41.104763,29.023876,41.104942,46.008181
773,29.023320,41.104750,55,29.020153,41.104813,29.027029,41.104958,29.023060,41.105011,29.022734,41.104889,51.496166
776,29.023280,41.104750,20,29.020151,41.104771,29.026958,41.104874,29.023287,41.104839,29.022743,41.104816,45.577082
777,29.023250,41.104740,48,29.020151,41.104771,29.026958,41.104874,29.023287,41.104839,29.022743,41.104816,43.303115
778,29.023230,41.104730,25,29.020151,41.104771,29.026958,41.104874,29.023287,41.104839,29.022743,41.104816,41.902278
781,29.023200,41.104710,52,29.019302,41.104794,29.021753,41.105247,29.023129,41.104736,29.020641,41.104931,215.783980
784,29.023170,41.104720,21,29.023115,41.104969,29.021753,41.105282,29.023117,41.104813,29.022696,41.105045,53.748022
785,29.023140,41.104720,78,29.023115,41.104969,29.021753,41.105282,29.023117,41.104813,29.022696,41.105045,51.916494
786,29.023100,41.104750,73,29.022982,41.104759,29.021450,41.104939,29.023148,41.104801,29.022530,41.104824,48.495977
787,29.023050,41.104770,50,29.023357,41.104851,29.021469,41.104988,29.023039,41.104839,29.022722,41.104897,30.856586
788,29.023040,41.104770,22,29.023357,41.104851,29.021469,41.104988,29.023039,41.104839,29.022722,41.104897,30.113337
791,29.023020,41.104780,48,29.021193,41.104610,29.021460,41.104832,29.022921,41.104847,29.021536,41.104713,124.569638
794,29.023010,41.104790,23,29.023132,41.104877,29.021513,41.104946,29.023031,41.104816,29.022612,41.104893,35.279469
795,29.022990,41.104800,73,29.023132,41.104877,29.021513,41.104946,29.023031,41.104816,29.022612,41.104893,33.337870
796,29.022980,41.104830,47,29.023479,41.105495,29.021450,41.104778,29.022997,41.104881,29.022776,41.105183,42.787645
799,29.022970,41.104840,23,29.022930,41.104725,29.021450,41.104813,29.023026,41.104927,29.022484,41.104786,41.176223
800,29.022960,41.104860,72,29.022930,41.104725,29.021450,41.104813,29.023026,41.104927,29.022484,41.104786,40.738376
801,29.022950,41.104900,49,29.022903,41.104706,29.021456,41.104813,29.022982,41.104912,29.022467,41.104771,42.975220
804,29.022940,41.104930,25,29.022903,41.104706,29.021456,41.104813,29.022982,41.104912,29.022467,41.104771,43.437174
805,29.022930,41.104970,76,29.021698,41.104923,29.021450,41.104916,29.023033,41.105061,29.021822,41.104942,92.888038
806,29.022920,41.105050,72,29.022816,41.105030,29.022078,41.104961,29.023052,41.105137,29.022623,41.105030,24.977840
807,29.022890,41.105110,54,29.022816,41.105030,29.022078,41.104961,29.023052,41.105137,29.022623,41.105030,24.067309
808,29.022880,41.105140,21,29.022816,41.105030,29.022078,41.104961,29.023052,41.105137,29.022623,41.105030,24.756632
811,29.022880,41.105180,52,29.022829,41.104797,29.021473,41.104862,29.022945,41.105064,29.022423,41.104858,52.405108
814,29.022870,41.105210,24,29.022829,41.104797,29.021473,41.104862,29.022945,41.105064,29.022423,41.104858,54.152696
815,29.022860,41.105240,73,29.021122,41.105129,29.021818,41.105282,29.022814,41.105362,29.021595,41.105217,106.019783
816,29.022840,41.105330,49,29.021122,41.105129,29.021818,41.105282,29.022814,41.105362,29.021595,41.105217,105.067392
819,29.022830,41.105360,25,29.022840,41.105301,29.022066,41.105087,29.022835,41.105064,29.022598,41.105202,26.205568
820,29.022820,41.105400,48,29.022840,41.105301,29.022066,41.105087,29.022835,41.105064,29.022598,41.105202,28.831261
821,29.022810,41.105430,20,29.022840,41.105301,29.022066,41.105087,29.022835,41.105064,29.022598,41.105202,30.968285
824,29.022810,41.105470,47,29.022785,41.105537,29.025629,41.105549,29.022789,41.105526,29.023672,41.105545,72.712116
827,29.022800,41.105500,22,29.022781,41.105549,29.026134,41.105583,29.022476,41.105659,29.023783,41.105579,82.810105
828,29.022790,41.105530,79,29.022781,41.105549,29.026134,41.105583,29.022476,41.105659,29.023783,41.105579,83.357239
829,29.022780,41.105600,74,29.022421,41.105602,29.021450,41.105652,29.022587,41.105633,29.022142,41.105621,53.473290
830,29.022760,41.105660,77,29.022421,41.105602,29.021450,41.105652,29.022587,41.105633,29.022142,41.105621,51.923174
831,29.022750,41.105690,17,29.022421,41.105602,29.021450,41.105652,29.022587,41.105633,29.022142,41.105621,51.476376
834,29.022740,41.105720,80,29.022646,41.105762,29.021475,41.106342,29.022768,41.105690,29.022299,41.105934,43.970379
835,29.022720,41.105780,58,29.022722,41.105827,29.021561,41.106422,29.022863,41.105663,29.022385,41.105988,36.360673
836,29.022720,41.105820,18,29.022694,41.105877,29.021601,41.105911,29.022825,41.105789,29.022375,41.105877,29.581943
837,29.022720,41.105850,55,29.022694,41.105877,29.021601,41.105911,29.022825,41.105789,29.022375,41.105877,29.051512
840,29.022710,41.105880,18,29.022694,41.105877,29.021601,41.105911,29.022825,41.105789,29.022375,41.105877,28.061088
841,29.022700,41.105910,54,29.023035,41.105946,29.023628,41.105549,29.022713,41.106018,29.023172,41.105835,40.448189
842,29.022700,41.105940,16,29.023035,41.105946,29.023628,41.105549,29.022713,41.106018,29.023172,41.105835,41.265622
843,29.022710,41.105970,74,29.022949,41.105961,29.021450,41.105610,29.022770,41.105988,29.022453,41.105858,24.860869
844,29.022670,41.106050,54,29.022873,41.105991,29.021503,41.105709,29.022636,41.106079,29.022411,41.105919,26.118986
845,29.022670,41.106080,18,29.022762,41.106182,29.021521,41.107010,29.022753,41.106110,29.022377,41.106430,46.018263
846,29.022660,41.106120,94,29.022762,41.106182,29.021521,41.107010,29.022753,41.106110,29.022377,41.106430,41.842287
847,29.022640,41.106190,76,29.022537,41.106281,29.021559,41.106998,29.022612,41.106258,29.022243,41.106503,48.076076
848,29.022630,41.106260,51,29.022537,41.106281,29.021559,41.106998,29.022612,41.106258,29.022243,41.106503,42.141811
851,29.022620,41.106290,18,29.021832,41.106380,29.022182,41.107277,29.022495,41.106476,29.022039,41.106674,64.740034
852,29.022610,41.106310,72,29.022011,41.106403,29.021692,41.106506,29.022524,41.106430,29.021992,41.106441,53.825440
853,29.022600,41.106370,50,29.022011,41.106403,29.021692,41.106506,29.022524,41.106430,29.021992,41.106441,51.579849
856,29.022590,41.106410,22,29.022011,41.106403,29.021692,41.106506,29.022524,41.106430,29.021992,41.106441,50.247823
857,29.022580,41.106440,72,29.022123,41.106441,29.016581,41.106354,29.020296,41.106659,29.020124,41.106449,205.740026
858,29.022560,41.106510,49,29.021753,41.106419,29.016775,41.106300,29.021784,41.106926,29.020206,41.106461,197.266654
861,29.022550,41.106550,20,29.021753,41.106419,29.016775,41.106300,29.021784,41.106926,29.020206,41.106461,196.603811
862,29.022550,41.106590,49,29.022413,41.106056,29.024614,41.107372,29.022379,41.106663,29.023096,41.106560,45.876621
863,29.022530,41.106630,18,29.022413,41.106056,29.024614,41.107372,29.022379,41.106663,29.023096,41.106560,48.067738
866,29.022520,41.106670,70,29.022415,41.106056,29.024460,41.107380,29.022421,41.106754,29.023054,41.106575,45.980497
867,29.022510,41.106740,50,29.022507,41.106049,29.024460,41.107372,29.022091,41.106903,29.023054,41.106594,48.389902
868,29.022510,41.106780,20,29.022507,41.106049,29.024460,41.107372,29.022091,41.106903,29.023054,41.106594,50.056914
869,29.022510,41.106820,70,29.022423,41.106091,29.024408,41.107239,29.022993,41.106956,29.023130,41.106579,58.490861
870,29.022510,41.106890,50,29.022423,41.106091,29.024408,41.107239,29.022993,41.106956,29.023130,41.106579,62.443851
871,29.022510,41.106930,20,29.022421,41.106071,29.024408,41.107353,29.025169,41.106808,29.023455,41.106583,88.069368
872,29.022510,41.106970,70,29.022421,41.106071,29.024408,41.107353,29.025169,41.106808,29.023455,41.106583,90.108715
873,29.022520,41.107050,56,29.022419,41.106190,29.024614,41.107422,29.022255,41.107208,29.023083,41.106728,59.229093
874,29.022530,41.107100,16,29.022381,41.106056,29.024710,41.107479,29.022230,41.107357,29.023085,41.106697,64.549940
875,29.022540,41.107140,52,29.022381,41.106056,29.024710,41.107479,29.022230,41.107357,29.023085,41.106697,67.140554
876,29.022550,41.107180,19,29.022381,41.106056,29.024710,41.107479,29.022230,41.107357,29.023085,41.106697,69.928414
877,29.022570,41.107210,71,29.022575,41.107735,29.021450,41.107513,29.023407,41.107407,29.022350,41.107616,48.796881
878,29.022600,41.107280,56,29.022575,41.107735,29.021450,41.107513,29.023407,41.107407,29.022350,41.107616,42.860739
879,29.022620,41.107320,23,29.022575,41.107735,29.021450,41.107513,29.023407,41.107407,29.022350,41.107616,39.962096
880,29.022650,41.107350,73,29.022503,41.107468,29.021450,41.107559,29.025316,41.107159,29.022598,41.107452,12.182662
881,29.022730,41.107410,53,29.022589,41.107544,29.021450,41.107864,29.023071,41.107414,29.022308,41.107628,42.835676
882,29.022780,41.107430,20,29.022589,41.107544,29.021450,41.107864,29.023071,41.107414,29.022308,41.107628,45.228505
883,29.022830,41.107450,73,29.022799,41.107849,29.021816,41.107841,29.022968,41.107395,29.022520,41.107780,44.994395
884,29.022920,41.107490,78,29.022799,41.107849,29.021816,41.107841,29.022968,41.107395,29.022520,41.107780,46.538958
885,29.023040,41.107520,56,29.023186,41.107845,29.021545,41.107094,29.023378,41.107338,29.022705,41.107536,28.119288
886,29.023100,41.107530,19,29.023186,41.107845,29.021545,41.107094,29.023378,41.107338,29.022705,41.107536,33.095119
887,29.023160,41.107550,59,29.023376,41.107738,29.021679,41.107182,29.023514,41.107346,29.022867,41.107510,24.939046
888,29.023270,41.107570,44,29.023132,41.107643,29.021545,41.107136,29.022924,41.107548,29.022610,41.107471,56.395453
889,29.023320,41.107590,18,29.021730,41.107281,29.021622,41.106926,29.023331,41.107735,29.021940,41.107243,121.885030
890,29.023380,41.107600,39,29.021730,41.107281,29.021622,41.106926,29.023331,41.107735,29.021940,41.107243,127.006397
891,29.023410,41.107610,28,29.022203,41.107273,29.021698,41.106918,29.023125,41.107536,29.022184,41.107204,112.152877
892,29.023450,41.107620,50,29.021595,41.107277,29.021622,41.106945,29.024021,41.107498,29.021967,41.107208,132.422312
893,29.023510,41.107640,15,29.023279,41.107658,29.021622,41.106945,29.024021,41.107498,29.022875,41.107410,59.021885
894,29.023530,41.107640,23,29.023293,41.107662,29.022106,41.106979,29.023193,41.107567,29.022909,41.107437,56.696084
895,29.023560,41.107640,29,29.023293,41.107662,29.022106,41.106979,29.023193,41.107567,29.022909,41.107437,59.010533
896,29.023600,41.107650,84,29.022408,41.107594,29.021450,41.107384,29.022793,41.107494,29.022171,41.107513,120.683121
897,29.023620,41.107660,55,29.022408,41.107594,29.021450,41.107384,29.022793,41.107494,29.022171,41.107513,122.488619
898,29.023650,41.107660,57,29.022566,41.105934,29.024176,41.107216,29.023304,41.106548,29.023178,41.106426,142.771634
899,29.023680,41.107670,23,29.022575,41.105854,29.024176,41.107212,29.025158,41.107727,29.023462,41.106560,124.793972
900,29.023710,41.107670,70,29.022575,41.105785,29.024176,41.107197,29.030140,41.101452,29.024208,41.105579,236.182561
901,29.023770,41.107690,69,29.022566,41.105938,29.024176,41.107182,29.023777,41.107727,29.023251,41.106598,128.998323
902,29.023840,41.107700,66,29.022566,41.105938,29.024176,41.107182,29.023777,41.107727,29.023251,41.106598,132.123885
903,29.023920,41.107720,56,29.022511,41.105827,29.024176,41.107204,29.025341,41.107685,29.023455,41.106537,137.213936
904,29.023970,41.107730,14,29.022511,41.105827,29.024176,41.107204,29.025341,41.107685,29.023455,41.106537,139.519427
905,29.024010,41.107740,68,29.022509,41.105816,29.024227,41.107162,29.027636,41.103870,29.023813,41.105949,199.786674
906,29.024100,41.107770,67,29.022511,41.105869,29.024408,41.107265,29.030094,41.101303,29.024239,41.105621,239.202309
907,29.024200,41.107800,57,29.022511,41.105869,29.024408,41.107265,29.030094,41.101303,29.024239,41.105621,242.277744
908,29.024250,41.107820,15,29.022511,41.105900,29.024408,41.107258,29.024487,41.107822,29.023399,41.106609,152.320757
909,29.024290,41.107830,55,29.022511,41.105900,29.024408,41.107258,29.024487,41.107822,29.023399,41.106609,154.890789
910,29.024400,41.107850,70,29.022512,41.105846,29.024408,41.107307,29.024996,41.107861,29.023479,41.106602,158.791137
911,29.024450,41.107860,15,29.022501,41.105686,29.024408,41.107502,29.024582,41.107864,29.023411,41.106579,166.959970
912,29.024500,41.107870,65,29.022501,41.105705,29.024408,41.107391,29.024782,41.107849,29.023438,41.106556,171.098407
913,29.024610,41.107890,62,29.022501,41.105705,29.024408,41.107391,29.024782,41.107849,29.023438,41.106556,177.919313
914,29.024660,41.107890,15,29.022503,41.105694,29.024460,41.107502,29.023792,41.107769,29.023306,41.106567,185.742610
915,29.024720,41.107900,58,29.022635,41.105568,29.024658,41.107426,29.024908,41.107903,29.023607,41.106499,181.576920
916,29.024850,41.107900,72,29.022581,41.105667,29.024752,41.107647,29.025099,41.107811,29.023634,41.106606,176.348055
917,29.024970,41.107890,67,29.022581,41.105667,29.024752,41.107647,29.025099,41.107811,29.023634,41.106606,181.464959
918,29.025080,41.107880,73,29.025137,41.107811,29.021400,41.107422,29.024981,41.107845,29.023949,41.107693,97.046371
920,29.025200,41.107860,72,29.025301,41.107746,29.021429,41.107433,29.025291,41.107891,29.024094,41.107670,95.075998
922,29.025320,41.107870,70,29.025503,41.107643,29.021450,41.107403,29.025404,41.107868,29.024227,41.107605,96.187765
923,29.025440,41.107870,72,29.025799,41.107475,29.021450,41.107651,29.025812,41.107883,29.024448,41.107590,88.732453
925,29.025560,41.107870,73,29.025799,41.107475,29.021450,41.107651,29.025812,41.107883,29.024448,41.107590,98.209323
926,29.025690,41.107860,73,29.026096,41.107883,29.021700,41.107563,29.026384,41.107605,29.024771,41.107742,78.122048
928,29.025830,41.107850,76,29.026096,41.107883,29.021700,41.107563,29.026384,41.107605,29.024771,41.107742,89.551924
929,29.025950,41.107840,46,29.024702,41.106358,29.021450,41.107765,29.026447,41.107376,29.023952,41.106953,194.277656
930,29.026020,41.107850,62,29.024948,41.107891,29.021574,41.107700,29.026432,41.107876,29.024118,41.107834,159.328791
931,29.026080,41.107850,66,29.024948,41.107891,29.021574,41.107700,29.026432,41.107876,29.024118,41.107834,164.355427
933,29.026210,41.107870,74,29.026119,41.107819,29.021450,41.107735,29.026348,41.107895,29.024700,41.107807,126.690499
935,29.026320,41.107880,76,29.026119,41.107819,29.021450,41.107735,29.026348,41.107895,29.024700,41.107807,135.955189
936,29.026450,41.107900,71,29.026068,41.107849,29.021450,41.107685,29.026596,41.107906,29.024712,41.107807,146.011992
938,29.026580,41.107910,80,29.023113,41.107941,29.021437,41.107826,29.026718,41.107929,29.023130,41.107906,289.014420
939,29.026710,41.107910,74,29.022690,41.107906,29.021429,41.107395,29.026932,41.107933,29.022934,41.107754,316.842521
941,29.026830,41.107910,71,29.026896,41.107975,29.021513,41.107830,29.027056,41.107933,29.025244,41.107925,132.909998
942,29.026940,41.107910,70,29.026896,41.107975,29.021513,41.107830,29.027056,41.107933,29.025244,41.107925,142.125337
944,29.027040,41.107920,67,29.027039,41.107964,29.021751,41.107975,29.027252,41.107853,29.025423,41.107952,135.518864
945,29.027080,41.107930,6,29.027039,41.107964,29.021751,41.107975,29.027252,41.107853,29.025423,41.107952,138.844862
946,29.027120,41.107930,69,29.027187,41.107971,29.021341,41.107559,29.027256,41.107254,29.025377,41.107735,147.616314
947,29.027200,41.107930,59,29.027187,41.107971,29.021341,41.107559,29.027256,41.107254,29.025377,41.107735,154.249119
948,29.027240,41.107940,14,29.027424,41.107220,29.022432,41.107937,29.027342,41.107937,29.025858,41.107552,123.586578
949,29.027280,41.107940,71,29.027424,41.107220,29.022432,41.107937,29.027342,41.107937,29.025858,41.107552,126.731973
951,29.027350,41.107950,72,29.027464,41.107948,29.021751,41.107975,29.027637,41.107620,29.025709,41.107910,137.545386
952,29.027430,41.107950,71,29.027393,41.107956,29.021751,41.107971,29.027710,41.107620,29.025681,41.107910,146.640573
954,29.027540,41.107980,71,29.027393,41.107956,29.021751,41.107971,29.027710,41.107620,29.025681,41.107910,155.983107
955,29.027660,41.108000,67,29.027746,41.107975,29.021450,41.107529,29.027918,41.107552,29.025808,41.107773,157.180014
957,29.027810,41.108030,71,29.027746,41.107975,29.021450,41.107529,29.027918,41.107552,29.025808,41.107773,170.124842
958,29.027940,41.108040,68,29.027714,41.107964,29.022501,41.107906,29.028097,41.107555,29.026148,41.107887,151.108413
960,29.028080,41.108040,101,29.027714,41.107964,29.022501,41.107906,29.028097,41.107555,29.026148,41.107887,162.768953
961,29.028210,41.108020,68,29.028391,41.107979,29.020727,41.107399,29.028391,41.107525,29.026003,41.107731,187.691499
963,29.028330,41.108030,74,29.028391,41.107979,29.020727,41.107399,29.028391,41.107525,29.026003,41.107731,197.788236
964,29.028460,41.108090,71,29.028072,41.108017,29.021450,41.107883,29.028635,41.107643,29.026093,41.107922,199.233836
966,29.028540,41.108070,74,29.028072,41.108017,29.021450,41.107883,29.028635,41.107643,29.026093,41.107922,205.717420
967,29.028640,41.108070,72,29.028027,41.107754,29.021391,41.107864,29.028458,41.107994,29.026024,41.107826,220.855445
968,29.028720,41.108060,72,29.028204,41.107994,29.021450,41.107735,29.028681,41.107601,29.026171,41.107857,214.775979
970,29.028810,41.108050,72,29.027905,41.107979,29.021450,41.107944,29.028706,41.108021,29.026012,41.107979,234.520949
971,29.028900,41.108050,73,29.027998,41.107143,29.021839,41.107983,29.028986,41.107529,29.026226,41.107468,233.201446
973,29.028950,41.108050,73,29.029062,41.107975,29.024515,41.107765,29.029053,41.107834,29.027645,41.107891,110.745423
974,29.029000,41.108030,75,29.029051,41.107830,29.023478,41.107304,29.029108,41.107346,29.027321,41.107597,148.680633
975,29.029030,41.108010,61,29.029051,41.107830,29.023478,41.107304,29.029108,41.107346,29.027321,41.107597,150.367638
976,29.029040,41.108000,8,29.029047,41.107872,29.021429,41.107971,29.029108,41.107334,29.026682,41.107822,198.551448
977,29.029060,41.108000,72,29.029047,41.107872,29.021429,41.107971,29.029108,41.107334,29.026682,41.107822,200.218857
978,29.029090,41.107980,71,29.028862,41.107910,29.021225,41.107956,29.029097,41.107338,29.026516,41.107838,216.238906
979,29.029100,41.107950,67,29.028578,41.107941,29.021450,41.107853,29.029100,41.107307,29.026434,41.107819,223.845756
980,29.029100,41.107930,7,29.028578,41.107941,29.021450,41.107853,29.029100,41.107307,29.026434,41.107819,223.711641
983,29.029110,41.107900,75,29.028975,41.107868,29.022390,41.107899,29.029118,41.107323,29.026945,41.107800,181.723083
984,29.029100,41.107870,55,29.028975,41.107868,29.022390,41.107899,29.029118,41.107323,29.026945,41.107800,180.711542
985,29.029100,41.107850,16,29.028975,41.107868,29.022390,41.107899,29.029118,41.107323,29.026945,41.107800,180.628803
988,29.029110,41.107830,74,29.029165,41.107811,29.022491,41.107510,29.029118,41.107353,29.027079,41.107651,171.356538
989,29.029110,41.107800,76,29.029203,41.107708,29.024038,41.107422,29.029152,41.107365,29.027586,41.107571,130.208043
990,29.029130,41.107760,69,29.029203,41.107708,29.024038,41.107422,29.029152,41.107365,29.027586,41.107571,131.064062
991,29.029130,41.107730,6,29.029203,41.107708,29.024038,41.107422,29.029152,41.107365,29.027586,41.107571,130.569719
993,29.029140,41.107710,68,29.029259,41.107571,29.025023,41.107361,29.029148,41.107334,29.027922,41.107471,105.464248
994,29.029140,41.107670,69,29.029009,41.107475,29.023127,41.107510,29.029068,41.107307,29.027185,41.107460,165.414580
995,29.029140,41.107640,48,29.026726,41.105816,29.025635,41.105549,29.029057,41.107292,29.026733,41.105953,275.382880
996,29.029140,41.107620,43,29.026726,41.105816,29.025635,41.105549,29.029057,41.107292,29.026733,41.105953,273.873058
998,29.029140,41.107620,9,29.028603,41.107082,29.021441,41.107166,29.029140,41.107334,29.026451,41.107147,231.335789
999,29.029150,41.107610,68,29.028603,41.107082,29.021441,41.107166,29.029140,41.107334,29.026451,41.107147,231.902520
1002,29.029150,41.107590,14,29.028603,41.107082,29.021441,41.107166,29.029140,41.107334,29.026451,41.107147,231.419230
1003,29.029150,41.107580,68,29.028770,41.107498,29.021526,41.107025,29.029091,41.107403,29.026562,41.107338,218.516062
1004,29.029150,41.107550,71,29.028393,41.107506,29.021694,41.107292,29.029192,41.107334,29.026424,41.107414,228.856328
1005,29.029150,41.107510,75,29.028355,41.107445,29.021423,41.107311,29.029158,41.107288,29.026316,41.107380,237.907015
1006,29.029140,41.107470,60,29.028355,41.107445,29.021423,41.107311,29.029158,41.107288,29.026316,41.107380,236.841041
1009,29.029140,41.107450,13,29.028355,41.107445,29.021423,41.107311,29.029158,41.107288,29.026316,41.107380,236.757443
1010,29.029130,41.107430,73,29.029078,41.107410,29.023651,41.107426,29.029161,41.107239,29.027401,41.107391,144.926944
1011,29.029110,41.107390,94,29.029078,41.107410,29.023651,41.107426,29.029161,41.107239,29.027401,41.107391,143.187696
1012,29.029090,41.107350,70,29.029060,41.107220,29.023537,41.107498,29.029074,41.107323,29.027342,41.107327,146.489271
1013,29.029070,41.107320,58,29.029215,41.107250,29.021734,41.107513,29.029112,41.107231,29.026869,41.107330,184.425196
1016,29.029060,41.107300,12,29.029116,41.107178,29.021729,41.107605,29.029064,41.107201,29.026806,41.107319,188.869022
1017,29.029040,41.107280,68,29.028992,41.107227,29.021339,41.107525,29.029081,41.107193,29.026621,41.107319,202.728770
1018,29.029010,41.107220,60,29.028992,41.107227,29.021339,41.107525,29.029081,41.107193,29.026621,41.107319,200.470999
1019,29.028990,41.107200,7,29.028992,41.107227,29.021339,41.107525,29.029081,41.107193,29.026621,41.107319,198.933297
1021,29.028990,41.107200,8,29.028938,41.107151,29.023581,41.107517,29.028961,41.107101,29.027273,41.107258,143.984566
1022,29.028970,41.107170,54,29.028938,41.107151,29.023581,41.107517,29.028961,41.107101,29.027273,41.107258,142.500364
1023,29.028940,41.107140,11,29.028938,41.107151,29.023581,41.107517,29.028961,41.107101,29.027273,41.107258,140.265148
1025,29.028940,41.107140,22,29.028898,41.107025,29.023220,41.107571,29.028931,41.107124,29.027134,41.107212,151.529514
1026,29.028910,41.107110,49,29.028898,41.107025,29.023220,41.107571,29.028931,41.107124,29.027134,41.107212,149.236189
1027,29.028840,41.107040,63,29.028927,41.106987,29.022882,41.107540,29.028849,41.107010,29.027031,41.107162,152.179330
1028,29.028760,41.106980,67,29.028790,41.106911,29.022215,41.107430,29.028864,41.107052,29.026751,41.107094,168.832396
1029,29.028710,41.106950,7,29.028790,41.106911,29.022215,41.107430,29.028864,41.107052,29.026751,41.107094,164.945271
1032,29.028670,41.106920,71,29.028692,41.106888,29.020542,41.107288,29.028620,41.106853,29.026140,41.107006,212.170493
1033,29.028590,41.106860,59,29.028801,41.107548,29.022459,41.106663,29.028416,41.106728,29.026770,41.107151,155.911713
1034,29.028560,41.106830,50,29.028801,41.107548,29.022459,41.106663,29.028416,41.106728,29.026770,41.107151,154.191834
1037,29.028520,41.106790,63,29.028240,41.106712,29.022343,41.106510,29.028376,41.106712,29.026424,41.106647,176.290407
1038,29.028450,41.106740,76,29.028316,41.106464,29.021828,41.106781,29.028324,41.106651,29.026297,41.106594,181.147064
1039,29.028380,41.106680,61,29.028316,41.106464,29.021828,41.106781,29.028324,41.106651,29.026297,41.106594,174.815417
1040,29.028350,41.106660,9,29.028316,41.106464,29.021828,41.106781,29.028324,41.106651,29.026297,41.106594,172.196751
1043,29.028320,41.106630,63,29.028109,41.106506,29.023226,41.106514,29.028322,41.106564,29.026617,41.106522,143.188183
1044,29.028300,41.106610,10,29.028109,41.106506,29.023226,41.106514,29.028322,41.106564,29.026617,41.106522,141.346505
1046,29.028280,41.106590,61,29.028332,41.106602,29.021734,41.106647,29.028410,41.106697,29.026289,41.106636,166.893639
1049,29.028250,41.106570,34,29.028210,41.106518,29.021603,41.106728,29.028269,41.106560,29.026161,41.106594,175.029085
1050,29.028230,41.106550,47,29.028154,41.106522,29.023451,41.106510,29.028120,41.106453,29.026686,41.106510,129.462351
1051,29.028180,41.106510,63,29.028154,41.106522,29.023451,41.106510,29.028120,41.106453,29.026686,41.106510,125.197379
1052,29.028120,41.106460,71,29.028061,41.106335,29.023628,41.106380,29.028038,41.106407,29.026678,41.106361,121.306322
1056,29.028060,41.106410,70,29.022993,41.104961,29.027267,41.104790,29.027927,41.106361,29.025066,41.105118,289.062184
1057,29.027990,41.106360,66,29.022993,41.104961,29.027267,41.104790,29.027927,41.106361,29.025066,41.105118,281.216062
1060,29.027930,41.106310,76,29.022709,41.105080,29.026810,41.104790,29.027706,41.106369,29.024738,41.105186,295.159592
1061,29.027890,41.106290,68,29.022709,41.105080,29.026810,41.104790,29.027706,41.106369,29.024738,41.105186,291.182547
1062,29.027850,41.106280,69,29.022707,41.105080,29.026810,41.104790,29.027859,41.106186,29.024755,41.105156,287.829467
1063,29.027820,41.106270,67,29.022707,41.105076,29.026791,41.104790,29.027767,41.106266,29.024738,41.105167,285.830344
1064,29.027790,41.106270,72,29.022707,41.105076,29.026791,41.104790,29.027767,41.106266,29.024738,41.105167,283.561820
1065,29.027760,41.106270,73,29.022707,41.105083,29.026838,41.104790,29.027758,41.106289,29.024754,41.105175,279.777133
1066,29.027730,41.106290,70,29.022707,41.105076,29.026913,41.104790,29.027740,41.106346,29.024773,41.105179,276.879455
1067,29.027720,41.106310,65,29.022753,41.105080,29.026730,41.104790,29.027712,41.106461,29.024738,41.105198,278.751000
1068,29.027710,41.106340,73,29.022764,41.105080,29.026730,41.104790,29.027723,41.106430,29.024746,41.105194,279.124212
1069,29.027710,41.106370,59,29.022764,41.105080,29.026730,41.104790,29.027723,41.106430,29.024746,41.105194,280.662658
1072,29.027700,41.106390,5,29.022709,41.105080,29.026730,41.104790,29.027691,41.106491,29.024712,41.105206,282.909774
1073,29.027700,41.106410,63,29.022709,41.105080,29.026730,41.104790,29.027691,41.106491,29.024712,41.105206,283.951880
1074,29.027700,41.106430,9,29.022753,41.105076,29.026730,41.104790,29.027699,41.106491,29.024734,41.105202,283.528392
1075,29.027690,41.106450,69,29.022753,41.105076,29.026730,41.104790,29.027699,41.106491,29.024734,41.105202,283.875147
1076,29.027670,41.106500,62,29.022764,41.105080,29.026730,41.104790,29.027708,41.106457,29.024742,41.105198,284.852435
1077,29.027670,41.106540,7,29.022707,41.105080,29.026867,41.104790,29.027630,41.106659,29.024742,41.105228,285.389701
1078,29.027660,41.106570,71,29.022707,41.105080,29.026867,41.104790,29.027630,41.106659,29.024742,41.105228,286.393120
1079,29.027640,41.106630,61,29.022709,41.105083,29.026808,41.104790,29.027683,41.106514,29.024734,41.105209,290.199716
1080,29.027630,41.106670,5,29.022709,41.105083,29.026808,41.104790,29.027683,41.106514,29.024734,41.105209,291.947984
1083,29.027620,41.106700,70,29.022707,41.105083,29.026791,41.104790,29.027603,41.106682,29.024715,41.105232,293.019653
1084,29.027600,41.106780,63,29.022705,41.105080,29.026768,41.104790,29.027626,41.106552,29.024712,41.105213,298.193857
1088,29.027580,41.106870,68,29.022707,41.105080,29.026791,41.104790,29.027534,41.106945,29.024704,41.105270,299.503278
1089,29.027560,41.106960,69,29.022705,41.105080,29.026871,41.104790,29.027582,41.106926,29.024734,41.105267,302.489678
1092,29.027550,41.107010,14,29.027826,41.106903,29.023399,41.106312,29.027550,41.107067,29.026405,41.106747,100.274511
1093,29.027540,41.107050,58,29.027889,41.107121,29.022284,41.106598,29.027554,41.107170,29.026093,41.106964,121.649608
1094,29.027520,41.107120,73,29.027634,41.107159,29.022243,41.106483,29.027559,41.107307,29.025944,41.106972,133.088121
1095,29.027500,41.107200,63,29.027634,41.107159,29.022243,41.106483,29.027559,41.107307,29.025944,41.106972,132.834779
1099,29.027480,41.107280,63,29.027641,41.106949,29.022051,41.106380,29.027477,41.107285,29.025875,41.106819,143.898226
1103,29.027450,41.107370,70,29.027601,41.106884,29.021854,41.106712,29.027506,41.107288,29.025795,41.106892,148.515256
1104,29.027430,41.107460,64,29.027695,41.107334,29.021700,41.107082,29.027349,41.107216,29.025774,41.107239,140.908471
1107,29.027420,41.107510,7,29.027695,41.107334,29.021700,41.107082,29.027349,41.107216,29.025774,41.107239,141.166012
1108,29.027410,41.107550,67,29.027399,41.107609,29.021502,41.107452,29.027361,41.107201,29.025557,41.107498,155.392994
1109,29.027390,41.107640,65,29.027559,41.107800,29.021873,41.107494,29.027327,41.107204,29.025753,41.107620,137.168086
1112,29.027380,41.107680,7,29.027628,41.107800,29.022974,41.107506,29.027342,41.107178,29.026133,41.107616,104.750685
1113,29.027370,41.107720,73,29.027657,41.107853,29.021669,41.107460,29.027346,41.107136,29.025743,41.107624,136.690741
1114,29.027370,41.107790,76,29.027657,41.107853,29.021669,41.107460,29.027346,41.107136,29.025743,41.107624,137.517297
1115,29.027360,41.107840,66,29.027487,41.107933,29.021612,41.107780,29.027344,41.107239,29.025637,41.107780,144.536305
1116,29.027360,41.107860,117,29.027349,41.107937,29.021315,41.107594,29.027557,41.107590,29.025501,41.107777,156.006128
1117,29.027350,41.107890,51,29.027349,41.107937,29.021315,41.107594,29.027557,41.107590,29.025501,41.107777,155.404701
1118,29.027330,41.107900,79,29.027353,41.107941,29.021364,41.107502,29.027344,41.107166,29.025484,41.107693,156.363393
1119,29.027320,41.107890,71,29.027353,41.107948,29.021267,41.107449,29.027279,41.107197,29.025446,41.107681,158.719663
1120,29.027330,41.107900,141,29.027351,41.107944,29.021257,41.107529,29.027349,41.107357,29.025454,41.107727,158.383984
1121,29.027320,41.107900,72,29.027327,41.107937,29.021315,41.107525,29.027287,41.107574,29.025446,41.107758,157.810211
1122,29.027300,41.107910,71,29.027262,41.107941,29.021343,41.107563,29.027267,41.107731,29.025419,41.107796,158.086592
1123,29.027270,41.107910,63,29.027262,41.107941,29.021343,41.107563,29.027267,41.107731,29.025419,41.107796,155.581385
1126,29.027240,41.107910,6,29.027262,41.107941,29.021343,41.107563,29.027267,41.107731,29.025419,41.107796,153.076449
1127,29.027210,41.107910,73,29.027739,41.107243,29.021450,41.107944,29.027016,41.107780,29.025671,41.107548,135.085827
1128,29.027140,41.107910,72,29.027822,41.106857,29.021376,41.107941,29.027020,41.107819,29.025692,41.107342,136.786282
1129,29.027050,41.107900,67,29.027822,41.106857,29.021376,41.107941,29.027020,41.107819,29.025692,41.107342,129.608938
1132,29.027010,41.107890,5,29.027679,41.107342,29.020792,41.107925,29.026764,41.107925,29.025398,41.107616,138.420177
1133,29.026960,41.107890,50,29.027679,41.107342,29.020792,41.107925,29.026764,41.107925,29.025398,41.107616,134.336619
1134,29.026910,41.107880,19,29.027679,41.107342,29.020792,41.107925,29.026764,41.107925,29.025398,41.107616,130.004592
1136,29.026910,41.107880,6,29.028162,41.107826,29.021450,41.107685,29.026447,41.107906,29.025812,41.107800,92.414811
1137,29.026860,41.107880,65,29.028162,41.107826,29.021450,41.107685,29.026447,41.107906,29.025812,41.107800,88.246304
1138,29.026740,41.107870,67,29.028095,41.107498,29.021435,41.107803,29.026562,41.107903,29.025789,41.107655,83.179271
1141,29.026670,41.107860,9,29.027634,41.107903,29.021450,41.107918,29.026415,41.107887,29.025526,41.107906,95.981535
1142,29.026610,41.107860,79,29.026958,41.107845,29.021450,41.107571,29.026117,41.107849,29.025118,41.107765,125.457630
1143,29.026480,41.107840,65,29.026958,41.107845,29.021450,41.107571,29.026117,41.107849,29.025118,41.107765,114.424977
1147,29.026350,41.107830,66,29.023117,41.107857,29.021450,41.107750,29.026108,41.107800,29.023045,41.107815,276.940819
1150,29.026230,41.107820,73,29.026131,41.107811,29.021614,41.107758,29.026136,41.107822,29.024725,41.107800,126.116471
1153,29.026170,41.107810,5,29.024511,41.107819,29.021450,41.107780,29.025980,41.107822,29.023779,41.107807,200.331206
1154,29.026110,41.107810,81,29.022570,41.107731,29.021446,41.107819,29.025888,41.107811,29.022720,41.107769,284.030974
1155,29.025990,41.107800,71,29.022892,41.107792,29.021908,41.107716,29.020046,41.107231,29.022160,41.107689,321.160308
1156,29.025860,41.107800,22,29.022892,41.107792,29.021908,41.107716,29.020046,41.107231,29.022160,41.107689,310.276921
1158,29.025860,41.107800,41,29.022892,41.107792,29.021908,41.107716,29.020046,41.107231,29.022160,41.107689,310.276921
1159,29.025800,41.107800,6,29.022892,41.107792,29.021908,41.107716,29.020046,41.107231,29.022160,41.107689,305.254019
1162,29.025740,41.107800,74,29.023197,41.107857,29.021700,41.107792,29.025400,41.107803,29.023062,41.107834,224.421749
1163,29.025610,41.107810,66,29.023197,41.107857,29.021700,41.107792,29.025400,41.107803,29.023062,41.107834,213.514912
1166,29.025550,41.107810,8,29.024654,41.107830,29.021450,41.107685,29.025373,41.107815,29.023766,41.107784,149.531843
1167,29.025490,41.107810,125,29.024654,41.107830,29.021450,41.107685,29.025373,41.107815,29.023766,41.107784,144.505847
1168,29.025430,41.107820,25,29.024654,41.107830,29.021450,41.107685,29.025373,41.107815,29.023766,41.107784,139.507145
1171,29.025360,41.107820,60,29.024618,41.107773,29.021517,41.107235,29.025084,41.107834,29.023724,41.107616,138.957791
1172,29.025230,41.107820,33,29.024618,41.107773,29.021517,41.107235,29.025084,41.107834,29.023724,41.107616,128.223822
1173,29.025170,41.107830,31,29.024618,41.107773,29.021517,41.107235,29.025084,41.107834,29.023724,41.107616,123.488022
1176,29.025110,41.107830,69,29.024521,41.107113,29.021616,41.107433,29.025238,41.107849,29.023724,41.107327,128.944477
1177,29.025040,41.107840,30,29.024521,41.107113,29.021616,41.107433,29.025238,41.107849,29.023724,41.107327,124.194811
1179,29.025040,41.107840,7,29.025240,41.107605,29.021450,41.107685,29.023724,41.107849,29.023834,41.107670,102.779402
1180,29.024970,41.107850,77,29.025240,41.107605,29.021450,41.107685,29.023724,41.107849,29.023834,41.107670,97.243852
1181,29.024840,41.107860,68,29.024813,41.106812,29.021461,41.107826,29.023708,41.107838,29.023603,41.107285,121.769791
1182,29.024730,41.107870,36,29.022501,41.105755,29.024408,41.107288,29.023708,41.107838,29.023279,41.106544,191.046907
1183,29.024670,41.107870,33,29.022501,41.105755,29.024408,41.107288,29.023708,41.107838,29.023279,41.106544,187.888513
1186,29.024620,41.107860,71,29.022505,41.105961,29.024460,41.107521,29.023041,41.107826,29.023195,41.106731,173.197407
1187,29.024510,41.107860,60,29.022505,41.105961,29.024460,41.107521,29.023041,41.107826,29.023195,41.106731,166.979170
1188,29.024390,41.107840,45,29.022503,41.105686,29.024460,41.107483,29.022572,41.107807,29.023123,41.106567,176.909562
1189,29.024330,41.107830,32,29.022503,41.105686,29.024460,41.107483,29.022572,41.107807,29.023123,41.106567,173.035711
1192,29.024260,41.107820,61,29.022511,41.105946,29.024227,41.107273,29.025183,41.107632,29.023447,41.106613,150.490934
1193,29.024140,41.107780,47,29.022512,41.105957,29.024408,41.107330,29.023987,41.107803,29.023327,41.106667,141.314184
1194,29.024080,41.107770,32,29.022512,41.105957,29.024408,41.107330,29.023987,41.107803,29.023327,41.106667,137.970751
1197,29.024030,41.107760,69,29.022511,41.105961,29.024227,41.107212,29.024010,41.107803,29.023272,41.106632,140.582956
1198,29.023930,41.107730,68,29.022511,41.105846,29.024227,41.107216,29.023903,41.107788,29.023254,41.106567,141.126333
1199,29.023830,41.107710,35,29.022575,41.105804,29.024176,41.107208,29.024021,41.107811,29.023293,41.106544,137.198476
1200,29.023790,41.107700,27,29.022575,41.105804,29.024176,41.107208,29.024021,41.107811,29.023293,41.106544,135.077219
1202,29.023790,41.107700,7,29.022573,41.105869,29.024176,41.107231,29.023722,41.107800,29.023247,41.106586,131.920505
1203,29.023760,41.107680,66,29.022573,41.105869,29.024176,41.107231,29.023722,41.107800,29.023247,41.106586,128.975799
1204,29.023690,41.107660,72,29.022509,41.105923,29.024176,41.107162,29.023630,41.107796,29.023195,41.106590,125.963752
1205,29.023620,41.107650,44,29.022509,41.105923,29.024176,41.107162,29.023630,41.107796,29.023195,41.106590,123.092531
1206,29.023590,41.107640,27,29.022509,41.105923,29.024176,41.107162,29.023630,41.107796,29.023195,41.106590,121.319332
1208,29.023590,41.107640,6,29.022509,41.105923,29.024176,41.107162,29.023630,41.107796,29.023195,41.106590,121.319332
1209,29.023560,41.107640,71,29.022512,41.105900,29.024176,41.107178,29.023567,41.107803,29.023191,41.106586,121.149839
1210,29.023490,41.107630,36,29.022512,41.105900,29.024176,41.107178,29.023567,41.107803,29.023191,41.106586,118.702143
1211,29.023450,41.107620,33,29.022512,41.105900,29.024176,41.107178,29.023567,41.107803,29.023191,41.106586,116.948520
1214,29.023410,41.107620,70,29.022511,41.106014,29.024227,41.107262,29.023296,41.107750,29.023165,41.106667,107.990053
1215,29.023320,41.107600,39,29.022505,41.105793,29.024408,41.107376,29.023247,41.107738,29.023211,41.106579,113.919113
1216,29.023260,41.107600,33,29.022505,41.105793,29.024408,41.107376,29.023247,41.107738,29.023211,41.106579,113.624902
1219,29.023210,41.107590,71,29.022472,41.105694,29.024658,41.107426,29.022797,41.107708,29.023203,41.106537,117.104756
1220,29.023100,41.107570,39,29.022472,41.105694,29.024658,41.107426,29.022797,41.107708,29.023203,41.106537,115.202366
1221,29.023060,41.107570,34,29.022472,41.105694,29.024658,41.107426,29.022797,41.107708,29.023203,41.106537,115.501517
1224,29.023010,41.107570,34,29.022751,41.105606,29.024754,41.107403,29.022713,41.107712,29.023373,41.106487,124.168499
1225,29.022970,41.107570,31,29.022751,41.105606,29.024754,41.107403,29.022713,41.107712,29.023373,41.106487,125.030805
1228,29.022940,41.107570,67,29.022718,41.107594,29.021450,41.107666,29.022743,41.107716,29.022326,41.107635,51.995761
1229,29.022870,41.107590,42,29.022707,41.107643,29.021450,41.107567,29.022755,41.107716,29.022322,41.107632,46.171209
1230,29.022840,41.107600,27,29.022707,41.107643,29.021450,41.107567,29.022755,41.107716,29.022322,41.107632,43.567167
1233,29.022820,41.107610,42,29.022758,41.107861,29.021450,41.107594,29.022997,41.107719,29.022385,41.107758,39.996229
1234,29.022800,41.107620,32,29.022758,41.107861,29.021450,41.107594,29.022997,41.107719,29.022385,41.107758,38.013299
1237,29.022770,41.107640,37,29.022675,41.107651,29.021458,41.107689,29.023104,41.107712,29.022360,41.107674,34.566672
1238,29.022750,41.107650,28,29.022675,41.107651,29.021458,41.107689,29.023104,41.107712,29.022360,41.107674,32.793534
1240,29.022750,41.107650,6,29.022675,41.107651,29.021458,41.107689,29.023104,41.107712,29.022360,41.107674,32.793534
1241,29.022730,41.107660,68,29.022583,41.107677,29.021461,41.107548,29.023094,41.107716,29.022308,41.107647,35.356818
1242,29.022680,41.107690,41,29.022583,41.107677,29.021461,41.107548,29.023094,41.107716,29.022308,41.107647,31.503793
1243,29.022650,41.107710,26,29.022583,41.107677,29.021461,41.107548,29.023094,41.107716,29.022308,41.107647,29.470639
1246,29.022630,41.107730,39,29.022528,41.107754,29.021460,41.107449,29.023046,41.107536,29.022274,41.107624,32.067498
1247,29.022600,41.107740,33,29.022528,41.107754,29.021460,41.107449,29.023046,41.107536,29.022274,41.107624,30.201780
1250,29.022580,41.107760,74,29.022453,41.107811,29.021486,41.107437,29.023144,41.107712,29.022257,41.107681,28.454260
1251,29.022540,41.107780,78,29.022419,41.107826,29.021610,41.107601,29.023075,41.107704,29.022266,41.107738,23.383869
1252,29.022490,41.107810,38,29.022419,41.107826,29.021610,41.107601,29.023075,41.107704,29.022266,41.107738,20.352161
1253,29.022470,41.107820,33,29.022419,41.107826,29.021610,41.107601,29.023075,41.107704,29.022266,41.107738,19.317117
1256,29.022450,41.107840,76,29.022524,41.107922,29.021545,41.107697,29.022982,41.107529,29.022287,41.107800,14.349517
1257,29.022410,41.107860,38,29.022524,41.107922,29.021545,41.107697,29.022982,41.107529,29.022287,41.107800,12.278993
1258,29.022390,41.107870,33,29.022524,41.107922,29.021545,41.107697,29.022982,41.107529,29.022287,41.107800,11.633525
1261,29.022370,41.107880,72,29.022388,41.107796,29.021450,41.107639,29.022671,41.107552,29.022139,41.107712,26.939106
1262,29.022340,41.107900,75,29.022388,41.107796,29.021450,41.107639,29.022671,41.107552,29.022139,41.107712,26.883248
1263,29.022320,41.107910,75,29.022547,41.107906,29.021450,41.107670,29.022785,41.107727,29.022240,41.107803,13.635523
1264,29.022300,41.107920,81,29.022312,41.107922,29.021450,41.107655,29.022934,41.107513,29.022139,41.107780,20.582275
1265,29.022290,41.107930,67,29.022387,41.107929,29.021545,41.107704,29.022268,41.107719,29.022108,41.107830,18.863711
1266,29.022270,41.107940,74,29.022387,41.107929,29.021545,41.107704,29.022268,41.107719,29.022108,41.107830,18.262549
1267,29.022250,41.107950,72,29.023657,41.107922,29.021576,41.107700,29.022491,41.107708,29.022833,41.107822,50.853131
1268,29.022220,41.107960,76,29.022461,41.107933,29.021633,41.107655,29.022436,41.107727,29.022202,41.107815,16.220665
1269,29.022180,41.107970,74,29.023378,41.107918,29.021511,41.107666,29.022667,41.107689,29.022692,41.107807,46.540484
1270,29.022130,41.107980,39,29.023378,41.107918,29.021511,41.107666,29.022667,41.107689,29.022692,41.107807,50.835769
1271,29.022100,41.107990,30,29.023378,41.107918,29.021511,41.107666,29.022667,41.107689,29.022692,41.107807,53.583132
1274,29.022070,41.107990,72,29.022179,41.107925,29.021700,41.107662,29.022461,41.107727,29.022074,41.107815,19.485122
1275,29.022000,41.108000,38,29.022259,41.107929,29.021816,41.107643,29.022556,41.107555,29.022167,41.107788,27.413507
1276,29.021960,41.108000,24,29.022259,41.107929,29.021816,41.107643,29.022556,41.107555,29.022167,41.107788,29.268198
1278,29.021960,41.108000,11,29.022259,41.107929,29.021816,41.107643,29.022556,41.107555,29.022167,41.107788,29.268198
1279,29.021930,41.108000,37,29.022160,41.107914,29.021450,41.107693,29.021891,41.107582,29.021898,41.107800,22.449206
1280,29.021900,41.108010,30,29.022160,41.107914,29.021450,41.107693,29.021891,41.107582,29.021898,41.107800,23.403642
1283,29.021870,41.108010,76,29.022266,41.107895,29.021450,41.107407,29.021866,41.107582,29.021954,41.107697,35.552408
1284,29.021810,41.108010,76,29.023981,41.107800,29.021450,41.107895,29.022110,41.107563,29.022913,41.107796,95.432615
1285,29.021780,41.108020,17,29.023981,41.107800,29.021450,41.107895,29.022110,41.107563,29.022913,41.107796,98.145131
1287,29.021780,41.108020,13,29.023981,41.107800,29.021450,41.107895,29.022110,41.107563,29.022913,41.107796,98.145131
1288,29.021740,41.108030,67,29.022253,41.107872,29.021542,41.107792,29.019007,41.107910,29.021545,41.107853,25.562402
1289,29.021670,41.108030,72,29.023233,41.107807,29.021450,41.107815,29.022631,41.107239,29.022589,41.107727,84.021867
1290,29.021590,41.108020,52,29.023233,41.107807,29.021450,41.107815,29.022631,41.107239,29.022589,41.107727,89.792890
1291,29.021550,41.108020,19,29.023233,41.107807,29.021450,41.107815,29.022631,41.107239,29.022589,41.107727,92.923839
1293,29.021550,41.108020,9,29.023233,41.107807,29.021450,41.107815,29.022631,41.107239,29.022589,41.107727,92.923839
1294,29.021510,41.108020,64,29.022238,41.107918,29.021450,41.107635,29.019770,41.107780,29.021622,41.107811,25.056076
1295,29.021420,41.108010,68,29.022114,41.107872,29.021450,41.107224,29.021481,41.107948,29.021812,41.107685,48.850024
1296,29.021330,41.108000,74,29.020294,41.106220,29.021708,41.107147,29.019180,41.107922,29.020569,41.106766,151.335289
1297,29.021230,41.107980,32,29.019501,41.106415,29.021708,41.107151,29.021307,41.107944,29.020458,41.106876,138.711178
1298,29.021180,41.107980,28,29.019501,41.106415,29.021708,41.107151,29.021307,41.107944,29.020458,41.106876,136.808565
1300,29.021180,41.107980,13,29.019501,41.106415,29.021708,41.107151,29.021307,41.107944,29.020458,41.106876,136.808565
1301,29.021130,41.107970,61,29.020071,41.106216,29.021919,41.107147,29.020988,41.107937,29.020786,41.106766,136.968349
1302,29.021080,41.107960,15,29.020071,41.106216,29.021919,41.107147,29.020988,41.107937,29.020786,41.106766,135.055711
1304,29.021040,41.107950,58,29.021091,41.106216,29.021896,41.107147,29.019979,41.107883,29.021177,41.106758,133.029507
1305,29.020990,41.107940,16,29.021091,41.106216,29.021896,41.107147,29.019979,41.107883,29.021177,41.106758,132.352833
1308,29.020950,41.107930,82,29.021156,41.106262,29.021896,41.107159,29.020517,41.107914,29.021294,41.106789,130.138732
1309,29.020870,41.107900,68,29.021143,41.106453,29.021919,41.107159,29.020939,41.107922,29.021357,41.106895,118.908114
1310,29.020790,41.107890,57,29.021032,41.106449,29.022324,41.106884,29.020632,41.107903,29.021378,41.106804,130.417207
1311,29.020750,41.107880,16,29.021032,41.106449,29.022324,41.106884,29.020632,41.107903,29.021378,41.106804,130.700014
1314,29.020710,41.107870,56,29.021172,41.106289,29.022324,41.106869,29.019575,41.107468,29.021294,41.106647,144.464296
1315,29.020670,41.107870,15,29.021172,41.106289,29.022324,41.106869,29.019575,41.107468,29.021294,41.106647,145.632822
1318,29.020630,41.107860,75,29.021004,41.106377,29.022324,41.107155,29.020224,41.106926,29.021301,41.106705,140.234046
1319,29.020570,41.107860,57,29.020885,41.106438,29.021919,41.107155,29.019480,41.106968,29.021000,41.106743,129.337106
1320,29.020540,41.107850,15,29.020885,41.106438,29.021919,41.107155,29.019480,41.106968,29.021000,41.106743,128.997888
1323,29.020520,41.107850,74,29.020691,41.106419,29.021963,41.107155,29.019135,41.106850,29.020855,41.106712,129.577255
1324,29.020470,41.107840,73,29.021341,41.106430,29.022455,41.107159,29.019287,41.106804,29.021379,41.106712,146.727019
1325,29.020420,41.107830,57,29.021341,41.106430,29.022455,41.107159,29.019287,41.106804,29.021379,41.106712,148.010687
1326,29.020380,41.107830,14,29.021341,41.106430,29.022455,41.107159,29.019287,41.106804,29.021379,41.106712,149.857279
1329,29.020350,41.107830,74,29.020033,41.103432,29.022858,41.107143,29.018984,41.106884,29.020760,41.105110,304.372170
1330,29.020260,41.107820,58,29.020006,41.105606,29.022722,41.107143,29.020464,41.107853,29.020922,41.106422,164.996337
1331,29.020220,41.107810,16,29.020006,41.105606,29.022722,41.107143,29.020464,41.107853,29.020922,41.106422,165.112854
1334,29.020170,41.107800,55,29.019215,41.105125,29.022020,41.107136,29.018885,41.106850,29.020041,41.106010,199.285849
1335,29.020120,41.107790,15,29.019215,41.105125,29.022020,41.107136,29.018885,41.106850,29.020041,41.106010,197.990415
1338,29.020070,41.107780,71,29.020145,41.101933,29.021450,41.107132,29.019762,41.107655,29.020496,41.104412,376.195700
1339,29.019980,41.107760,60,29.020227,41.102764,29.021450,41.106815,29.019499,41.107204,29.020500,41.104694,343.657753
1340,29.019930,41.107750,15,29.020227,41.102764,29.021450,41.106815,29.019499,41.107204,29.020500,41.104694,343.112968
1343,29.019890,41.107740,74,29.019979,41.101318,29.021450,41.106201,29.019768,41.107674,29.020407,41.103794,440.895054
1344,29.019790,41.107710,65,29.017832,41.103119,29.021450,41.107582,29.019564,41.107658,29.019218,41.105190,284.243295
1345,29.019740,41.107700,15,29.017832,41.103119,29.021450,41.107582,29.019564,41.107658,29.019218,41.105190,282.468980
1348,29.019700,41.107690,65,29.017429,41.104122,29.021450,41.106762,29.019018,41.107616,29.018923,41.105469,255.431143
1349,29.019650,41.107670,13,29.017429,41.104122,29.021450,41.106762,29.019018,41.107616,29.018923,41.105469,252.236842
1352,29.019610,41.107660,61,29.017838,41.103813,29.021450,41.107555,29.018602,41.107594,29.019081,41.105549,238.893864
1353,29.019560,41.107650,15,29.017838,41.103813,29.021450,41.107555,29.018602,41.107594,29.019081,41.105549,237.056415
1356,29.019520,41.107640,112,29.017998,41.102398,29.021450,41.105434,29.019079,41.107613,29.019236,41.104130,391.044020
1357,29.019440,41.107610,57,29.018696,41.103142,29.021450,41.105740,29.018902,41.107178,29.019588,41.104557,339.701796
1358,29.019380,41.107610,67,29.018547,41.105343,29.021786,41.105778,29.018894,41.107044,29.019609,41.105736,209.288689
1359,29.019360,41.107600,12,29.018547,41.105343,29.021786,41.105778,29.018894,41.107044,29.019609,41.105736,208.342886
1362,29.019340,41.107580,73,29.019110,41.104095,29.021450,41.105766,29.018990,41.107468,29.019819,41.105122,276.293657
1363,29.019300,41.107570,74,29.018564,41.106071,29.021450,41.105728,29.018780,41.107277,29.019495,41.106148,158.986964
1364,29.019280,41.107570,108,29.020002,41.100883,29.021450,41.107586,29.018929,41.107380,29.020296,41.103951,411.375549
1365,29.019250,41.107560,70,29.020002,41.100883,29.021450,41.107586,29.018929,41.107380,29.020296,41.103951,410.816652
1366,29.019220,41.107550,64,29.017530,41.104652,29.021450,41.107533,29.018888,41.107182,29.018957,41.105930,181.440857
1367,29.019200,41.107540,13,29.017530,41.104652,29.021450,41.107533,29.018888,41.107182,29.018957,41.105930,180.140216
1370,29.019180,41.107530,84,29.017689,41.105591,29.021576,41.105698,29.018946,41.107571,29.019091,41.105923,178.880425
1371,29.019150,41.107530,109,29.019447,41.102200,29.021450,41.106068,29.019144,41.107540,29.020027,41.104206,376.838399
1372,29.019110,41.107510,70,29.019684,41.105831,29.021450,41.106476,29.019302,41.107639,29.020178,41.106304,161.190941
1373,29.019060,41.107490,60,29.019684,41.105831,29.021450,41.106476,29.019302,41.107639,29.020178,41.106304,161.735086
1374,29.019030,41.107480,13,29.019684,41.105831,29.021450,41.106476,29.019302,41.107639,29.020178,41.106304,162.306402
1376,29.019030,41.107480,14,29.019684,41.105831,29.021450,41.106476,29.019302,41.107639,29.020178,41.106304,162.306402
1377,29.019000,41.107460,71,29.019833,41.105576,29.021450,41.107395,29.018831,41.107533,29.020189,41.106438,151.165388
1378,29.018990,41.107440,76,29.019833,41.105576,29.021450,41.107395,29.018831,41.107533,29.020189,41.106438,150.059933
1379,29.018970,41.107420,74,29.019781,41.105629,29.021450,41.107410,29.018244,41.107471,29.020071,41.106461,141.035887
1380,29.018950,41.107420,70,29.017052,41.101978,29.021450,41.107430,29.020069,41.107353,29.018873,41.104485,326.469641
1381,29.018920,41.107400,73,29.015619,41.105766,29.021450,41.106670,29.019108,41.107349,29.017960,41.106285,147.796557
1382,29.018890,41.107390,113,29.015619,41.105766,29.021450,41.106670,29.019108,41.107349,29.017960,41.106285,145.503164
1383,29.018870,41.107390,67,29.015730,41.105644,29.021450,41.106274,29.018627,41.107372,29.017948,41.106102,162.718888
1384,29.018810,41.107370,54,29.015583,41.105629,29.021450,41.106934,29.018673,41.107441,29.017876,41.106308,141.680787
1385,29.018780,41.107370,13,29.015583,41.105629,29.021450,41.106934,29.018673,41.107441,29.017876,41.106308,140.307663
1388,29.018740,41.107360,79,29.017103,41.104706,29.021450,41.106773,29.018169,41.107239,29.018618,41.105732,181.319430
1389,29.018640,41.107360,62,29.017103,41.104706,29.021450,41.106773,29.018169,41.107239,29.018618,41.105732,181.039033
1390,29.018600,41.107350,47,29.017103,41.104706,29.021450,41.106773,29.018169,41.107239,29.018618,41.105732,179.923445
1392,29.018600,41.107350,14,29.017103,41.104706,29.021450,41.106773,29.018169,41.107239,29.018618,41.105732,179.923445
1393,29.018550,41.107340,56,29.016884,41.104820,29.021450,41.107353,29.020720,41.106701,29.018885,41.105892,163.413571
1394,29.018490,41.107330,14,29.016884,41.104820,29.021450,41.107353,29.020720,41.106701,29.018885,41.105892,163.261704
1397,29.018430,41.107330,63,29.019081,41.102180,29.021450,41.107586,29.017998,41.107067,29.019657,41.104603,320.204788
1398,29.018380,41.107320,12,29.019081,41.102180,29.021450,41.107586,29.017998,41.107067,29.019657,41.104603,320.526028
1400,29.018380,41.107320,8,29.017292,41.104534,29.021450,41.107361,29.018066,41.107048,29.018705,41.105793,171.969169
1401,29.018330,41.107310,55,29.017292,41.104534,29.021450,41.107361,29.018066,41.107048,29.018705,41.105793,171.589556
1402,29.018260,41.107310,12,29.017292,41.104534,29.021450,41.107361,29.018066,41.107048,29.018705,41.105793,172.760737
1404,29.018260,41.107310,8,29.017717,41.105206,29.021450,41.107361,29.018270,41.107281,29.018963,41.106190,137.786664
1405,29.018190,41.107310,72,29.016279,41.105839,29.021450,41.106182,29.018721,41.106842,29.018259,41.106098,134.872916
1406,29.018060,41.107290,62,29.016279,41.105839,29.021450,41.106182,29.018721,41.106842,29.018259,41.106098,133.570094
1409,29.017990,41.107280,16,29.016279,41.105839,29.021450,41.106182,29.018721,41.106842,29.018259,41.106098,133.332288
1410,29.017920,41.107270,92,29.019787,41.105412,29.021553,41.106400,29.020973,41.107216,29.020514,41.105991,259.677433
1411,29.017850,41.107250,12,29.019787,41.105412,29.021553,41.106400,29.020973,41.107216,29.020514,41.105991,263.416371
1413,29.017850,41.107250,9,29.016991,41.104855,29.021450,41.104794,29.018589,41.107208,29.018621,41.105190,237.976416
1414,29.017790,41.107240,78,29.018198,41.103909,29.021450,41.107250,29.018438,41.106934,29.019251,41.105404,238.043320
1415,29.017660,41.107210,49,29.018198,41.103909,29.021450,41.107250,29.018438,41.106934,29.019251,41.105404,241.036464
1416,29.017600,41.107210,16,29.018198,41.103909,29.021450,41.107250,29.018438,41.106934,29.019251,41.105404,243.852339
1418,29.017600,41.107210,16,29.017179,41.107048,29.021450,41.107296,29.018156,41.107250,29.018656,41.107159,88.640453
1419,29.017540,41.107200,59,29.017179,41.107048,29.021450,41.107296,29.018156,41.107250,29.018656,41.107159,93.596384
1422,29.017490,41.107190,20,29.017738,41.106441,29.021450,41.105251,29.018435,41.107304,29.018999,41.106205,167.281553
1423,29.017440,41.107180,77,29.017275,41.106949,29.021450,41.107243,29.017818,41.107273,29.018660,41.107090,102.670377
1424,29.017350,41.107150,80,29.017130,41.107098,29.021450,41.107243,29.018602,41.106956,29.018702,41.107124,113.273600
1425,29.017260,41.107130,59,29.017130,41.107098,29.021450,41.107243,29.018602,41.106956,29.018702,41.107124,120.779790
1428,29.017220,41.107120,20,29.017391,41.107113,29.021450,41.106411,29.017448,41.107224,29.018663,41.106911,123.152525
1429,29.017170,41.107100,64,29.017391,41.107113,29.021450,41.106411,29.017448,41.107224,29.018663,41.106911,126.880876
1430,29.017080,41.107080,67,29.016691,41.106384,29.021450,41.107243,29.017561,41.106392,29.018305,41.106651,113.151326
1431,29.017030,41.107060,6,29.016691,41.106384,29.021450,41.107243,29.017561,41.106392,29.018305,41.106651,116.075370
1433,29.017030,41.107060,19,29.016863,41.104706,29.021450,41.106964,29.017357,41.107117,29.018366,41.105770,181.931011
1434,29.016980,41.107050,60,29.016863,41.104706,29.021450,41.106964,29.017357,41.107117,29.018366,41.105770,183.674865
1435,29.016890,41.107020,71,29.016882,41.104710,29.021450,41.106781,29.016911,41.107006,29.018311,41.105701,188.843947
1438,29.016840,41.107010,14,29.016886,41.106964,29.021450,41.107227,29.017817,41.106064,29.018450,41.106915,135.290571
1439,29.016790,41.106990,64,29.016886,41.106964,29.021450,41.107227,29.017817,41.106064,29.018450,41.106915,139.315593
1440,29.016750,41.106970,6,29.016886,41.106964,29.021450,41.107227,29.017817,41.106064,29.018450,41.106915,142.547466
1443,29.016710,41.106950,69,29.016970,41.106953,29.021450,41.107285,29.020590,41.105873,29.018911,41.106895,184.537721
1446,29.016660,41.106930,12,29.016918,41.106949,29.021450,41.107285,29.017111,41.107014,29.018364,41.107063,143.530434
1447,29.016610,41.106910,66,29.016918,41.106949,29.021450,41.107285,29.017111,41.107014,29.018364,41.107063,147.937587
1450,29.016570,41.106890,14,29.016525,41.106808,29.021450,41.105412,29.017056,41.107010,29.018139,41.106403,142.150032
1451,29.016530,41.106870,64,29.016525,41.106808,29.021450,41.105412,29.017056,41.107010,29.018139,41.106403,144.440942
1452,29.016440,41.106830,55,29.016880,41.105259,29.021450,41.107124,29.018404,41.106915,29.018536,41.106091,193.878337
1453,29.016400,41.106810,47,29.016880,41.105259,29.021450,41.107124,29.018404,41.106915,29.018536,41.106091,196.000369
1455,29.016400,41.106810,6,29.016880,41.105259,29.021450,41.107124,29.018404,41.106915,29.018536,41.106091,196.000369
1456,29.016360,41.106790,71,29.016563,41.103992,29.021450,41.106205,29.017691,41.107143,29.018255,41.105156,241.307337
1460,29.016260,41.106740,77,29.018484,41.106297,29.021450,41.106377,29.018314,41.107174,29.019384,41.106457,263.661290
1461,29.016190,41.106680,72,29.018484,41.105835,29.021450,41.106533,29.017738,41.106365,29.019299,41.106133,267.468226
1462,29.016100,41.106630,68,29.018484,41.105835,29.021450,41.106533,29.017738,41.106365,29.019299,41.106133,273.638444
1463,29.016060,41.106600,5,29.018484,41.105835,29.021450,41.106533,29.017738,41.106365,29.019299,41.106133,276.274465
1465,29.016060,41.106600,6,29.018484,41.105835,29.021450,41.106533,29.017738,41.106365,29.019299,41.106133,276.274465
1466,29.016010,41.106570,110,29.016048,41.103729,29.021450,41.106331,29.019167,41.106949,29.018200,41.105026,251.261261
1467,29.015940,41.106500,62,29.016048,41.103729,29.021450,41.106331,29.019167,41.106949,29.018200,41.105026,250.414117
1470,29.015900,41.106470,6,29.016048,41.103729,29.021450,41.106331,29.019167,41.106949,29.018200,41.105026,250.809587
1471,29.015860,41.106440,71,29.016180,41.103401,29.021450,41.106655,29.017483,41.106815,29.018019,41.104931,246.723888
1474,29.015830,41.106420,7,29.016420,41.106411,29.021450,41.107281,29.017820,41.106728,29.018200,41.106731,201.558322
1475,29.015800,41.106400,79,29.016087,41.104614,29.021450,41.106426,29.018623,41.106674,29.018139,41.105492,220.462266
1476,29.015750,41.106360,63,29.016087,41.104614,29.021450,41.106426,29.018623,41.106674,29.018139,41.105492,222.225877
1479,29.015730,41.106350,10,29.016226,41.103279,29.021450,41.106445,29.017590,41.106796,29.018063,41.104794,261.052951
1480,29.015720,41.106340,74,29.016226,41.103279,29.021450,41.106445,29.017590,41.106796,29.018063,41.104794,260.946725
1481,29.015700,41.106330,80,29.016342,41.102646,29.021450,41.106678,29.016809,41.106541,29.018007,41.104488,281.613153
1482,29.015690,41.106320,71,29.015903,41.105167,29.021450,41.107243,29.018232,41.106808,29.017981,41.106060,194.079713
1483,29.015670,41.106300,80,29.017130,41.100189,29.021358,41.106392,29.017797,41.107132,29.018549,41.103168,423.597917
1484,29.015650,41.106290,75,29.015574,41.106003,29.021450,41.106255,29.017498,41.106823,29.017696,41.106205,171.715282
1485,29.015630,41.106280,76,29.016066,41.106041,29.021450,41.106209,29.016855,41.106716,29.017866,41.106197,187.578579
1486,29.015610,41.106260,80,29.016066,41.106041,29.021450,41.106209,29.016855,41.106716,29.017866,41.106197,189.157360
1487,29.015590,41.106250,70,29.016691,41.102676,29.021345,41.106831,29.017029,41.106632,29.018194,41.104568,287.347933
1491,29.015560,41.106230,62,29.015560,41.106060,29.021450,41.106709,29.018059,41.106659,29.017773,41.106354,185.897667
1495,29.015540,41.106190,69,29.015539,41.106018,29.021450,41.106262,29.018330,41.106255,29.017801,41.106133,189.568589
1496,29.015510,41.106150,76,29.015474,41.105740,29.021450,41.106472,29.017916,41.105988,29.017704,41.106007,184.514465
1497,29.015480,41.106120,67,29.015474,41.105740,29.021450,41.106472,29.017916,41.105988,29.017704,41.106007,186.763978
1498,29.015460,41.106100,8,29.015474,41.105740,29.021450,41.106472,29.017916,41.105988,29.017704,41.106007,188.300200
1500,29.015450,41.106080,69,29.015490,41.106045,29.021450,41.106087,29.018202,41.106800,29.017756,41.106171,193.428966
1501,29.015430,41.106020,75,29.015522,41.105820,29.021450,41.105652,29.017738,41.106659,29.017704,41.105896,191.025823
1504,29.015410,41.105990,8,29.015865,41.104366,29.021450,41.106812,29.017876,41.106670,29.017908,41.105476,216.955395
1505,29.015400,41.105960,74,29.015480,41.105762,29.021450,41.106831,29.018141,41.106651,29.017742,41.106232,198.548622
1506,29.015380,41.105920,70,29.015450,41.105839,29.021450,41.106495,29.017824,41.106644,29.017675,41.106167,194.268148
1507,29.015360,41.105900,81,29.015450,41.105839,29.021450,41.106495,29.017824,41.106644,29.017675,41.106167,196.251104
1508,29.015360,41.105880,73,29.015434,41.105854,29.021450,41.106667,29.018011,41.106625,29.017696,41.106228,199.538239
1509,29.015350,41.105850,74,29.015425,41.105835,29.021450,41.106548,29.017872,41.106682,29.017673,41.106186,198.224179
1512,29.015340,41.105830,74,29.015615,41.106033,29.021450,41.107075,29.017801,41.106651,29.017763,41.106457,214.650339
1516,29.015340,41.105790,79,29.015810,41.105240,29.021450,41.104752,29.017761,41.106613,29.017862,41.105297,218.325189
1517,29.015340,41.105740,77,29.015434,41.105747,29.021450,41.106754,29.018003,41.106617,29.017696,41.106194,203.768307
1518,29.015340,41.105680,75,29.015436,41.105602,29.021450,41.106709,29.018084,41.106613,29.017708,41.106098,203.764434
1520,29.015360,41.105620,76,29.015436,41.105602,29.021450,41.106709,29.018084,41.106613,29.017708,41.106098,203.771628
1521,29.015370,41.105560,75,29.015675,41.105637,29.021450,41.105587,29.017523,41.105984,29.017756,41.105675,200.277266
1522,29.015380,41.105530,8,29.015675,41.105637,29.021450,41.105587,29.017523,41.105984,29.017756,41.105675,199.682325
1523,29.015400,41.105500,70,29.015490,41.104778,29.021450,41.105743,29.017834,41.105984,29.017700,41.105259,194.578250
1524,29.015440,41.105450,73,29.015438,41.105289,29.021450,41.106148,29.018105,41.106659,29.017714,41.105766,193.709332
1525,29.015470,41.105420,9,29.015482,41.105095,29.021450,41.106113,29.018003,41.106682,29.017721,41.105656,190.427324
1526,29.015490,41.105380,66,29.015482,41.105095,29.021450,41.106113,29.018003,41.106682,29.017721,41.105656,189.436430
1527,29.015520,41.105350,7,29.015482,41.105095,29.021450,41.106113,29.018003,41.106682,29.017721,41.105656,187.532292
1528,29.015540,41.105310,71,29.015579,41.105160,29.021450,41.105392,29.017847,41.106678,29.017752,41.105461,186.068318
1529,29.015600,41.105250,72,29.015568,41.105183,29.021450,41.105392,29.017672,41.106731,29.017717,41.105480,179.241410
1530,29.015630,41.105220,6,29.015568,41.105183,29.021450,41.105392,29.017672,41.106731,29.017717,41.105480,177.267817
1531,29.015670,41.105180,69,29.016119,41.104153,29.021450,41.106316,29.017557,41.106678,29.017998,41.105209,195.059002
1532,29.015720,41.105130,77,29.016119,41.104153,29.021450,41.106316,29.017557,41.106678,29.017998,41.105209,191.046340
1533,29.015780,41.105070,71,29.016884,41.104332,29.021301,41.106094,29.017557,41.106678,29.018364,41.105236,217.284619
1534,29.015840,41.105000,74,29.016083,41.102753,29.021450,41.106453,29.017675,41.106754,29.017994,41.104504,188.721105
1536,29.015890,41.104950,72,29.016083,41.102753,29.021450,41.106453,29.017675,41.106754,29.017994,41.104504,183.134718
1537,29.015940,41.104900,74,29.015959,41.104847,29.021450,41.106709,29.017670,41.106709,29.017927,41.105709,189.247864
1539,29.015990,41.104840,76,29.015959,41.104847,29.021450,41.106709,29.017670,41.106709,29.017927,41.105709,188.897536
1540,29.016060,41.104780,76,29.016773,41.104382,29.021450,41.105251,29.017479,41.106716,29.018339,41.105003,192.570179
1541,29.016110,41.104710,73,29.016773,41.104382,29.021450,41.105251,29.017479,41.106716,29.018339,41.105003,189.599793
1543,29.016160,41.104660,73,29.016191,41.104614,29.021450,41.104912,29.017479,41.106716,29.018024,41.105022,161.329457
1544,29.016180,41.104640,75,29.016191,41.104614,29.021450,41.104912,29.017479,41.106716,29.018024,41.105022,160.283052
1545,29.016190,41.104620,75,29.016441,41.104500,29.021450,41.104763,29.017487,41.106716,29.018160,41.104912,168.207096
1546,29.016200,41.104600,74,29.017166,41.104549,29.021450,41.104595,29.017487,41.106716,29.018549,41.104889,199.416062
1547,29.016210,41.104590,80,29.016731,41.104565,29.021450,41.106510,29.017473,41.106716,29.018314,41.105492,202.827331
1548,29.016220,41.104570,70,29.017389,41.104900,29.021450,41.106216,29.017473,41.106716,29.018671,41.105583,234.235682
1549,29.016240,41.104560,75,29.016333,41.104401,29.021450,41.106026,29.018188,41.106922,29.018208,41.105286,183.540749
1550,29.016250,41.104550,83,29.016333,41.104401,29.021450,41.106026,29.018188,41.106922,29.018208,41.105286,183.282139
1551,29.016260,41.104540,62,29.016203,41.104660,29.021450,41.105297,29.018188,41.106922,29.018139,41.105198,173.592389
1552,29.016270,41.104530,9,29.016306,41.104568,29.021450,41.104683,29.018188,41.106918,29.018194,41.104958,168.086047
1553,29.016280,41.104510,71,29.016228,41.104584,29.021450,41.104744,29.018150,41.106918,29.018145,41.104984,164.889943
1554,29.016320,41.104470,73,29.016596,41.104401,29.022270,41.104740,29.018150,41.106918,29.018599,41.104885,196.412689
1556,29.016360,41.104440,74,29.016596,41.104401,29.022270,41.104740,29.018150,41.106918,29.018599,41.104885,193.980923
1558,29.016390,41.104420,73,29.016638,41.104290,29.021482,41.104786,29.018150,41.106918,29.018377,41.104839,172.914439
1559,29.016440,41.104370,76,29.016638,41.104290,29.021482,41.104786,29.018150,41.106918,29.018377,41.104839,170.502867
1561,29.016480,41.104320,74,29.016478,41.104313,29.021450,41.104801,29.018150,41.106918,29.018280,41.104858,162.265933
1563,29.016520,41.104270,76,29.016790,41.104355,29.021450,41.105637,29.018150,41.106918,29.018450,41.105141,188.459154
1564,29.016580,41.104220,75,29.016771,41.104237,29.021450,41.105640,29.018150,41.106918,29.018438,41.105080,182.704332
1566,29.016620,41.104160,81,29.016827,41.104179,29.021450,41.105965,29.018150,41.106915,29.018467,41.105148,189.801044
1567,29.016670,41.104100,75,29.016886,41.103981,29.021450,41.106205,29.018152,41.106915,29.018497,41.105114,190.150932
1569,29.016730,41.103990,76,29.016909,41.103691,29.021450,41.105049,29.018152,41.106915,29.018511,41.104599,163.856956
1570,29.016790,41.103930,73,29.016909,41.103691,29.021450,41.105049,29.018152,41.106915,29.018511,41.104599,162.241401
1571,29.016810,41.103900,5,29.016909,41.103691,29.021450,41.105049,29.018152,41.106915,29.018511,41.104599,162.324664
1572,29.016830,41.103880,75,29.016960,41.101936,29.023121,41.104774,29.018152,41.106915,29.019060,41.103569,190.030248
1573,29.016870,41.103830,71,29.016960,41.101936,29.023121,41.104774,29.018152,41.106915,29.019060,41.103569,185.786603
1574,29.016890,41.103800,5,29.018017,41.101257,29.022278,41.104771,29.018152,41.106915,29.019367,41.103203,217.924295
1575,29.016910,41.103770,70,29.018017,41.101257,29.022278,41.104771,29.018152,41.106915,29.019367,41.103203,215.328321
1576,29.016930,41.103740,5,29.017229,41.103626,29.023121,41.104774,29.018152,41.106941,29.019205,41.104485,207.826232
1577,29.016950,41.103710,71,29.017229,41.103626,29.023121,41.104774,29.018152,41.106941,29.019205,41.104485,207.651581
1578,29.016990,41.103660,73,29.017191,41.102543,29.022118,41.104977,29.018589,41.104958,29.018940,41.103664,163.384499
1580,29.017020,41.103630,94,29.017191,41.102543,29.022118,41.104977,29.018589,41.104958,29.018940,41.103664,160.915636
1581,29.017030,41.103620,7,29.017145,41.102989,29.019375,41.104988,29.021376,41.104393,29.018476,41.103825,123.314840
1582,29.017040,41.103610,76,29.017145,41.102989,29.019375,41.104988,29.021376,41.104393,29.018476,41.103825,122.702859
1583,29.017040,41.103600,63,29.017191,41.101612,29.023989,41.105404,29.017733,41.104740,29.019392,41.103264,200.583940
1584,29.017050,41.103580,78,29.018913,41.102978,29.021919,41.105888,29.017651,41.104664,29.019661,41.104134,227.260902
1585,29.017060,41.103570,69,29.018816,41.105766,29.021919,41.105881,29.018206,41.104717,29.019691,41.105648,319.381194
1586,29.017080,41.103550,72,29.018816,41.105766,29.021919,41.105881,29.018206,41.104717,29.019691,41.105648,319.845153
1587,29.017090,41.103540,73,29.018831,41.104259,29.021919,41.105877,29.018406,41.104668,29.019730,41.104824,263.250488
1588,29.017110,41.103530,70,29.018858,41.104145,29.021919,41.105862,29.018280,41.104649,29.019730,41.104759,258.569121
1589,29.017130,41.103490,67,29.018858,41.104145,29.021919,41.105862,29.018280,41.104649,29.019730,41.104759,259.539719
1591,29.017180,41.103430,71,29.018965,41.104614,29.021919,41.105865,29.017447,41.104652,29.019657,41.105011,271.997375
1592,29.017220,41.103400,68,29.018887,41.104126,29.021919,41.105827,29.017431,41.104645,29.019615,41.104736,249.708436
1594,29.017250,41.103360,70,29.018890,41.104050,29.021919,41.105850,29.017948,41.103912,29.019695,41.104595,246.660329
1596,29.017290,41.103310,71,29.018877,41.105507,29.021786,41.105900,29.017756,41.103539,29.019615,41.105335,297.771192
1597,29.017320,41.103250,73,29.018877,41.105507,29.021786,41.105900,29.017756,41.103539,29.019615,41.105335,301.237491
1599,29.017360,41.103190,71,29.018961,41.105637,29.021450,41.105888,29.018053,41.103767,29.019602,41.105442,313.034183
1601,29.017400,41.103140,73,29.019041,41.105591,29.021450,41.105907,29.017527,41.102959,29.019567,41.105297,300.853505
1602,29.017430,41.103080,72,29.019041,41.105591,29.021450,41.105907,29.017527,41.102959,29.019567,41.105297,304.714980
1603,29.017470,41.103030,72,29.019018,41.105583,29.021450,41.105545,29.017717,41.103508,29.019581,41.105259,304.479996
1605,29.017500,41.102980,71,29.019186,41.105686,29.021450,41.105545,29.017992,41.103409,29.019712,41.105301,317.750354
1607,29.017530,41.102920,77,29.019402,41.105068,29.021450,41.105556,29.017876,41.103310,29.019814,41.104961,296.872935
1608,29.017550,41.102860,67,29.019402,41.105068,29.021450,41.105556,29.017876,41.103310,29.019814,41.104961,300.946006
1610,29.017590,41.102800,72,29.019554,41.104897,29.021450,41.106133,29.018616,41.104038,29.020006,41.105152,330.741377
1611,29.017600,41.102740,69,29.019484,41.100887,29.021450,41.105644,29.018644,41.103947,29.019972,41.102825,198.959936
1613,29.017630,41.102690,73,29.018509,41.105633,29.021267,41.106281,29.018637,41.103931,29.019388,41.105579,353.447235
1614,29.017680,41.102630,73,29.019199,41.105022,29.021450,41.106197,29.018642,41.103962,29.019815,41.105232,340.206310
1616,29.017720,41.102550,67,29.019199,41.105022,29.021450,41.106197,29.018642,41.103962,29.019815,41.105232,346.091600
1618,29.017780,41.102470,68,29.017818,41.105148,29.021450,41.105648,29.018293,41.105568,29.019022,41.105370,338.794888
1619,29.017820,41.102400,71,29.017818,41.105148,29.021450,41.105648,29.018293,41.105568,29.019022,41.105370,345.217951
1621,29.017860,41.102330,75,29.017799,41.105633,29.021450,41.106819,29.018639,41.103939,29.019064,41.105751,393.549993
1623,29.017900,41.102270,76,29.018591,41.105125,29.021450,41.106312,29.018444,41.106400,29.019461,41.105690,402.141328
1624,29.017940,41.102210,70,29.017990,41.104565,29.021450,41.104988,29.018675,41.103779,29.019175,41.104580,283.099173
1625,29.017970,41.102180,5,29.017990,41.104565,29.021450,41.104988,29.018675,41.103779,29.019175,41.104580,285.308090
1626,29.017990,41.102140,69,29.018150,41.105820,29.021450,41.106842,29.018572,41.106716,29.019243,41.106274,471.482765
1627,29.018050,41.102070,79,29.018034,41.104595,29.021450,41.105705,29.018587,41.104435,29.019184,41.104916,330.379089
1628,29.018110,41.101990,78,29.018034,41.104595,29.021450,41.105705,29.018587,41.104435,29.019184,41.104916,337.533380
1629,29.018150,41.101940,5,29.018064,41.106136,29.021450,41.106819,29.018383,41.106178,29.019167,41.106358,498.547226
1630,29.018180,41.101900,73,29.018082,41.098991,29.021450,41.104988,29.018703,41.106079,29.019226,41.101925,87.694251
1631,29.018250,41.101810,75,29.018082,41.098991,29.021450,41.104988,29.018703,41.106079,29.019226,41.101925,82.777162
1632,29.018330,41.101730,99,29.016748,41.104496,29.021450,41.106453,29.018583,41.106567,29.018490,41.105415,410.010364
1633,29.018360,41.101690,5,29.016748,41.104496,29.021450,41.106453,29.018583,41.106567,29.018490,41.105415,414.382205
1634,29.018410,41.101660,76,29.018894,41.101482,29.021450,41.105801,29.018549,41.105392,29.019640,41.103416,220.830261
1636,29.018500,41.101590,73,29.018423,41.102455,29.021402,41.105228,29.018644,41.105526,29.019384,41.103783,254.824131
1637,29.018550,41.101550,5,29.018600,41.102371,29.021450,41.105659,29.018684,41.103127,29.019503,41.103516,232.686792
1638,29.018600,41.101510,73,29.018490,41.102234,29.021345,41.106510,29.018757,41.103107,29.019419,41.103699,252.858926
1639,29.018700,41.101440,73,29.018490,41.102234,29.021345,41.106510,29.018757,41.103107,29.019419,41.103699,258.278055
1641,29.018800,41.101370,73,29.018667,41.101315,29.021450,41.106831,29.018894,41.103157,29.019567,41.103313,225.466732
1643,29.018890,41.101340,77,29.019033,41.101295,29.021402,41.106861,29.019112,41.101902,29.019785,41.103119,211.540459
1644,29.018970,41.101290,77,29.020962,41.100636,29.021450,41.106346,29.018997,41.101837,29.020821,41.102600,212.758408
1646,29.019050,41.101270,76,29.018696,41.102913,29.021450,41.105888,29.019070,41.101284,29.019613,41.103596,262.881059
1647,29.019090,41.101260,75,29.019171,41.101795,29.021450,41.106167,29.019062,41.103134,29.019865,41.103363,242.696584
1648,29.019130,41.101260,79,29.019157,41.101215,29.021450,41.107224,29.021906,41.100407,29.020287,41.102970,213.426403
1649,29.019160,41.101240,74,29.019157,41.101215,29.021450,41.107224,29.021906,41.100407,29.020287,41.102970,214.291118
1650,29.019180,41.101240,74,29.018860,41.102341,29.021450,41.107273,29.020761,41.100479,29.019951,41.103603,270.615219
1652,29.019210,41.101230,75,29.018929,41.103325,29.021450,41.107250,29.019289,41.101200,29.019768,41.104233,337.149560
1654,29.019260,41.101220,76,29.019447,41.101158,29.021450,41.107246,29.019087,41.101902,29.020020,41.103168,225.815297
1655,29.019310,41.101210,74,29.019062,41.102695,29.021450,41.107281,29.019281,41.101349,29.019840,41.103920,304.593958
1657,29.019360,41.101190,74,29.019062,41.102695,29.021450,41.107281,29.019281,41.101349,29.019840,41.103920,306.215607
1659,29.019400,41.101190,79,29.019350,41.101208,29.021450,41.107239,29.021191,41.101543,29.020283,41.103138,228.884837
1660,29.019440,41.101180,76,29.019491,41.101048,29.021450,41.107239,29.019564,41.101109,29.020113,41.102989,208.927227
1661,29.019470,41.101170,73,29.019556,41.100979,29.021450,41.107231,29.019567,41.101109,29.020147,41.102947,205.607293
1663,29.019510,41.101150,76,29.019550,41.102028,29.021450,41.107250,29.019440,41.101166,29.020126,41.103527,269.315834
1664,29.019570,41.101150,77,29.019613,41.100647,29.021450,41.107246,29.019621,41.101105,29.020189,41.102776,188.056182
1665,29.019630,41.101130,34,29.019613,41.100647,29.021450,41.107246,29.019621,41.101105,29.020189,41.102776,188.885073
1666,29.019660,41.101130,44,29.019682,41.101288,29.021517,41.107235,29.021873,41.099617,29.020586,41.102894,210.919016
1667,29.019690,41.101120,34,29.019682,41.101288,29.021517,41.107235,29.021873,41.099617,29.020586,41.102894,211.046156
1668,29.019720,41.101110,44,29.018864,41.102512,29.021450,41.107224,29.019722,41.101368,29.019798,41.103809,300.226423
1669,29.019750,41.101100,78,29.019712,41.101959,29.022995,41.106342,29.022739,41.099617,29.021191,41.102974,240.811675
1670,29.019800,41.101090,35,29.019712,41.101959,29.022995,41.106342,29.022739,41.099617,29.021191,41.102974,239.710272
1671,29.019830,41.101080,43,29.020092,41.101616,29.022995,41.106346,29.021536,41.100327,29.021214,41.102898,232.998730
1672,29.019860,41.101080,76,29.020092,41.101616,29.022995,41.106346,29.021536,41.100327,29.021214,41.102898,231.758326
1673,29.019930,41.101060,34,29.020266,41.101116,29.022995,41.106293,29.021612,41.100315,29.021318,41.102612,208.083428
1674,29.019970,41.101050,43,29.020329,41.101223,29.021450,41.106354,29.020010,41.101959,29.020632,41.102936,216.898387
1675,29.020010,41.101040,75,29.020329,41.101223,29.021450,41.106354,29.020010,41.101959,29.020632,41.102936,217.145135
1676,29.020100,41.101010,35,29.019182,41.101051,29.021345,41.106667,29.020758,41.102528,29.020092,41.103024,223.895216
1677,29.020160,41.101000,43,29.020254,41.101051,29.022696,41.107178,29.020094,41.102116,29.020990,41.103119,245.668965
1678,29.020220,41.100990,76,29.020502,41.100880,29.022129,41.107182,29.020061,41.102173,29.020945,41.103039,235.766298
1679,29.020370,41.100950,35,29.020502,41.100880,29.022129,41.107182,29.020061,41.102173,29.020945,41.103039,237.200101
1680,29.020450,41.100920,42,29.020502,41.100880,29.022129,41.107182,29.020061,41.102173,29.020945,41.103039,239.215553
1681,29.020520,41.100890,34,29.020678,41.100948,29.021528,41.107166,29.021626,41.100304,29.021086,41.102791,216.613399
1682,29.020600,41.100860,43,29.020678,41.100948,29.021528,41.107166,29.021626,41.100304,29.021086,41.102791,218.522463
1683,29.020670,41.100830,75,29.020927,41.100922,29.021528,41.107166,29.021965,41.100357,29.021273,41.102787,223.392582
1684,29.020790,41.100770,32,29.020927,41.100922,29.021528,41.107166,29.021965,41.100357,29.021273,41.102787,227.899201
1685,29.020840,41.100750,44,29.020927,41.100922,29.021528,41.107166,29.021965,41.100357,29.021273,41.102787,229.388841
1686,29.020890,41.100730,34,29.020903,41.100674,29.021450,41.107174,29.019629,41.103508,29.020884,41.103127,266.482066
1687,29.020930,41.100710,42,29.021061,41.100685,29.021450,41.107162,29.019279,41.102791,29.020918,41.103020,256.830522
1688,29.020980,41.100690,35,29.021061,41.100685,29.021450,41.107162,29.019279,41.102791,29.020918,41.103020,259.104682
1689,29.021010,41.100670,40,29.021061,41.100685,29.021450,41.107162,29.019279,41.102791,29.020918,41.103020,261.390275
1690,29.021050,41.100660,77,29.020956,41.100681,29.021536,41.107174,29.021515,41.100399,29.021221,41.102665,223.400810
1691,29.021100,41.100630,76,29.020960,41.100700,29.021458,41.107174,29.021479,41.100430,29.021194,41.102680,228.109887
1692,29.021130,41.100630,77,29.020960,41.100700,29.021458,41.107174,29.021479,41.100430,29.021194,41.102680,228.036508
1693,29.021160,41.100610,71,29.021173,41.100613,29.021490,41.107174,29.019581,41.104706,29.021034,41.103271,296.131097
1694,29.021190,41.100580,42,29.021173,41.100613,29.021490,41.107174,29.019581,41.104706,29.021034,41.103271,299.563840
1695,29.021210,41.100570,36,29.021151,41.100597,29.021450,41.107151,29.019314,41.105148,29.020969,41.103325,306.992510
1696,29.021230,41.100560,40,29.021151,41.100597,29.021450,41.107151,29.019314,41.105148,29.020969,41.103325,308.216260
1697,29.021250,41.100550,43,29.021151,41.100597,29.021450,41.107151,29.019314,41.105148,29.020969,41.103325,309.448241
1698,29.021270,41.100540,68,29.021137,41.100647,29.021450,41.107136,29.019695,41.104862,29.021021,41.103302,307.829087
1699,29.021310,41.100510,41,29.021370,41.100403,29.021450,41.107132,29.019512,41.104984,29.021118,41.103191,298.588347
1700,29.021330,41.100500,36,29.021437,41.100414,29.021450,41.107117,29.019680,41.105106,29.021177,41.103210,301.659694
1701,29.021350,41.100490,77,29.021330,41.100376,29.021450,41.107136,29.021671,41.100174,29.021421,41.102459,219.019479
1702,29.021410,41.100440,73,29.021473,41.100578,29.021450,41.107136,29.019506,41.105190,29.021173,41.103313,320.126661
1703,29.021450,41.100400,39,29.021473,41.100578,29.021450,41.107136,29.019506,41.105190,29.021173,41.103313,324.787924
1704,29.021470,41.100380,37,29.021473,41.100578,29.021450,41.107136,29.019506,41.105190,29.021173,41.103313,327.129204
1705,29.021490,41.100360,74,29.021698,41.100395,29.021450,41.106434,29.021627,41.100216,29.021612,41.102253,210.736336
1706,29.021540,41.100330,35,29.021698,41.100395,29.021450,41.106434,29.021627,41.100216,29.021612,41.102253,213.908906
1707,29.021550,41.100310,43,29.021646,41.100384,29.021450,41.106915,29.021662,41.100204,29.021587,41.102394,231.762947
1708,29.021570,41.100300,32,29.021646,41.100384,29.021450,41.106915,29.021662,41.100204,29.021587,41.102394,232.858291
1709,29.021610,41.100280,40,29.021646,41.100384,29.021450,41.106915,29.021662,41.100204,29.021587,41.102394,235.085286
1710,29.021640,41.100250,77,29.021656,41.100250,29.021450,41.106991,29.022337,41.099689,29.021698,41.102272,224.892401
1711,29.021720,41.100190,74,29.021807,41.100124,29.021450,41.106747,29.020216,41.103394,29.021460,41.102680,277.756763
1712,29.021820,41.100110,72,29.021948,41.099991,29.021450,41.106609,29.021549,41.105286,29.021736,41.102848,304.538665
1713,29.021930,41.100040,35,29.021948,41.099991,29.021450,41.106609,29.021549,41.105286,29.021736,41.102848,312.663457
1714,29.021980,41.100000,40,29.021948,41.099991,29.021450,41.106609,29.021549,41.105286,29.021736,41.102848,317.347518
1715,29.022040,41.099960,77,29.022301,41.099918,29.021450,41.106335,29.021484,41.105839,29.021915,41.102806,316.642981
1716,29.022150,41.099890,33,29.022301,41.099918,29.021450,41.106335,29.021484,41.105839,29.021915,41.102806,324.849674
1717,29.022210,41.099850,44,29.022791,41.099632,29.021450,41.106319,29.020840,41.105469,29.022085,41.102592,305.127828
1718,29.022270,41.099810,74,29.022663,41.099781,29.021450,41.106155,29.020170,41.103722,29.021915,41.102360,285.074001
1719,29.022400,41.099740,70,29.022243,41.099789,29.021450,41.106339,29.020510,41.103535,29.021736,41.102390,299.902471
1720,29.022530,41.099670,36,29.022243,41.099789,29.021450,41.106339,29.020510,41.103535,29.021736,41.102390,309.709908
1721,29.022600,41.099640,42,29.022243,41.099789,29.021450,41.106339,29.020510,41.103535,29.021736,41.102390,314.267620
1722,29.022660,41.099600,71,29.022764,41.099651,29.021450,41.106167,29.022823,41.099564,29.022364,41.101669,231.432843
1723,29.022790,41.099550,42,29.022764,41.099651,29.021450,41.106167,29.022823,41.099564,29.022364,41.101669,238.348996
1724,29.022860,41.099520,33,29.022764,41.099651,29.021450,41.106167,29.022823,41.099564,29.022364,41.101669,242.584154
1725,29.022930,41.099500,71,29.022757,41.099564,29.028648,41.104767,29.023272,41.099499,29.024670,41.101177,236.706382
1726,29.023060,41.099450,35,29.022757,41.099564,29.028648,41.104767,29.023272,41.099499,29.024670,41.101177,234.686074
1727,29.023130,41.099440,41,29.022757,41.099564,29.028648,41.104767,29.023272,41.099499,29.024670,41.101177,232.288834
1728,29.023200,41.099430,72,29.023489,41.099598,29.021450,41.105980,29.023319,41.099434,29.022827,41.101562,239.172447
1729,29.023340,41.099400,42,29.023489,41.099598,29.021450,41.105980,29.023319,41.099434,29.022827,41.101562,244.268710
1730,29.023430,41.099400,33,29.023489,41.099598,29.021450,41.105980,29.023319,41.099434,29.022827,41.101562,245.707573
1731,29.023510,41.099390,34,29.024063,41.101871,29.028233,41.104759,29.024376,41.099339,29.025408,41.102390,369.576934
1732,29.023590,41.099380,38,29.024061,41.102314,29.028233,41.104759,29.023319,41.099400,29.025249,41.102642,388.463481
1733,29.023670,41.099370,73,29.023651,41.099354,29.021450,41.105877,29.024036,41.099449,29.023027,41.101402,232.305440
1734,29.023830,41.099330,40,29.023651,41.099354,29.021450,41.105877,29.024036,41.099449,29.023027,41.101402,240.040164
1735,29.023920,41.099310,32,29.023941,41.099426,29.021402,41.106510,29.024061,41.099327,29.023169,41.101624,264.846728
1736,29.024000,41.099290,35,29.023941,41.099426,29.021402,41.106510,29.024061,41.099327,29.023169,41.101624,268.667125
1737,29.024080,41.099270,38,29.023941,41.099426,29.021402,41.106510,29.024061,41.099327,29.023169,41.101624,272.616985
1738,29.024160,41.099250,35,29.023760,41.099430,29.021402,41.106323,29.020462,41.103912,29.022533,41.102253,360.658451
1739,29.024250,41.099230,31,29.023108,41.101318,29.021309,41.106518,29.024426,41.099224,29.022743,41.102627,398.249641
1740,29.024330,41.099200,68,29.023848,41.100430,29.021147,41.106510,29.021986,41.105095,29.022730,41.103027,446.201513
1741,29.024490,41.099160,67,29.023848,41.100430,29.021147,41.106510,29.021986,41.105095,29.022730,41.103027,454.616455
1742,29.024640,41.099110,71,29.023254,41.099987,29.021345,41.106079,29.023712,41.105003,29.022726,41.102638,423.835250
1743,29.024800,41.099070,42,29.023254,41.100140,29.021345,41.106056,29.022421,41.104774,29.022533,41.102680,444.095668
1744,29.024860,41.099050,32,29.022278,41.103104,29.027733,41.104733,29.026178,41.099243,29.024563,41.103035,443.807843
1745,29.024930,41.099030,70,29.022366,41.099747,29.021450,41.105656,29.022579,41.104691,29.022112,41.102333,436.642850
1746,29.025060,41.099000,71,29.025192,41.098988,29.021450,41.105598,29.026066,41.099174,29.024158,41.101078,243.101318
1747,29.025170,41.098990,41,29.025192,41.098988,29.021450,41.105598,29.026066,41.099174,29.024158,41.101078,247.165643
1748,29.025230,41.098980,33,29.025192,41.098988,29.021450,41.105598,29.026066,41.099174,29.024158,41.101078,249.971915
1749,29.025290,41.098960,72,29.025640,41.098946,29.021450,41.105591,29.025488,41.099018,29.024311,41.101028,244.189709
1750,29.025400,41.098950,72,29.025702,41.098972,29.021402,41.105595,29.025745,41.098999,29.024370,41.101044,248.286063
1751,29.025510,41.098950,38,29.025702,41.098972,29.021402,41.105595,29.025745,41.098999,29.024370,41.101044,251.637882
1752,29.025570,41.098950,31,29.025675,41.098961,29.021402,41.105606,29.025414,41.098930,29.024303,41.101028,254.315006
1753,29.025640,41.098950,39,29.022245,41.102337,29.027292,41.104755,29.025414,41.098930,29.024294,41.102581,419.210229
1754,29.025690,41.098960,31,29.022245,41.102337,29.027292,41.104755,29.025414,41.098930,29.024294,41.102581,419.288920
1755,29.025750,41.098960,69,29.022209,41.102314,29.027292,41.104752,29.026323,41.099068,29.024410,41.102589,418.813459
1756,29.025870,41.098970,65,29.025963,41.099010,29.021450,41.105835,29.025906,41.099041,29.024549,41.101143,265.744915
1757,29.025980,41.098990,49,29.025963,41.099010,29.021450,41.105835,29.025906,41.099041,29.024549,41.101143,267.722524
1758,29.026040,41.099000,26,29.024645,41.099094,29.021450,41.105583,29.025894,41.099133,29.023838,41.101124,299.688089
1759,29.026100,41.099020,48,29.024645,41.099094,29.021450,41.105583,29.025894,41.099133,29.023838,41.101124,301.078092
1760,29.026170,41.099040,24,29.024645,41.099094,29.021450,41.105583,29.025894,41.099133,29.023838,41.101124,303.101115
1761,29.026230,41.099060,61,29.022312,41.102375,29.027292,41.104748,29.026016,41.099133,29.024422,41.102631,424.964373
1762,29.026370,41.099100,36,29.022202,41.102337,29.027292,41.104752,29.026142,41.099239,29.024380,41.102627,426.148609
1763,29.026440,41.099120,33,29.022230,41.101730,29.027292,41.104755,29.026634,41.099384,29.024469,41.102322,392.433806
1764,29.026510,41.099150,47,29.022230,41.101730,29.027292,41.104755,29.026634,41.099384,29.024469,41.102322,391.933243
1765,29.026660,41.099200,28,29.024496,41.106010,29.027292,41.104755,29.025888,41.099186,29.025578,41.104599,607.153989
1766,29.026800,41.099260,9,29.023928,41.105888,29.027292,41.104755,29.025055,41.099331,29.025146,41.104553,604.666354
1767,29.026860,41.099290,21,29.023548,41.102570,29.020761,41.106373,29.026989,41.099468,29.023195,41.103294,540.882834
1768,29.026930,41.099320,19,29.023548,41.102570,29.020761,41.106373,29.026989,41.099468,29.023195,41.103294,541.508270
1769,29.026990,41.099350,42,29.023548,41.102570,29.020761,41.106373,29.027220,41.099644,29.023230,41.103321,542.455447
1770,29.027060,41.099390,6,29.022568,41.103844,29.025414,41.107628,29.027220,41.099644,29.024155,41.104397,607.629644
1771,29.027120,41.099430,16,29.022568,41.103844,29.025414,41.107628,29.027206,41.099682,29.024153,41.104401,606.054624
1772,29.027180,41.099470,25,29.022568,41.103844,29.025414,41.107628,29.027206,41.099682,29.024153,41.104401,604.094716
1773,29.027300,41.099550,9,29.022568,41.103844,29.025414,41.107628,29.026941,41.099655,29.024111,41.104397,601.553442
1774,29.027360,41.099590,14,29.022568,41.103844,29.025414,41.107628,29.027473,41.099735,29.024193,41.104412,598.269329
1775,29.027420,41.099630,23,29.022568,41.103844,29.025414,41.107628,29.027412,41.099854,29.024183,41.104427,598.422811
1776,29.027540,41.099720,17,29.022568,41.103844,29.025414,41.107620,29.027569,41.099796,29.024208,41.104416,592.108997
1777,29.027640,41.099800,18,29.022568,41.103844,29.025414,41.107620,29.027569,41.099796,29.024208,41.104416,588.328973
1779,29.027810,41.099880,14,29.022568,41.103844,29.025414,41.107620,29.027794,41.099907,29.024242,41.104431,587.758247
1780,29.027860,41.099910,18,29.022568,41.103844,29.025414,41.107620,29.027903,41.099899,29.024256,41.104431,586.463844
1781,29.027970,41.099940,22,29.022568,41.103844,29.025414,41.107620,29.026648,41.099808,29.024069,41.104420,595.796297
1782,29.028080,41.099940,5,29.022568,41.103844,29.025414,41.107620,29.026648,41.099808,29.024069,41.104420,600.902443
1783,29.028150,41.099940,14,29.022568,41.103844,29.025414,41.107620,29.027018,41.099525,29.024124,41.104374,597.383864
1784,29.028210,41.099930,17,29.022568,41.103844,29.025414,41.107620,29.027954,41.099857,29.024263,41.104424,599.174541
1785,29.028360,41.099900,16,29.022568,41.103844,29.025414,41.107620,29.027954,41.099857,29.024263,41.104424,608.954227
1786,29.028510,41.099860,6,29.022568,41.103844,29.025414,41.107620,29.026529,41.099720,29.024052,41.104404,628.408263
1787,29.028590,41.099840,12,29.022568,41.103844,29.025414,41.107620,29.026529,41.099720,29.024052,41.104404,634.194400
1788,29.028660,41.099830,7,29.022568,41.103844,29.025414,41.107620,29.026333,41.099693,29.024021,41.104401,639.826213
1789,29.028730,41.099810,14,29.022568,41.103844,29.025414,41.107620,29.026417,41.099693,29.024035,41.104401,644.480786
1790,29.028810,41.099780,22,29.022575,41.103844,29.025414,41.107620,29.026556,41.099747,29.024059,41.104408,650.619590
1791,29.028950,41.099740,16,29.022575,41.103844,29.025414,41.107620,29.026556,41.099747,29.024059,41.104408,661.347346
1792,29.029070,41.099700,6,29.022568,41.103844,29.025414,41.107628,29.027067,41.099815,29.024132,41.104424,668.637735
1793,29.029130,41.099670,14,29.022568,41.103844,29.025414,41.107628,29.026423,41.099617,29.024035,41.104389,676.498241
1794,29.029180,41.099630,21,29.022568,41.103844,29.025414,41.107628,29.026423,41.099617,29.024035,41.104389,682.592630
1796,29.029320,41.099560,17,29.022568,41.103844,29.025414,41.107628,29.026548,41.099510,29.024055,41.104378,693.949073
1797,29.029360,41.099540,7,29.022568,41.103844,29.025414,41.107628,29.026548,41.099510,29.024055,41.104378,697.797355
1798,29.029410,41.099530,14,29.022568,41.103844,29.025414,41.107628,29.026598,41.099522,29.024063,41.104378,700.918851
1800,29.029500,41.099510,14,29.022568,41.103844,29.025414,41.107628,29.026598,41.099522,29.024063,41.104378,707.462882
1801,29.029540,41.099500,18,29.022568,41.103844,29.025414,41.107628,29.026417,41.099480,29.024035,41.104370,711.379022
1802,29.029640,41.099510,6,29.022568,41.103844,29.025414,41.107628,29.026617,41.099560,29.024063,41.104385,715.715237
1803,29.029690,41.099510,15,29.022568,41.103844,29.025414,41.107628,29.026522,41.099491,29.024048,41.104374,718.338656
1804,29.029740,41.099520,21,29.022568,41.103844,29.025414,41.107628,29.026728,41.099609,29.024080,41.104389,719.748387
1805,29.029870,41.099530,20,29.022568,41.103844,29.025414,41.107628,29.026728,41.099609,29.024080,41.104389,726.143748
1806,29.029990,41.099560,6,29.022568,41.103844,29.025414,41.107628,29.026594,41.099564,29.024063,41.104385,731.107913
1807,29.030050,41.099570,77,29.022568,41.103844,29.025414,41.107628,29.026594,41.099564,29.024063,41.104385,733.720211
1809,29.030170,41.099590,15,29.022568,41.103844,29.025414,41.107628,29.026663,41.099472,29.024069,41.104370,737.469062
1810,29.030230,41.099600,18,29.022568,41.103844,29.025414,41.107628,29.026663,41.099472,29.024069,41.104370,740.165658
1811,29.030340,41.099630,18,29.022543,41.103607,29.025414,41.107628,29.026775,41.099503,29.024073,41.104244,734.182246
1812,29.030400,41.099650,22,29.022543,41.103607,29.025414,41.107616,29.026806,41.099529,29.024080,41.104244,735.781483
1813,29.030450,41.099670,6,29.022568,41.103848,29.025414,41.107616,29.026806,41.099529,29.024094,41.104378,746.787036
1814,29.030510,41.099680,15,29.022568,41.103848,29.025414,41.107616,29.026806,41.099529,29.024094,41.104378,749.605465
1815,29.030560,41.099700,18,29.022568,41.103447,29.025414,41.107620,29.026995,41.099670,29.024120,41.104183,734.613559
1816,29.030670,41.099720,5,29.022568,41.103447,29.025414,41.107620,29.026995,41.099670,29.024120,41.104183,739.916290
1817,29.030720,41.099720,15,29.022511,41.103188,29.025595,41.107590,29.026928,41.099689,29.024136,41.104038,731.396775
1818,29.030770,41.099730,73,29.030848,41.099747,29.023649,41.106934,29.027082,41.099716,29.028042,41.101986,339.383267
1819,29.030860,41.099740,127,29.030848,41.099747,29.023649,41.106934,29.027082,41.099716,29.028042,41.101986,343.699036
1821,29.030940,41.099750,28,29.022776,41.101982,29.025595,41.107594,29.027092,41.099731,29.024303,41.103397,688.267141
1822,29.031020,41.099760,5,29.022602,41.103188,29.025595,41.107594,29.027138,41.099728,29.024214,41.104046,743.201948
1824,29.031080,41.099780,5,29.022602,41.103188,29.025595,41.107594,29.027195,41.099747,29.024225,41.104050,745.180446
1825,29.031120,41.099780,6,29.022602,41.103188,29.025595,41.107594,29.027164,41.099743,29.024221,41.104050,748.013769
1826,29.031150,41.099780,5,29.022602,41.103188,29.025595,41.107594,29.027157,41.099739,29.024218,41.104050,750.205398
1827,29.031150,41.099790,6,29.022602,41.103188,29.025595,41.107594,29.027105,41.099709,29.024210,41.104042,749.462250
1828,29.031160,41.099790,11,29.022602,41.103188,29.025595,41.107594,29.027132,41.099762,29.024214,41.104053,750.667408
1829,29.031170,41.099790,5,29.022602,41.103188,29.025595,41.107594,29.027246,41.099819,29.024231,41.104061,750.738315
1830,29.031170,41.099810,6,29.022602,41.103188,29.025595,41.107594,29.027117,41.099762,29.024214,41.104053,749.915893
1831,29.031160,41.099830,5,29.022602,41.103188,29.025595,41.107594,29.027102,41.099812,29.024210,41.104061,748.647842
1832,29.031140,41.099850,6,29.022602,41.103188,29.025595,41.107594,29.026995,41.099819,29.024193,41.104061,747.067158
1836,29.031040,41.099850,6,29.022602,41.103188,29.025595,41.107594,29.027220,41.099895,29.024227,41.104069,738.868879
1840,29.030880,41.099840,6,29.022602,41.103188,29.025595,41.107594,29.026476,41.099503,29.024118,41.104012,732.216948
1847,29.030570,41.099790,5,29.022602,41.103188,29.025595,41.107594,29.026548,41.099495,29.024128,41.104012,715.338900
1851,29.030320,41.099720,5,29.022602,41.103188,29.025595,41.107594,29.026405,41.099480,29.024107,41.104008,705.921763
1853,29.030080,41.099630,26,29.022602,41.103188,29.025595,41.107594,29.026451,41.099758,29.024115,41.104050,700.970811
1856,29.029960,41.099580,8,29.022602,41.103188,29.025595,41.107594,29.026411,41.099457,29.024107,41.104004,694.621028
1859,29.029830,41.099550,5,29.022602,41.103188,29.025595,41.107594,29.026421,41.099476,29.024107,41.104008,689.671191
1863,29.029580,41.099540,5,29.022602,41.103188,29.025595,41.107594,29.026253,41.099464,29.024082,41.104008,677.501689
1864,29.029460,41.099560,9,29.022602,41.103188,29.025595,41.107594,29.026253,41.099464,29.024082,41.104008,669.059897
1867,29.029340,41.099590,5,29.022602,41.103188,29.025595,41.107594,29.026339,41.099575,29.024097,41.104023,660.255266
1876,29.028860,41.099720,10,29.027031,41.099777,29.028074,41.105675,29.028214,41.099731,29.027534,41.101608,237.532981
1879,29.028720,41.099760,6,29.027031,41.099777,29.028074,41.105675,29.027802,41.099678,29.027473,41.101601,229.782377
1880,29.028570,41.099810,5,29.027031,41.099777,29.028074,41.105675,29.027922,41.099712,29.027491,41.101608,219.462218
1886,29.028150,41.099890,5,29.027031,41.099777,29.028074,41.105675,29.026508,41.099796,29.027279,41.101620,205.720289
1889,29.028090,41.099890,8,29.027031,41.099777,29.028074,41.105675,29.026508,41.099796,29.027279,41.101620,203.990669
1890,29.028020,41.099900,5,29.027031,41.099777,29.028074,41.105675,29.027807,41.099903,29.027473,41.101635,198.282035
1900,29.027700,41.099790,6,29.027031,41.099777,29.028074,41.105675,29.027611,41.099850,29.027445,41.101627,205.419653
1901,29.027610,41.099750,6,29.027031,41.099777,29.028074,41.105675,29.027380,41.099785,29.027411,41.101620,208.574337
1904,29.027510,41.099690,7,29.027023,41.099770,29.028074,41.105679,29.026814,41.099842,29.027321,41.101627,216.005645
1905,29.027470,41.099650,24,29.027023,41.099770,29.028074,41.105679,29.026814,41.099842,29.027321,41.101627,220.226110
1911,29.027320,41.099510,35,29.026772,41.102650,29.028074,41.105675,29.026865,41.099308,29.027193,41.103092,398.463721
1912,29.027210,41.099420,125,29.026785,41.104027,29.028074,41.105675,29.027065,41.099495,29.027227,41.103863,494.014797
1913,29.027090,41.099350,37,29.026785,41.104027,29.028074,41.105675,29.027065,41.099495,29.027227,41.103863,501.928346
1914,29.026970,41.099270,53,29.026554,41.102364,29.028074,41.105679,29.025917,41.099167,29.026934,41.102921,405.932077
1917,29.026840,41.099210,57,29.026340,41.101753,29.028074,41.105640,29.026199,41.099117,29.026861,41.102573,373.996650
1918,29.026700,41.099140,35,29.026340,41.101753,29.028074,41.105640,29.026199,41.099117,29.026861,41.102573,382.014919
1919,29.026630,41.099100,5,29.026340,41.101753,29.028074,41.105640,29.026199,41.099117,29.026861,41.102573,386.709387
1922,29.026550,41.099070,8,29.025141,41.107311,29.027285,41.107433,29.025875,41.099022,29.025919,41.106110,784.553666
1923,29.026370,41.099030,46,29.025141,41.107311,29.027285,41.107433,29.025875,41.099022,29.025919,41.106110,788.124360
1924,29.026190,41.098990,9,29.022865,41.104733,29.026752,41.104771,29.025766,41.099026,29.024511,41.103893,563.070908
1928,29.026010,41.098940,10,29.022865,41.104733,29.026752,41.104771,29.025948,41.098995,29.024538,41.103886,563.592287
1929,29.025840,41.098920,10,29.022865,41.104733,29.026752,41.104771,29.025595,41.099091,29.024487,41.103901,565.343307
1933,29.025660,41.098900,8,29.022865,41.104733,29.026752,41.104771,29.025522,41.098995,29.024477,41.103886,563.171102
1937,29.025290,41.098900,5,29.024542,41.105961,29.028492,41.104736,29.025284,41.099098,29.025888,41.104553,630.606467
1947,29.024810,41.099000,11,29.024542,41.105961,29.028492,41.104736,29.024565,41.099152,29.025778,41.104561,623.633469
1958,29.024110,41.099190,6,29.024433,41.105961,29.028318,41.104733,29.022139,41.104736,29.025301,41.105400,697.703401
1960,29.023850,41.099230,8,29.024433,41.105961,29.028318,41.104733,29.022139,41.104736,29.025301,41.105400,696.770914
1962,29.023850,41.099230,77,29.024433,41.105961,29.028318,41.104733,29.022139,41.104736,29.025301,41.105400,696.770914
1963,29.023770,41.099250,225,29.023983,41.101723,29.028311,41.104763,29.022943,41.105415,29.025177,41.103226,457.528602
1964,29.023600,41.099270,50,29.023987,41.101303,29.028465,41.104767,29.021599,41.106125,29.025028,41.103107,443.169141
1965,29.023440,41.099290,29,29.023987,41.101303,29.028465,41.104767,29.021599,41.106125,29.025028,41.103107,444.853298
1966,29.023370,41.099310,18,29.023987,41.101303,29.028465,41.104767,29.021599,41.106125,29.025028,41.103107,444.529984
1969,29.023300,41.099320,45,29.024008,41.101032,29.028526,41.104771,29.023310,41.099308,29.025312,41.101944,336.994222
1970,29.023230,41.099330,5,29.024008,41.101032,29.028526,41.104771,29.023310,41.099308,29.025312,41.101944,339.013231
1973,29.023170,41.099340,22,29.024023,41.100918,29.028549,41.104771,29.023172,41.099365,29.025309,41.101887,335.120650
1974,29.023110,41.099360,22,29.024023,41.100918,29.028549,41.104771,29.023172,41.099365,29.025309,41.101887,335.973719
1977,29.023040,41.099380,41,29.024036,41.101662,29.028522,41.104771,29.022938,41.099411,29.025270,41.102295,374.146851
1978,29.022990,41.099400,9,29.023251,41.099598,29.021450,41.106163,29.022877,41.099480,29.022633,41.101627,249.473986
1980,29.022930,41.099420,46,29.022789,41.099552,29.021450,41.106194,29.022671,41.099579,29.022354,41.101627,250.144339
1981,29.022820,41.099470,50,29.022991,41.099529,29.021450,41.106155,29.022427,41.099709,29.022430,41.101624,241.676936
1982,29.022700,41.099520,47,29.022991,41.099529,29.021450,41.106155,29.022427,41.099709,29.022430,41.101624,234.990625
1983,29.022590,41.099580,55,29.022484,41.099663,29.021450,41.106155,29.021378,41.103760,29.021997,41.102303,306.778363
1987,29.022490,41.099660,51,29.022818,41.099606,29.021450,41.106171,29.021477,41.100277,29.022192,41.101753,234.092621
1988,29.022380,41.099710,47,29.022818,41.099606,29.021450,41.106171,29.021477,41.100277,29.022192,41.101753,227.742801
1991,29.022270,41.099780,31,29.022215,41.099823,29.028177,41.104771,29.021259,41.105503,29.023932,41.102219,304.813727
1992,29.022210,41.099810,16,29.022215,41.099823,29.028177,41.104771,29.021259,41.105503,29.023932,41.102219,304.201456
1995,29.022160,41.099840,56,29.021896,41.100040,29.021450,41.106895,29.021227,41.105724,29.021660,41.103031,357.306779
1996,29.022060,41.099900,46,29.021950,41.099987,29.021450,41.106434,29.021725,41.100124,29.021759,41.102020,237.107470
1997,29.021970,41.099960,46,29.021950,41.099987,29.021450,41.106434,29.021725,41.100124,29.021759,41.102020,229.771860
2000,29.021880,41.100010,51,29.021994,41.099945,29.021450,41.106358,29.021753,41.100109,29.021788,41.101971,218.154148
2001,29.021810,41.100070,47,29.021790,41.100094,29.021450,41.106621,29.021706,41.100128,29.021669,41.102135,229.886797
2004,29.021750,41.100110,49,29.021694,41.100166,29.021450,41.106831,29.021679,41.100143,29.021614,41.102242,237.287267
2005,29.021710,41.100150,50,29.021698,41.100182,29.021450,41.106884,29.021624,41.100204,29.021612,41.102276,236.525652
2008,29.021670,41.100180,51,29.021561,41.100250,29.021450,41.107136,29.021694,41.100143,29.021549,41.102383,245.133585
2009,29.021630,41.100190,50,29.021677,41.100216,29.021450,41.106880,29.020874,41.104134,29.021486,41.102882,299.621674
2010,29.021600,41.100220,33,29.021677,41.100216,29.021450,41.106880,29.020874,41.104134,29.021486,41.102882,296.197035
2011,29.021580,41.100230,16,29.021677,41.100216,29.021450,41.106880,29.020874,41.104134,29.021486,41.102882,295.036305
2014,29.021560,41.100240,52,29.021486,41.100323,29.021450,41.107098,29.020445,41.104092,29.021322,41.103004,308.038268
2015,29.021530,41.100250,53,29.021488,41.100288,29.021450,41.107140,29.021494,41.100285,29.021477,41.102425,241.848056
2016,29.021510,41.100260,50,29.021500,41.100300,29.021450,41.107124,29.021442,41.100307,29.021477,41.102428,241.135213
2017,29.021490,41.100270,56,29.021500,41.100300,29.021450,41.107124,29.021442,41.100307,29.021477,41.102428,240.009733
2018,29.021470,41.100270,50,29.021347,41.100307,29.021450,41.107090,29.021473,41.100292,29.021397,41.102425,239.661836
2019,29.021460,41.100280,53,29.021166,41.100552,29.021450,41.107166,29.021441,41.100307,29.021297,41.102577,255.800879
2020,29.021450,41.100290,152,29.021610,41.100262,29.021450,41.106804,29.019756,41.103569,29.021284,41.102798,279.274395
2021,29.021430,41.100300,271,29.021486,41.100395,29.021450,41.107117,29.019751,41.103680,29.021214,41.102985,299.151235
2022,29.021430,41.100310,65,29.021502,41.100304,29.021450,41.107117,29.019775,41.104321,29.021225,41.103031,303.066296
