loc_id,true_lon,true_lat,num_rows,DL_lon,DL_lat,UL_lon,UL_lat,Scanner_lon,Scanner_lat,fused_lon,fused_lat,error_meters
4,29.029490,41.107230,554,29.029449,41.107216,29.025604,41.106941,29.029251,41.107258,29.028221,41.107140,106.784336
5,29.029470,41.107220,71,29.029406,41.107216,29.024000,41.107174,29.029264,41.107315,29.027700,41.107220,148.260753
6,29.029440,41.107240,72,29.029406,41.107216,29.024000,41.107174,29.029264,41.107315,29.027700,41.107220,145.764716
7,29.029410,41.107250,72,29.029354,41.107269,29.021620,41.107304,29.029221,41.107216,29.026928,41.107273,207.970029
8,29.029380,41.107270,62,29.029354,41.107269,29.021620,41.107304,29.029221,41.107216,29.026928,41.107273,205.440927
9,29.029360,41.107270,6,29.029354,41.107269,29.021620,41.107304,29.029221,41.107216,29.026928,41.107273,203.765266
12,29.029340,41.107280,72,29.029278,41.107216,29.023815,41.107307,29.029219,41.107220,29.027567,41.107246,148.602077
13,29.029300,41.107270,62,29.029278,41.107235,29.024513,41.107269,29.029263,41.107224,29.027790,41.107243,126.543479
14,29.029270,41.107260,6,29.029278,41.107235,29.024513,41.107269,29.029263,41.107224,29.027790,41.107243,124.008390
17,29.029250,41.107250,64,29.029152,41.107185,29.023350,41.107323,29.029205,41.107246,29.027351,41.107239,159.077380
18,29.029240,41.107240,6,29.029152,41.107185,29.023350,41.107323,29.029205,41.107246,29.027351,41.107239,158.234717
21,29.029220,41.107220,62,29.029116,41.107307,29.022705,41.107430,29.029219,41.107300,29.027134,41.107346,175.333454
22,29.029190,41.107200,7,29.029116,41.107307,29.022705,41.107430,29.029219,41.107300,29.027134,41.107346,173.021969
25,29.029170,41.107180,72,29.029085,41.107121,29.025301,41.107468,29.029112,41.107250,29.027912,41.107254,105.708553
26,29.029100,41.107140,60,29.029091,41.107098,29.022182,41.107521,29.029078,41.107212,29.026937,41.107250,181.596546
27,29.029070,41.107120,7,29.029091,41.107098,29.022182,41.107521,29.029078,41.107212,29.026937,41.107250,179.254801
30,29.029040,41.107090,64,29.029062,41.107281,29.022369,41.107452,29.028915,41.107075,29.026955,41.107304,176.324597
31,29.029000,41.107060,6,29.029062,41.107281,29.022369,41.107452,29.028915,41.107075,29.026955,41.107304,173.493922
34,29.028970,41.107030,68,29.029104,41.107071,29.022617,41.107418,29.028866,41.107010,29.027048,41.107170,161.774215
35,29.028880,41.106970,71,29.028748,41.106873,29.024284,41.107342,29.028738,41.106956,29.027355,41.107033,127.944124
36,29.028800,41.106900,70,29.028748,41.106873,29.024284,41.107342,29.028738,41.106956,29.027355,41.107033,121.947974
37,29.028730,41.106840,70,29.027735,41.105598,29.021887,41.105583,29.028605,41.106846,29.026043,41.105782,254.041392
38,29.028660,41.106790,59,29.027735,41.105598,29.021887,41.105583,29.028605,41.106846,29.026043,41.105782,246.278099
39,29.028620,41.106760,48,29.027735,41.105598,29.021887,41.105583,29.028605,41.106846,29.026043,41.105782,241.779763
42,29.028580,41.106730,54,29.028406,41.106670,29.022192,41.106506,29.028410,41.106667,29.026468,41.106617,177.374229
43,29.028510,41.106680,70,29.028399,41.106579,29.021732,41.106762,29.028509,41.106674,29.026340,41.106655,181.791552
44,29.028480,41.106650,6,29.028399,41.106579,29.021732,41.106762,29.028509,41.106674,29.026340,41.106655,179.257929
47,29.028450,41.106630,64,29.028513,41.106731,29.021620,41.106995,29.028364,41.106571,29.026344,41.106789,177.303376
48,29.028410,41.106600,6,29.028513,41.106731,29.021620,41.106995,29.028364,41.106571,29.026344,41.106789,174.338831
51,29.028380,41.106570,71,29.028326,41.106586,29.021389,41.106815,29.028296,41.106571,29.026157,41.106655,186.460426
52,29.028330,41.106530,64,29.028305,41.106636,29.023512,41.106689,29.028309,41.106491,29.026814,41.106636,127.603901
53,29.028300,41.106510,6,29.028305,41.106636,29.023512,41.106689,29.028309,41.106491,29.026814,41.106636,125.330549
56,29.028280,41.106490,63,29.028313,41.106590,29.021511,41.106819,29.028442,41.106544,29.026213,41.106655,174.177821
57,29.028260,41.106480,6,29.028313,41.106590,29.021511,41.106819,29.028442,41.106544,29.026213,41.106655,172.633466
60,29.028230,41.106460,67,29.028189,41.106487,29.023277,41.106434,29.028301,41.106491,29.026672,41.106476,130.517176
61,29.028210,41.106440,6,29.028189,41.106487,29.023277,41.106434,29.028301,41.106491,29.026672,41.106476,128.891233
64,29.028180,41.106420,73,29.028076,41.106384,29.023478,41.106388,29.028038,41.106400,29.026638,41.106388,129.241434
65,29.028130,41.106370,72,29.027985,41.106308,29.022697,41.106407,29.027918,41.106342,29.026327,41.106346,151.075277
66,29.028050,41.106320,30,29.027985,41.106308,29.022697,41.106407,29.027918,41.106342,29.026327,41.106346,144.378510
67,29.028020,41.106300,32,29.027985,41.106308,29.022697,41.106407,29.027918,41.106342,29.026327,41.106346,141.928484
69,29.028020,41.106300,8,29.027985,41.106308,29.022697,41.106407,29.027918,41.106342,29.026327,41.106346,141.928484
70,29.027980,41.106270,30,29.027937,41.106293,29.021898,41.106304,29.027859,41.106258,29.026043,41.106297,162.322404
71,29.027950,41.106250,32,29.027937,41.106293,29.021898,41.106304,29.027859,41.106258,29.026043,41.106297,159.865848
73,29.027950,41.106250,8,29.027935,41.106251,29.021181,41.106316,29.027817,41.106178,29.025812,41.106262,179.123797
74,29.027920,41.106230,72,29.027935,41.106255,29.021080,41.106350,29.027773,41.106167,29.025774,41.106277,179.878699
75,29.027880,41.106190,68,29.027935,41.106255,29.021080,41.106350,29.027773,41.106167,29.025774,41.106277,176.717760
76,29.027840,41.106170,30,29.023621,41.105469,29.021978,41.104519,29.027803,41.106274,29.023735,41.105297,357.367989
77,29.027820,41.106160,31,29.023621,41.105469,29.021978,41.104519,29.027803,41.106274,29.023735,41.105297,355.453824
79,29.027820,41.106160,8,29.023621,41.105392,29.021978,41.104519,29.027754,41.106148,29.023727,41.105236,357.958054
80,29.027810,41.106140,30,29.023621,41.105392,29.021978,41.104519,29.027754,41.106148,29.023727,41.105236,356.522227
81,29.027790,41.106130,31,29.023621,41.105392,29.021978,41.104519,29.027754,41.106148,29.023727,41.105236,354.601530
84,29.027780,41.106120,36,29.023621,41.104568,29.021978,41.104511,29.027786,41.106056,29.023735,41.104778,370.293043
85,29.027780,41.106100,31,29.023621,41.104568,29.021978,41.104511,29.027786,41.106056,29.023735,41.104778,369.402687
87,29.027780,41.106100,9,29.023621,41.104568,29.021978,41.104504,29.027723,41.106075,29.023724,41.104778,370.282579
88,29.027770,41.106090,69,29.023621,41.104568,29.021978,41.104504,29.027723,41.106075,29.023724,41.104778,369.072872
89,29.027770,41.106050,69,29.023621,41.104729,29.022074,41.104824,29.027790,41.106018,29.023762,41.104954,357.270631
90,29.027770,41.106010,64,29.023621,41.104881,29.022074,41.104824,29.027761,41.105968,29.023758,41.105030,353.371898
91,29.027780,41.105960,37,29.023621,41.104881,29.022074,41.104824,29.027761,41.105968,29.023758,41.105030,352.498315
92,29.027790,41.105930,39,29.023621,41.104881,29.022074,41.104824,29.027761,41.105968,29.023758,41.105030,352.337562
93,29.027790,41.105900,32,29.023621,41.105515,29.021978,41.104523,29.027782,41.105900,29.023731,41.105263,347.368959
94,29.027800,41.105870,42,29.023621,41.105515,29.021978,41.104523,29.027782,41.105900,29.023731,41.105263,347.525799
95,29.027810,41.105840,63,29.023621,41.104568,29.021978,41.104542,29.026796,41.105839,29.023586,41.104752,374.010502
96,29.027810,41.105770,36,29.023621,41.104568,29.021978,41.104542,29.026796,41.105839,29.023586,41.104752,371.564970
97,29.027810,41.105740,32,29.023621,41.104568,29.021978,41.104542,29.026796,41.105839,29.023586,41.104752,370.561997
99,29.027810,41.105740,8,29.023621,41.104568,29.021978,41.104542,29.026796,41.105839,29.023586,41.104752,370.561997
100,29.027810,41.105710,30,29.027737,41.105560,29.025021,41.105686,29.026842,41.107086,29.026754,41.105827,89.402340
101,29.027810,41.105670,32,29.027737,41.105560,29.025021,41.105686,29.026842,41.107086,29.026754,41.105827,90.158881
103,29.027810,41.105670,8,29.027737,41.105560,29.025021,41.105686,29.026842,41.107086,29.026754,41.105827,90.158881
104,29.027800,41.105640,32,29.027754,41.105618,29.026436,41.105537,29.027517,41.106808,29.027308,41.105770,43.726140
105,29.027780,41.105610,32,29.027754,41.105618,29.026436,41.105537,29.027517,41.106808,29.027308,41.105770,43.406749
107,29.027780,41.105610,8,29.027754,41.105618,29.026436,41.105537,29.027517,41.106808,29.027308,41.105770,43.406749
108,29.027770,41.105580,31,29.027746,41.105556,29.023834,41.105568,29.026958,41.107243,29.026409,41.105812,116.902823
109,29.027750,41.105550,32,29.027746,41.105556,29.023834,41.105568,29.026958,41.107243,29.026409,41.105812,116.061417
111,29.027750,41.105550,9,29.027704,41.105526,29.026421,41.105537,29.026945,41.107075,29.027193,41.105762,52.303179
112,29.027730,41.105520,74,29.027704,41.105526,29.026421,41.105537,29.026945,41.107075,29.027193,41.105762,52.448122
113,29.027690,41.105460,23,29.022242,41.105396,29.027935,41.105640,29.028139,41.106976,29.024900,41.105713,235.409956
114,29.027660,41.105440,32,29.022242,41.105396,29.027935,41.105640,29.028139,41.106976,29.024900,41.105713,233.193567
116,29.027660,41.105440,55,29.026186,41.105286,29.019964,41.105259,29.028137,41.106953,29.024538,41.105530,261.765198
117,29.027640,41.105420,50,29.026186,41.105286,29.019964,41.105259,29.028137,41.106953,29.024538,41.105530,260.185612
118,29.027580,41.105380,42,29.027374,41.105297,29.020676,41.105167,29.025959,41.106339,29.025074,41.105415,210.002911
119,29.027550,41.105360,32,29.027374,41.105297,29.020676,41.105167,29.025959,41.106339,29.025074,41.105415,207.543856
122,29.027530,41.105340,77,29.027147,41.105270,29.020676,41.105175,29.025959,41.106228,29.024954,41.105385,215.902436
123,29.027460,41.105320,28,29.023621,41.105412,29.021978,41.104519,29.028152,41.106834,29.023790,41.105350,307.481799
124,29.027430,41.105310,30,29.023621,41.105412,29.021978,41.104519,29.028152,41.106834,29.023790,41.105350,304.982798
127,29.027400,41.105300,37,29.023621,41.105415,29.021978,41.104519,29.028288,41.106960,29.023808,41.105370,301.097077
128,29.027360,41.105300,31,29.023621,41.105415,29.021978,41.104519,29.028288,41.106960,29.023808,41.105370,297.746770
130,29.027360,41.105300,9,29.023621,41.104671,29.022074,41.104504,29.025721,41.106594,29.023455,41.104908,330.102595
131,29.027320,41.105290,62,29.023621,41.104561,29.022074,41.104561,29.023857,41.106174,29.023174,41.104805,351.514456
132,29.027230,41.105280,37,29.023621,41.104561,29.022074,41.104561,29.023857,41.106174,29.023174,41.104805,343.892427
133,29.027180,41.105280,30,29.023621,41.104561,29.022074,41.104561,29.023857,41.106174,29.023174,41.104805,339.753444
136,29.027130,41.105270,71,29.023621,41.105469,29.021978,41.104523,29.027964,41.106369,29.023758,41.105309,282.563275
137,29.027050,41.105260,37,29.023621,41.105469,29.021978,41.104523,29.027964,41.106369,29.023758,41.105309,275.880742
138,29.027000,41.105250,30,29.023621,41.105469,29.021978,41.104523,29.027964,41.106369,29.023758,41.105309,271.716653
141,29.026960,41.105250,37,29.023621,41.105492,29.021978,41.104519,29.027964,41.106365,29.023758,41.105324,268.412677
142,29.026910,41.105240,31,29.023621,41.105492,29.021978,41.104519,29.027964,41.106365,29.023758,41.105324,264.262269
145,29.026860,41.105240,38,29.023621,41.105492,29.021978,41.104519,29.027887,41.106373,29.023748,41.105324,260.874163
146,29.026810,41.105230,31,29.023621,41.105492,29.021978,41.104519,29.027887,41.106373,29.023748,41.105324,256.730380
149,29.026770,41.105220,69,29.023621,41.105408,29.021978,41.104519,29.027864,41.106365,29.023745,41.105274,253.558402
150,29.026680,41.105210,70,29.023621,41.105419,29.021978,41.104519,29.028002,41.106400,29.023766,41.105289,244.347940
151,29.026590,41.105190,36,29.023621,41.105419,29.021978,41.104519,29.028002,41.106400,29.023766,41.105289,236.905747
152,29.026540,41.105190,31,29.023621,41.105419,29.021978,41.104519,29.028002,41.106400,29.023766,41.105289,232.721109
155,29.026490,41.105180,71,29.023621,41.105419,29.021978,41.104519,29.028070,41.106449,29.023775,41.105297,227.842151
156,29.026390,41.105170,72,29.023621,41.105419,29.021978,41.104519,29.028070,41.106449,29.023775,41.105297,219.546574
157,29.026300,41.105150,37,29.023621,41.104568,29.021978,41.104488,29.028015,41.106415,29.023769,41.104824,215.105919
158,29.026250,41.105140,29,29.023621,41.104568,29.021978,41.104488,29.028015,41.106415,29.023769,41.104824,210.789535
161,29.026200,41.105130,66,29.023621,41.105446,29.021978,41.104519,29.026041,41.105400,29.023472,41.105152,228.595143
162,29.026080,41.105120,37,29.023621,41.105446,29.021978,41.104519,29.026041,41.105400,29.023472,41.105152,218.556814
163,29.026030,41.105110,29,29.023621,41.105446,29.021978,41.104519,29.026041,41.105400,29.023472,41.105152,214.389522
166,29.025980,41.105100,70,29.023621,41.105457,29.021978,41.104507,29.028061,41.106354,29.023775,41.105297,186.034578
167,29.025880,41.105090,37,29.023621,41.105457,29.021978,41.104507,29.028061,41.106354,29.023775,41.105297,177.857635
168,29.025830,41.105080,29,29.023621,41.105457,29.021978,41.104507,29.028061,41.106354,29.023775,41.105297,173.855364
171,29.025780,41.105080,69,29.025969,41.105129,29.020111,41.105167,29.028011,41.106346,29.024448,41.105328,114.916558
172,29.025680,41.105060,45,29.025969,41.105129,29.020111,41.105167,29.028011,41.106346,29.024448,41.105328,107.395693
173,29.025620,41.105050,24,29.025969,41.105129,29.020111,41.105167,29.028011,41.106346,29.024448,41.105328,102.902901
176,29.025560,41.105040,73,29.026257,41.105320,29.020111,41.105179,29.025558,41.105377,29.024239,41.105286,114.035319
177,29.025440,41.105020,39,29.023621,41.104584,29.021978,41.104813,29.027828,41.106350,29.023737,41.104923,143.096565
178,29.025380,41.105010,31,29.023621,41.104584,29.021978,41.104813,29.027828,41.106350,29.023737,41.104923,138.001975
181,29.025320,41.105000,69,29.023621,41.104584,29.021978,41.104488,29.024937,41.104931,29.023306,41.104607,174.331221
182,29.025200,41.104990,44,29.023621,41.104584,29.021978,41.104488,29.024937,41.104931,29.023306,41.104607,164.325873
183,29.025140,41.104980,25,29.023621,41.104584,29.021978,41.104488,29.024937,41.104931,29.023306,41.104607,159.182517
186,29.025080,41.104970,43,29.023621,41.104584,29.021978,41.104511,29.024916,41.104927,29.023302,41.104614,154.128053
187,29.025020,41.104960,27,29.023621,41.104584,29.021978,41.104511,29.024916,41.104927,29.023302,41.104614,148.984047
190,29.024960,41.104950,70,29.023621,41.104897,29.022074,41.104824,29.024927,41.104904,29.023335,41.104877,136.432701
191,29.024850,41.104930,36,29.023621,41.104897,29.022074,41.104824,29.024927,41.104904,29.023335,41.104877,127.111940
192,29.024800,41.104920,30,29.023621,41.104897,29.022074,41.104824,29.024927,41.104904,29.023335,41.104877,122.879403
195,29.024740,41.104910,70,29.023621,41.104912,29.022074,41.104824,29.024286,41.104881,29.023237,41.104881,125.951966
196,29.024650,41.104900,37,29.023623,41.104935,29.022074,41.104824,29.024355,41.104897,29.023251,41.104897,117.252695
197,29.024600,41.104890,33,29.023623,41.104935,29.022074,41.104824,29.024355,41.104897,29.023251,41.104897,113.065108
200,29.024550,41.104890,45,29.024323,41.104790,29.021441,41.104877,29.024508,41.104897,29.023451,41.104832,92.321425
201,29.024510,41.104880,24,29.024323,41.104790,29.021441,41.104877,29.024508,41.104897,29.023451,41.104832,88.904466
204,29.024460,41.104870,67,29.024353,41.104969,29.019501,41.104889,29.024000,41.105701,29.022789,41.105053,141.476632
205,29.024370,41.104870,50,29.024309,41.104877,29.019888,41.104885,29.024302,41.104881,29.022930,41.104881,120.646493
206,29.024330,41.104860,23,29.024309,41.104877,29.019888,41.104885,29.024302,41.104881,29.022930,41.104881,117.312407
208,29.024330,41.104860,7,29.024309,41.104877,29.019888,41.104885,29.024302,41.104881,29.022930,41.104881,117.312407
209,29.024280,41.104850,70,29.024178,41.104877,29.020712,41.104885,29.024343,41.104889,29.023123,41.104881,97.020854
210,29.024180,41.104830,71,29.024126,41.104866,29.020161,41.104881,29.024117,41.105572,29.022888,41.104977,109.457899
211,29.024090,41.104810,47,29.024113,41.104881,29.020365,41.104881,29.024073,41.105598,29.022940,41.104992,98.480510
212,29.024040,41.104800,24,29.024113,41.104881,29.020365,41.104881,29.024073,41.105598,29.022940,41.104992,94.628992
215,29.023990,41.104790,72,29.023897,41.104786,29.021427,41.104858,29.024023,41.104828,29.023148,41.104820,70.663109
216,29.023890,41.104780,71,29.023724,41.104801,29.022942,41.104813,29.023697,41.105122,29.023476,41.104855,35.693926
217,29.023770,41.104770,47,29.023714,41.104794,29.023125,41.104813,29.021832,41.104568,29.023251,41.104767,43.521729
218,29.023710,41.104760,26,29.023714,41.104794,29.023125,41.104813,29.021832,41.104568,29.023251,41.104767,38.500664
221,29.023650,41.104760,70,29.023617,41.104786,29.021894,41.104950,29.022532,41.104568,29.022921,41.104805,61.317470
222,29.023530,41.104750,54,29.023516,41.104816,29.021492,41.104794,29.023403,41.104790,29.022867,41.104809,55.917012
223,29.023480,41.104740,22,29.023516,41.104816,29.021492,41.104794,29.023403,41.104790,29.022867,41.104809,51.910964
226,29.023430,41.104740,76,29.023315,41.104767,29.027630,41.104767,29.023148,41.101551,29.024635,41.104286,112.894420
227,29.023350,41.104740,54,29.023315,41.104767,29.027630,41.104767,29.023148,41.101551,29.024635,41.104286,118.928250
228,29.023310,41.104740,19,29.023315,41.104767,29.027630,41.104767,29.023148,41.101551,29.024635,41.104286,121.971370
231,29.023280,41.104740,51,29.023325,41.104774,29.021477,41.104771,29.023264,41.104752,29.022739,41.104771,45.422161
232,29.023250,41.104740,21,29.023325,41.104774,29.021477,41.104771,29.023264,41.104752,29.022739,41.104771,42.916076
235,29.023220,41.104740,74,29.023205,41.104771,29.025270,41.104771,29.021530,41.104538,29.023600,41.104740,31.807377
236,29.023170,41.104730,52,29.023205,41.104771,29.025270,41.104771,29.021530,41.104538,29.023600,41.104740,36.014359
237,29.023150,41.104730,20,29.023205,41.104771,29.025270,41.104771,29.021530,41.104538,29.023600,41.104740,37.689301
240,29.023130,41.104720,105,29.022549,41.104778,29.026667,41.104759,29.023144,41.104744,29.023924,41.104771,66.753923
241,29.023090,41.104720,82,29.022409,41.104752,29.026838,41.104778,29.022255,41.104599,29.023769,41.104736,56.951636
242,29.023030,41.104710,54,29.023102,41.104744,29.021612,41.104874,29.023031,41.104744,29.022629,41.104786,34.660178
243,29.023000,41.104710,25,29.023102,41.104744,29.021612,41.104874,29.023031,41.104744,29.022629,41.104786,32.228097
246,29.022960,41.104700,74,29.022907,41.104702,29.021450,41.104977,29.021482,41.104706,29.022243,41.104786,60.788409
247,29.022880,41.104700,51,29.022907,41.104702,29.021450,41.104977,29.021482,41.104706,29.022243,41.104786,54.179043
248,29.022840,41.104690,22,29.022907,41.104702,29.021450,41.104977,29.021482,41.104706,29.022243,41.104786,51.103991
251,29.022810,41.104690,43,29.022791,41.104809,29.021450,41.104847,29.022871,41.104675,29.022388,41.104801,37.420494
252,29.022770,41.104680,26,29.022791,41.104809,29.021450,41.104847,29.022871,41.104675,29.022388,41.104801,34.691669
255,29.022730,41.104680,46,29.022312,41.104656,29.021450,41.104904,29.022861,41.104702,29.022129,41.104744,50.850472
256,29.022690,41.104670,23,29.022312,41.104656,29.021450,41.104904,29.022861,41.104702,29.022129,41.104744,47.713300
259,29.022650,41.104660,71,29.022621,41.104752,29.021450,41.104801,29.022673,41.104668,29.022264,41.104755,33.998629
260,29.022580,41.104660,51,29.022467,41.104683,29.021450,41.104683,29.021420,41.104553,29.021994,41.104668,49.136672
261,29.022540,41.104650,19,29.022467,41.104683,29.021450,41.104683,29.021420,41.104553,29.021994,41.104668,45.819942
264,29.022500,41.104650,51,29.022388,41.104630,29.021450,41.104660,29.022434,41.104622,29.022104,41.104641,33.172623
265,29.022450,41.104640,18,29.022388,41.104630,29.021450,41.104660,29.022434,41.104622,29.022104,41.104641,28.968266
268,29.022410,41.104630,78,29.022343,41.104626,29.021450,41.104698,29.022408,41.104652,29.022078,41.104656,28.006115
269,29.022320,41.104610,71,29.022758,41.106136,29.021360,41.104950,29.022312,41.104645,29.022257,41.105545,104.106681
270,29.022240,41.104600,52,29.021111,41.104534,29.021450,41.104496,29.022312,41.104645,29.021397,41.104542,70.958460
271,29.022200,41.104590,16,29.021111,41.104534,29.021450,41.104496,29.022312,41.104645,29.021397,41.104542,67.524287
274,29.022170,41.104580,71,29.021086,41.104542,29.021450,41.104496,29.022251,41.105328,29.021378,41.104645,66.785053
275,29.022100,41.104570,52,29.021139,41.104519,29.021450,41.104511,29.022285,41.104637,29.021412,41.104534,57.791583
276,29.022070,41.104570,18,29.021139,41.104519,29.021450,41.104511,29.022285,41.104637,29.021412,41.104534,55.284243
279,29.022040,41.104570,70,29.021994,41.104549,29.021450,41.104549,29.022766,41.105324,29.021940,41.104668,13.704393
280,29.021990,41.104570,48,29.021994,41.104549,29.021450,41.104549,29.022766,41.105324,29.021940,41.104668,11.632772
281,29.021960,41.104570,22,29.021994,41.104549,29.021450,41.104549,29.022766,41.105324,29.021940,41.104668,10.985283
284,29.021930,41.104560,71,29.022074,41.104538,29.021450,41.104679,29.022278,41.105633,29.021912,41.104748,20.936027
285,29.021880,41.104560,46,29.021408,41.104507,29.021450,41.104511,29.022388,41.104622,29.021570,41.104530,26.165383
286,29.021850,41.104550,22,29.021408,41.104507,29.021450,41.104511,29.022388,41.104622,29.021570,41.104530,23.544788
289,29.021820,41.104550,70,29.021683,41.104519,29.021450,41.104519,29.021572,41.104603,29.021597,41.104534,18.774993
290,29.021770,41.104550,72,29.021683,41.104519,29.021450,41.104519,29.021572,41.104603,29.021597,41.104534,14.609456
291,29.021700,41.104550,53,29.021648,41.104519,29.023279,41.104553,29.024403,41.106426,29.022572,41.104816,78.806148
292,29.021670,41.104550,16,29.021648,41.104519,29.023279,41.104553,29.024403,41.106426,29.022572,41.104816,81.140857
295,29.021640,41.104550,54,29.021610,41.104515,29.022448,41.104538,29.021572,41.104603,29.021868,41.104538,19.129454
296,29.021610,41.104550,15,29.021610,41.104515,29.022448,41.104538,29.021572,41.104603,29.021868,41.104538,21.637608
299,29.021580,41.104550,103,29.020504,41.104485,29.021450,41.104519,29.021526,41.104610,29.020956,41.104515,52.423596
300,29.021510,41.104540,53,29.021458,41.104507,29.021450,41.104511,29.022774,41.105312,29.021656,41.104633,16.044287
301,29.021480,41.104530,19,29.021458,41.104507,29.021450,41.104511,29.022774,41.105312,29.021656,41.104633,18.696671
304,29.021440,41.104530,57,29.021355,41.104511,29.021450,41.104504,29.022804,41.105312,29.021601,41.104633,17.702077
305,29.021410,41.104530,16,29.021355,41.104511,29.021450,41.104504,29.022804,41.105312,29.021601,41.104633,19.681976
308,29.021380,41.104530,71,29.021326,41.104511,29.021450,41.104492,29.021456,41.104607,29.021383,41.104523,0.856597
309,29.021330,41.104520,71,29.021326,41.104511,29.021450,41.104492,29.021456,41.104607,29.021383,41.104523,4.474737
310,29.021280,41.104520,55,29.021156,41.104500,29.021450,41.104507,29.021391,41.104607,29.021286,41.104523,0.586607
311,29.021240,41.104510,16,29.021156,41.104500,29.021450,41.104507,29.021391,41.104607,29.021286,41.104523,4.105792
314,29.021210,41.104510,73,29.021067,41.104523,29.021450,41.104485,29.024845,41.106480,29.021757,41.104805,56.368582
315,29.021140,41.104510,55,29.021067,41.104523,29.021450,41.104485,29.024845,41.106480,29.021757,41.104805,61.233525
316,29.021090,41.104500,15,29.021067,41.104523,29.021450,41.104485,29.024845,41.106480,29.021757,41.104805,65.379757
319,29.021050,41.104500,71,29.021170,41.104507,29.021450,41.104515,29.024242,41.106422,29.021719,41.104801,65.293973
320,29.020960,41.104490,71,29.021170,41.104507,29.021450,41.104515,29.024242,41.106422,29.021719,41.104801,72.396295
321,29.020880,41.104480,53,29.021202,41.104603,29.021450,41.104485,29.020967,41.104584,29.021246,41.104565,32.075030
322,29.020830,41.104470,14,29.021202,41.104603,29.021450,41.104485,29.020967,41.104584,29.021246,41.104565,36.406599
325,29.020790,41.104460,49,29.021149,41.104538,29.021450,41.104485,29.024239,41.106445,29.021704,41.104809,85.821689
326,29.020740,41.104460,19,29.021149,41.104538,29.021450,41.104485,29.024239,41.106445,29.021704,41.104809,89.578796
329,29.020690,41.104450,70,29.020939,41.104511,29.021450,41.104454,29.020594,41.104473,29.021049,41.104488,30.421999
330,29.020590,41.104430,50,29.020729,41.104473,29.021450,41.104469,29.020472,41.104450,29.020918,41.104469,27.818411
331,29.020550,41.104430,18,29.020729,41.104473,29.021450,41.104469,29.020472,41.104450,29.020918,41.104469,31.132724
334,29.020500,41.104420,69,29.020279,41.104420,29.021450,41.104435,29.020363,41.104393,29.020658,41.104424,13.285399
335,29.020420,41.104410,72,29.020603,41.104408,29.021450,41.104374,29.020241,41.104382,29.020815,41.104393,33.140966
336,29.020360,41.104390,50,29.020603,41.104408,29.021450,41.104374,29.020241,41.104382,29.020815,41.104393,38.115725
337,29.020330,41.104390,18,29.020603,41.104408,29.021450,41.104374,29.020241,41.104382,29.020815,41.104393,40.629239
340,29.020300,41.104390,70,29.020201,41.104408,29.021450,41.104427,29.022783,41.105789,29.020979,41.104622,62.456089
341,29.020240,41.104380,52,29.020145,41.104401,29.021387,41.104431,29.022757,41.105793,29.020924,41.104618,63.099418
342,29.020220,41.104370,20,29.020145,41.104401,29.021387,41.104431,29.022757,41.105793,29.020924,41.104618,65.087774
345,29.020210,41.104370,71,29.020044,41.104431,29.021450,41.104408,29.022829,41.105804,29.020901,41.104633,64.859420
346,29.020180,41.104360,65,29.020044,41.104431,29.021450,41.104408,29.022829,41.105804,29.020901,41.104633,67.604440
347,29.020160,41.104360,74,29.020092,41.104424,29.021450,41.104378,29.020100,41.104431,29.020521,41.104412,30.809893
348,29.020130,41.104350,66,29.020092,41.104424,29.021450,41.104378,29.020100,41.104431,29.020521,41.104412,33.493432
349,29.020090,41.104350,72,29.020084,41.104370,29.021450,41.104404,29.020123,41.104378,29.020517,41.104385,36.021672
350,29.020070,41.104360,71,29.020084,41.104370,29.021450,41.104404,29.020123,41.104378,29.020517,41.104385,37.588042
351,29.020060,41.104360,72,29.020142,41.104385,29.021450,41.104382,29.020006,41.104412,29.020527,41.104389,39.253334
352,29.020050,41.104360,70,29.020075,41.104424,29.021450,41.104424,29.020069,41.104374,29.020504,41.104420,38.614089
353,29.020040,41.104360,73,29.019970,41.104439,29.021450,41.104511,29.020102,41.104389,29.020454,41.104454,36.262236
354,29.020030,41.104370,70,29.019970,41.104439,29.021450,41.104511,29.020102,41.104389,29.020454,41.104454,36.767074
355,29.020020,41.104380,57,29.020407,41.104408,29.021450,41.104469,29.020008,41.104404,29.020676,41.104427,55.187187
356,29.020010,41.104390,13,29.020407,41.104408,29.021450,41.104469,29.020008,41.104404,29.020676,41.104427,55.927768
359,29.020000,41.104400,57,29.020138,41.104385,29.021450,41.104431,29.022827,41.105785,29.020952,41.104610,83.144549
360,29.020000,41.104420,15,29.019958,41.104477,29.021450,41.104416,29.023115,41.105751,29.020901,41.104652,79.770705
361,29.019990,41.104440,71,29.020151,41.104435,29.021450,41.104538,29.019979,41.104450,29.020531,41.104469,45.420543
362,29.019980,41.104480,57,29.020151,41.104435,29.021450,41.104538,29.019979,41.104450,29.020531,41.104469,46.156742
363,29.019970,41.104510,12,29.020151,41.104435,29.021450,41.104538,29.019979,41.104450,29.020531,41.104469,47.196746
366,29.019960,41.104530,58,29.020029,41.104504,29.021450,41.104534,29.019949,41.104523,29.020462,41.104515,42.096652
369,29.019950,41.104560,14,29.020029,41.104504,29.021450,41.104534,29.019949,41.104523,29.020462,41.104515,43.191629
370,29.019940,41.104590,74,29.020355,41.104687,29.021252,41.104755,29.019978,41.104691,29.020578,41.104710,55.117156
371,29.019940,41.104650,62,29.020355,41.104687,29.021252,41.104755,29.019978,41.104691,29.020578,41.104710,53.897307
372,29.019940,41.104680,16,29.020355,41.104687,29.021252,41.104755,29.019978,41.104691,29.020578,41.104710,53.589297
373,29.019930,41.104710,57,29.020933,41.104904,29.021450,41.104916,29.020658,41.104889,29.021055,41.104904,96.718925
374,29.019930,41.104740,15,29.020458,41.104912,29.021450,41.104935,29.019922,41.104874,29.020689,41.104916,66.525346
375,29.019920,41.104770,71,29.020029,41.104874,29.021450,41.105045,29.019817,41.105625,29.020441,41.105042,53.079006
376,29.019910,41.104830,60,29.020029,41.104874,29.021450,41.105045,29.019817,41.105625,29.020441,41.105042,50.328073
379,29.019900,41.104860,15,29.020050,41.105019,29.021450,41.104912,29.019653,41.105350,29.020428,41.105038,48.428136
380,29.019890,41.104890,72,29.020050,41.105019,29.021450,41.104912,29.019653,41.105350,29.020428,41.105038,47.951891
381,29.019850,41.104950,57,29.020061,41.104988,29.021450,41.104923,29.019886,41.104935,29.020470,41.104965,51.946898
382,29.019850,41.104980,14,29.020061,41.104988,29.021450,41.104923,29.019886,41.104935,29.020470,41.104965,51.945387
383,29.019850,41.105010,57,29.020046,41.105042,29.021523,41.104923,29.022860,41.105232,29.020927,41.105038,90.325990
384,29.019830,41.105040,12,29.020046,41.105042,29.021523,41.104923,29.022860,41.105232,29.020927,41.105038,91.949559
387,29.019820,41.105070,73,29.019815,41.105194,29.021450,41.105171,29.019915,41.105137,29.020342,41.105183,45.484345
388,29.019820,41.105120,101,29.019838,41.105167,29.021450,41.105206,29.020651,41.106064,29.020466,41.105312,58.186576
389,29.019850,41.105170,60,29.019838,41.105167,29.021450,41.105206,29.020651,41.106064,29.020466,41.105312,53.972637
390,29.019870,41.105200,15,29.019924,41.105301,29.021450,41.105202,29.020369,41.105553,29.020466,41.105309,51.361743
391,29.019890,41.105220,71,29.019932,41.105309,29.021450,41.105244,29.020470,41.105728,29.020489,41.105350,52.222145
392,29.019920,41.105280,71,29.020014,41.105083,29.021370,41.105255,29.020273,41.105686,29.020475,41.105228,46.885618
393,29.019950,41.105330,64,29.019958,41.105251,29.021450,41.105255,29.020185,41.105679,29.020458,41.105316,42.609447
394,29.019980,41.105380,65,29.020338,41.105061,29.021450,41.105125,29.020185,41.105679,29.020662,41.105175,61.543927
395,29.020000,41.105400,6,29.020649,41.105019,29.021450,41.105141,29.020193,41.105652,29.020832,41.105152,74.965461
396,29.020020,41.105430,71,29.020649,41.105019,29.021450,41.105141,29.020193,41.105652,29.020832,41.105152,74.726128
397,29.020060,41.105480,70,29.020975,41.105515,29.021450,41.105137,29.021759,41.106255,29.021242,41.105511,99.105089
398,29.020100,41.105510,69,29.020975,41.105515,29.021450,41.105137,29.021759,41.106255,29.021242,41.105511,95.694829
399,29.020120,41.105530,6,29.020975,41.105515,29.021450,41.105137,29.021759,41.106255,29.021242,41.105511,94.043534
400,29.020140,41.105540,68,29.020578,41.104969,29.021450,41.105141,29.022163,41.106216,29.021086,41.105213,87.175870
401,29.020170,41.105550,5,29.020578,41.104969,29.021450,41.105141,29.022163,41.106216,29.021086,41.105213,85.379512
402,29.020190,41.105560,67,29.020462,41.104927,29.021450,41.105137,29.021547,41.106266,29.020931,41.105194,74.246488
404,29.020260,41.105590,69,29.020525,41.104607,29.021450,41.105080,29.021101,41.105633,29.020901,41.104908,92.914246
405,29.020340,41.105620,71,29.020525,41.104607,29.021450,41.105080,29.021101,41.105633,29.020901,41.104908,92.061930
407,29.020410,41.105650,69,29.020901,41.105537,29.021450,41.104519,29.021658,41.106331,29.021187,41.105339,73.700797
408,29.020480,41.105670,68,29.021042,41.105461,29.021450,41.104519,29.024822,41.106606,29.021736,41.105339,111.494776
409,29.020550,41.105690,68,29.021097,41.105385,29.021450,41.104511,29.023838,41.107536,29.021618,41.105438,93.750926
411,29.020620,41.105720,69,29.021097,41.105385,29.021450,41.104511,29.023838,41.107536,29.021618,41.105438,89.286146
412,29.020700,41.105740,68,29.021065,41.105358,29.021450,41.104511,29.023838,41.107544,29.021601,41.105423,83.294709
413,29.020790,41.105760,68,29.021072,41.105358,29.021450,41.104511,29.023785,41.107536,29.021597,41.105423,77.299018
415,29.020870,41.105780,69,29.021070,41.105350,29.021450,41.104511,29.023785,41.107536,29.021597,41.105419,72.933102
416,29.020970,41.105800,68,29.021090,41.105385,29.021450,41.104511,29.023865,41.107548,29.021618,41.105442,67.312328
418,29.021060,41.105820,69,29.021103,41.105389,29.021450,41.104507,29.024002,41.106194,29.021646,41.105236,81.430333
419,29.021140,41.105840,71,29.021067,41.105396,29.021450,41.104519,29.022938,41.106262,29.021469,41.105255,70.639417
420,29.021220,41.105860,68,29.021044,41.105526,29.021450,41.104507,29.022913,41.107513,29.021452,41.105511,43.429879
421,29.021280,41.105890,69,29.021044,41.105526,29.021450,41.104507,29.022913,41.107513,29.021452,41.105511,44.567736
423,29.021350,41.105920,68,29.020962,41.105526,29.021450,41.104519,29.023869,41.107536,29.021549,41.105515,48.077313
425,29.021410,41.105940,70,29.020962,41.105457,29.021450,41.104519,29.022928,41.107506,29.021408,41.105476,51.552510
426,29.021470,41.105980,68,29.020962,41.105457,29.021450,41.104519,29.022928,41.107506,29.021408,41.105476,56.239848
428,29.021510,41.106030,72,29.020891,41.105583,29.021450,41.104519,29.021709,41.106327,29.021191,41.105366,78.558163
430,29.021560,41.106080,69,29.020428,41.104588,29.021450,41.105160,29.020315,41.105274,29.020731,41.104870,151.433336
431,29.021590,41.106130,71,29.022270,41.106209,29.021450,41.106102,29.019966,41.105782,29.021669,41.106113,6.901840
433,29.021600,41.106190,71,29.022270,41.106209,29.021450,41.106102,29.019966,41.105782,29.021669,41.106113,10.309342
434,29.021620,41.106240,72,29.022015,41.106197,29.021450,41.106129,29.019901,41.105785,29.021523,41.106117,15.906189
435,29.021610,41.106300,70,29.021851,41.106308,29.021450,41.106133,29.023947,41.106525,29.022039,41.106285,36.016300
437,29.021610,41.106370,96,29.022440,41.106079,29.021343,41.106426,29.022507,41.107082,29.022108,41.106339,41.877854
438,29.021610,41.106400,6,29.022440,41.106079,29.021343,41.106426,29.022507,41.107082,29.022108,41.106339,42.287700
439,29.021600,41.106440,74,29.022440,41.106079,29.021343,41.106426,29.022507,41.107082,29.022108,41.106339,44.039675
440,29.021600,41.106460,6,29.022440,41.106079,29.021343,41.106426,29.022507,41.107082,29.022108,41.106339,44.661357
441,29.021590,41.106480,70,29.022047,41.105034,29.021450,41.106514,29.021843,41.107063,29.021830,41.105801,78.164606
442,29.021580,41.106520,66,29.020952,41.105507,29.021450,41.104519,29.021763,41.106911,29.021231,41.105412,126.683171
443,29.021570,41.106540,5,29.020811,41.105537,29.021450,41.104519,29.023664,41.106110,29.021439,41.105305,137.797598
445,29.021570,41.106550,70,29.020906,41.105537,29.021450,41.104633,29.023746,41.106033,29.021503,41.105331,135.614496
446,29.021560,41.106590,65,29.021191,41.105530,29.021450,41.105137,29.023779,41.106087,29.021660,41.105492,122.418459
447,29.021560,41.106600,5,29.021191,41.105530,29.021450,41.105137,29.023779,41.106087,29.021660,41.105492,123.527832
448,29.021560,41.106620,67,29.021191,41.105530,29.021450,41.105137,29.023779,41.106087,29.021660,41.105492,125.746715
449,29.021550,41.106650,71,29.020979,41.105515,29.021450,41.105141,29.023380,41.106129,29.021486,41.105492,128.914544
450,29.021540,41.106670,44,29.020979,41.105515,29.021450,41.105141,29.023380,41.106129,29.021486,41.105492,131.105131
451,29.021540,41.106690,32,29.021019,41.105545,29.021450,41.105141,29.023584,41.105995,29.021540,41.105488,133.675932
452,29.021530,41.106700,63,29.021019,41.105545,29.021450,41.105141,29.023584,41.105995,29.021540,41.105488,134.790323
453,29.021530,41.106720,8,29.021019,41.105545,29.021450,41.105141,29.023584,41.105995,29.021540,41.105488,137.014181
454,29.021520,41.106740,70,29.020893,41.105545,29.021450,41.104519,29.023609,41.106133,29.021477,41.105316,158.365022
455,29.021510,41.106790,67,29.020891,41.105541,29.021450,41.104519,29.027065,41.106243,29.021992,41.105331,167.133327
456,29.021510,41.106840,41,29.020891,41.105541,29.021450,41.104519,29.027065,41.106243,29.021992,41.105331,172.533739
457,29.021510,41.106860,30,29.020891,41.105541,29.021450,41.104519,29.027065,41.106243,29.021992,41.105331,174.696703
458,29.021520,41.106880,62,29.021049,41.105434,29.021450,41.104519,29.027178,41.106266,29.022095,41.105274,184.935816
459,29.021520,41.106890,8,29.021049,41.105434,29.021450,41.104519,29.027178,41.106266,29.022095,41.105274,186.009635
460,29.021520,41.106910,68,29.020977,41.105492,29.021450,41.104519,29.027187,41.106266,29.022057,41.105309,183.662358
461,29.021510,41.106910,69,29.020956,41.105492,29.021450,41.104519,29.024273,41.106239,29.021608,41.105305,178.689322
462,29.021500,41.106920,64,29.021067,41.105396,29.021450,41.104523,29.027197,41.106277,29.022108,41.105259,191.599099
463,29.021500,41.106930,75,29.021067,41.105396,29.021450,41.104523,29.027197,41.106277,29.022108,41.105259,192.671242
464,29.021490,41.106940,69,29.021065,41.105434,29.021450,41.104519,29.027243,41.106277,29.022112,41.105274,192.417564
465,29.021500,41.106950,62,29.020891,41.105545,29.021450,41.104519,29.024469,41.106171,29.021601,41.105324,181.022950
466,29.021500,41.106960,8,29.020891,41.105545,29.021450,41.104519,29.024567,41.106098,29.021618,41.105312,183.476670
467,29.021510,41.106980,42,29.020891,41.105545,29.021450,41.104519,29.024567,41.106098,29.021618,41.105312,185.654702
468,29.021520,41.106990,25,29.020899,41.105545,29.021450,41.104519,29.024477,41.106094,29.021605,41.105309,187.104745
469,29.021530,41.107010,68,29.020899,41.105545,29.021450,41.104519,29.024477,41.106094,29.021605,41.105309,189.297575
470,29.021540,41.107030,8,29.020899,41.105545,29.021450,41.104519,29.024477,41.106094,29.021605,41.105309,191.494787
471,29.021550,41.107050,70,29.020891,41.105537,29.021450,41.104519,29.024002,41.106316,29.021532,41.105335,190.679027
472,29.021580,41.107090,63,29.020889,41.105545,29.021450,41.104519,29.022081,41.107201,29.021246,41.105476,181.596118
474,29.021610,41.107140,79,29.020889,41.105545,29.021450,41.104519,29.022081,41.107201,29.021246,41.105476,187.483878
475,29.021640,41.107190,63,29.020960,41.105549,29.021450,41.104519,29.022129,41.107231,29.021290,41.105480,192.372198
476,29.021660,41.107210,6,29.020903,41.105530,29.021450,41.105137,29.024067,41.106140,29.021549,41.105499,190.451051
477,29.021670,41.107230,71,29.020903,41.105530,29.021450,41.105137,29.024067,41.106140,29.021549,41.105499,192.714514
478,29.021720,41.107280,68,29.020809,41.105515,29.021450,41.104527,29.022116,41.107506,29.021204,41.105511,201.430166
479,29.021730,41.107300,9,29.020809,41.105515,29.021450,41.104527,29.022116,41.107506,29.021204,41.105511,203.782348
480,29.021750,41.107330,65,29.020809,41.105515,29.021450,41.104527,29.022116,41.107506,29.021204,41.105511,207.403658
481,29.021800,41.107370,69,29.020813,41.105526,29.021450,41.104527,29.023504,41.106560,29.021414,41.105370,224.779029
482,29.021820,41.107390,49,29.020813,41.105526,29.021450,41.104527,29.023504,41.106560,29.021414,41.105370,227.224921
483,29.021830,41.107400,24,29.020451,41.104603,29.021450,41.104557,29.023785,41.106625,29.021259,41.104897,282.448150
484,29.021840,41.107420,69,29.020899,41.105530,29.021450,41.104511,29.023771,41.106560,29.021502,41.105370,229.754386
485,29.021860,41.107440,72,29.020899,41.105530,29.021450,41.104511,29.023771,41.106560,29.021502,41.105370,232.172253
486,29.021860,41.107450,71,29.021864,41.107479,29.021450,41.107487,29.023693,41.106625,29.022013,41.107361,16.186134
487,29.021870,41.107460,72,29.021866,41.107525,29.021450,41.107456,29.022051,41.107533,29.021763,41.107510,10.537072
488,29.021880,41.107470,142,29.022106,41.107468,29.021450,41.107475,29.023661,41.103783,29.022137,41.106918,65.003076
489,29.021890,41.107480,140,29.021925,41.107529,29.021450,41.107475,29.022083,41.104828,29.021801,41.107113,41.496912
490,29.021900,41.107480,72,29.020340,41.104900,29.021450,41.105137,29.022148,41.104877,29.020956,41.104973,289.785047
491,29.021910,41.107480,71,29.022324,41.107479,29.021450,41.107487,29.021667,41.105137,29.021957,41.107136,38.481775
492,29.021920,41.107500,70,29.022038,41.107624,29.021450,41.107491,29.024794,41.101681,29.022266,41.106693,94.282301
493,29.021950,41.107520,71,29.022024,41.107510,29.021450,41.107536,29.022024,41.107471,29.021847,41.107510,8.725577
494,29.021980,41.107550,71,29.022308,41.107582,29.021450,41.107635,29.023106,41.104118,29.022160,41.107082,54.131341
495,29.022000,41.107580,72,29.022308,41.107582,29.021450,41.107635,29.023106,41.104118,29.022160,41.107082,56.926560
496,29.022010,41.107600,60,29.022097,41.107578,29.021450,41.107746,29.023151,41.104115,29.022053,41.107113,54.283146
497,29.022030,41.107610,13,29.022150,41.107601,29.021450,41.107796,29.023066,41.104050,29.022070,41.107132,53.261022
498,29.022050,41.107620,73,29.022251,41.107624,29.021450,41.107704,29.023411,41.103920,29.022175,41.107098,59.019507
499,29.022070,41.107630,74,29.022253,41.107624,29.021450,41.107796,29.023209,41.104099,29.022150,41.107151,53.679390
500,29.022100,41.107650,75,29.022253,41.107624,29.021450,41.107796,29.023209,41.104099,29.022150,41.107151,55.640940
501,29.022130,41.107660,65,29.022284,41.107628,29.021450,41.107716,29.023735,41.101593,29.022240,41.106750,101.549759
502,29.022160,41.107670,79,29.022259,41.107666,29.021450,41.107803,29.023148,41.104218,29.022142,41.107193,53.061210
503,29.022210,41.107680,69,29.022259,41.107666,29.021450,41.107803,29.023148,41.104218,29.022142,41.107193,54.447973
504,29.022260,41.107690,48,29.022238,41.107643,29.021450,41.107826,29.025049,41.101639,29.022411,41.106804,99.343075
505,29.022290,41.107690,27,29.022238,41.107643,29.021450,41.107826,29.025049,41.101639,29.022411,41.106804,99.053624
506,29.022310,41.107680,72,29.022369,41.107628,29.021450,41.107727,29.024977,41.104877,29.022474,41.107250,49.732832
507,29.022380,41.107660,61,29.022369,41.107613,29.021450,41.107773,29.022566,41.107609,29.022116,41.107662,22.144487
508,29.022410,41.107650,18,29.022724,41.107594,29.021450,41.107620,29.023062,41.104076,29.022377,41.107075,64.025940
509,29.022440,41.107640,66,29.022724,41.107594,29.021450,41.107620,29.023062,41.104076,29.022377,41.107075,63.075458
510,29.022480,41.107630,7,29.022724,41.107594,29.021450,41.107620,29.023062,41.104076,29.022377,41.107075,62.342364
511,29.022510,41.107620,120,29.022430,41.107647,29.021450,41.107761,29.022570,41.107651,29.022146,41.107685,31.325604
512,29.022570,41.107600,55,29.022598,41.107643,29.021450,41.107571,29.025219,41.106552,29.022633,41.107456,16.827234
513,29.022630,41.107570,59,29.022505,41.107609,29.021450,41.107754,29.024889,41.101719,29.022537,41.106773,88.920837
514,29.022660,41.107560,22,29.022636,41.107624,29.021450,41.107647,29.024769,41.104336,29.022585,41.107140,47.169127
515,29.022680,41.107550,65,29.022636,41.107624,29.021450,41.107647,29.024769,41.104336,29.022585,41.107140,46.325924
516,29.022700,41.107540,6,29.022430,41.107666,29.021523,41.107746,29.022867,41.107510,29.022215,41.107670,43.131618
517,29.022720,41.107530,45,29.022430,41.107666,29.021523,41.107746,29.022867,41.107510,29.022215,41.107670,45.085435
518,29.022740,41.107530,27,29.022430,41.107666,29.021523,41.107746,29.022867,41.107510,29.022215,41.107670,46.661870
519,29.022760,41.107520,71,29.022688,41.107735,29.021450,41.107819,29.024538,41.104801,29.022577,41.107323,26.752368
520,29.022800,41.107520,72,29.022249,41.107815,29.021450,41.107868,29.024784,41.104168,29.022381,41.107288,43.552294
521,29.022850,41.107520,65,29.022249,41.107815,29.021450,41.107868,29.024784,41.104168,29.022381,41.107288,46.995661
522,29.022880,41.107530,6,29.022249,41.107815,29.021450,41.107868,29.024784,41.104168,29.022381,41.107288,49.709460
523,29.022910,41.107530,44,29.022783,41.107571,29.021450,41.107723,29.024448,41.104790,29.022615,41.107204,43.813199
524,29.022950,41.107530,28,29.022783,41.107571,29.021450,41.107723,29.024448,41.104790,29.022615,41.107204,45.784792
525,29.022980,41.107530,67,29.022820,41.107510,29.021450,41.107536,29.022999,41.107506,29.022419,41.107517,47.025592
526,29.023030,41.107540,7,29.023306,41.107601,29.021450,41.107567,29.024755,41.104256,29.022947,41.107094,50.095308
527,29.023080,41.107540,72,29.023300,41.107597,29.021450,41.107559,29.021559,41.107452,29.022465,41.107563,51.610687
528,29.023180,41.107560,69,29.023380,41.107647,29.021450,41.104519,29.022867,41.104149,29.022701,41.106152,161.663964
529,29.023270,41.107580,70,29.021013,41.105503,29.021450,41.104519,29.022867,41.104149,29.021429,41.104996,326.136746
530,29.023360,41.107590,69,29.021101,41.105438,29.021450,41.104519,29.023935,41.106060,29.021635,41.105247,297.882273
531,29.023420,41.107610,44,29.021101,41.105438,29.021450,41.104519,29.023935,41.106060,29.021635,41.105247,302.284051
532,29.023440,41.107610,27,29.021103,41.105389,29.021450,41.104511,29.023216,41.104145,29.021528,41.104931,338.235756
533,29.023460,41.107620,69,29.021103,41.105389,29.021450,41.104511,29.023216,41.104145,29.021528,41.104931,340.009978
534,29.023500,41.107630,44,29.021147,41.105396,29.021450,41.104507,29.023966,41.106194,29.021664,41.105244,306.725127
535,29.023520,41.107630,27,29.021147,41.105396,29.021450,41.104507,29.023966,41.106194,29.021664,41.105244,307.569080
536,29.023540,41.107640,69,29.021116,41.105404,29.021450,41.104511,29.024611,41.104168,29.021742,41.104942,335.675373
537,29.023590,41.107650,44,29.021116,41.105404,29.021450,41.104511,29.024611,41.104168,29.021742,41.104942,338.564758
538,29.023620,41.107660,26,29.021116,41.105404,29.021450,41.104511,29.024611,41.104168,29.021742,41.104942,340.707545
539,29.023640,41.107670,71,29.021128,41.105396,29.021450,41.104507,29.024132,41.107559,29.021681,41.105446,296.829778
540,29.023710,41.107680,70,29.021076,41.105389,29.021450,41.104507,29.024193,41.107563,29.021660,41.105442,302.375080
541,29.023790,41.107700,69,29.021124,41.105434,29.021450,41.104519,29.024162,41.107533,29.021685,41.105465,304.764313
542,29.023890,41.107730,45,29.021124,41.105434,29.021450,41.104519,29.024162,41.107533,29.021685,41.105465,312.372398
543,29.023930,41.107740,25,29.021124,41.105434,29.021450,41.104519,29.024162,41.107533,29.021685,41.105465,315.257959
544,29.023980,41.107750,69,29.020960,41.105476,29.021450,41.104519,29.024221,41.107536,29.021605,41.105488,320.756717
545,29.024070,41.107780,70,29.020977,41.105556,29.021450,41.104519,29.023252,41.107552,29.021467,41.105537,331.267105
546,29.024160,41.107800,73,29.020893,41.105549,29.021450,41.104519,29.024851,41.107643,29.021664,41.105545,326.519853
547,29.024250,41.107830,69,29.020893,41.105549,29.021450,41.104519,29.024851,41.107643,29.021664,41.105545,333.931569
548,29.024340,41.107840,67,29.020977,41.105556,29.021450,41.104519,29.024715,41.107624,29.021687,41.105549,338.125344
549,29.024430,41.107850,43,29.020977,41.105556,29.021450,41.104519,29.024715,41.107624,29.021687,41.105549,343.956646
550,29.024480,41.107850,26,29.020977,41.105556,29.021450,41.104519,29.024715,41.107624,29.021687,41.105549,346.770170
551,29.024520,41.107850,63,29.020960,41.105488,29.021450,41.104519,29.024904,41.107620,29.021704,41.105507,351.508630
552,29.024620,41.107860,47,29.020960,41.105488,29.021450,41.104519,29.024904,41.107620,29.021704,41.105507,357.998703
553,29.024670,41.107850,23,29.020876,41.105515,29.021450,41.105137,29.024731,41.107494,29.021635,41.105694,349.486916
554,29.024730,41.107840,63,29.020876,41.105515,29.021450,41.105137,29.024731,41.107494,29.021635,41.105694,352.407384
555,29.024780,41.107840,9,29.024866,41.107800,29.021450,41.107868,29.025017,41.107841,29.023825,41.107830,80.045695
556,29.024840,41.107830,58,29.024866,41.107800,29.021450,41.107868,29.025017,41.107841,29.023825,41.107830,85.064997
557,29.024890,41.107830,14,29.025045,41.107937,29.021450,41.107872,29.025106,41.107876,29.023935,41.107910,80.480599
558,29.024950,41.107840,61,29.025156,41.107857,29.021450,41.107876,29.025103,41.107834,29.023993,41.107861,80.251023
559,29.025070,41.107840,53,29.025156,41.107857,29.021450,41.107876,29.025103,41.107834,29.023993,41.107861,90.301284
560,29.025120,41.107840,27,29.025156,41.107857,29.021450,41.107876,29.025103,41.107834,29.023993,41.107861,94.489121
561,29.025180,41.107830,65,29.025406,41.107903,29.021450,41.107780,29.025423,41.107555,29.024176,41.107815,84.164406
563,29.025290,41.107820,71,29.025488,41.107861,29.021450,41.107796,29.025587,41.107845,29.024244,41.107838,87.632632
564,29.025400,41.107810,70,29.025488,41.107861,29.021450,41.107796,29.025587,41.107845,29.024244,41.107838,96.875557
566,29.025510,41.107800,52,29.025501,41.107819,29.021450,41.107777,29.025854,41.107845,29.024290,41.107811,102.214786
567,29.025560,41.107790,20,29.025421,41.107819,29.021450,41.107765,29.025707,41.107841,29.024227,41.107807,111.686415
568,29.025610,41.107780,72,29.025826,41.107834,29.021450,41.107471,29.026024,41.107830,29.024494,41.107723,93.699805
569,29.025720,41.107800,54,29.025826,41.107834,29.021450,41.107471,29.026024,41.107830,29.024494,41.107723,103.057132
570,29.025770,41.107800,19,29.025909,41.107777,29.021450,41.107811,29.026047,41.107254,29.024542,41.107712,103.363520
571,29.025820,41.107800,70,29.025909,41.107777,29.021450,41.107811,29.026047,41.107254,29.024542,41.107712,107.534478
573,29.025910,41.107820,72,29.026144,41.107635,29.021450,41.107861,29.026096,41.107830,29.024677,41.107735,103.715469
574,29.025980,41.107820,74,29.026144,41.107635,29.021450,41.107861,29.026096,41.107830,29.024677,41.107735,109.556970
575,29.026040,41.107820,70,29.026093,41.107815,29.021450,41.107830,29.026121,41.107841,29.024649,41.107822,116.569646
576,29.026060,41.107830,8,29.026108,41.107834,29.021450,41.107849,29.026098,41.107761,29.024656,41.107830,117.605759
577,29.026080,41.107840,75,29.026089,41.107838,29.021450,41.107414,29.026068,41.107826,29.024643,41.107704,121.343872
578,29.026110,41.107830,74,29.026089,41.107838,29.021450,41.107414,29.026068,41.107826,29.024643,41.107704,123.707503
579,29.026130,41.107830,69,29.026138,41.107830,29.021450,41.107830,29.026138,41.107838,29.024681,41.107834,121.393856
580,29.026140,41.107830,81,29.026127,41.107830,29.021450,41.107826,29.026127,41.107784,29.024670,41.107822,123.192630
581,29.026150,41.107820,72,29.026073,41.107822,29.021450,41.107853,29.026152,41.107822,29.024645,41.107834,126.114419
582,29.026160,41.107800,74,29.026073,41.107822,29.021450,41.107853,29.026152,41.107822,29.024645,41.107834,126.998672
583,29.026160,41.107810,71,29.025537,41.107826,29.021450,41.107800,29.026125,41.107731,29.024353,41.107807,151.392950
584,29.026170,41.107800,149,29.026178,41.107826,29.021521,41.107868,29.026161,41.107754,29.024725,41.107830,121.115065
585,29.026180,41.107780,70,29.026184,41.107819,29.021450,41.107868,29.026211,41.107662,29.024715,41.107815,122.766801
586,29.026180,41.107770,5,29.026184,41.107819,29.021450,41.107868,29.026211,41.107662,29.024715,41.107815,122.806877
589,29.026190,41.107750,117,29.026190,41.107784,29.021450,41.107761,29.026218,41.107651,29.024717,41.107761,123.390434
590,29.026190,41.107720,75,29.026163,41.107605,29.021450,41.107643,29.026184,41.107620,29.024698,41.107620,125.473443
591,29.026200,41.107670,71,29.026163,41.107605,29.021450,41.107643,29.026184,41.107620,29.024698,41.107620,125.941609
592,29.026210,41.107640,8,29.026287,41.106937,29.021448,41.107082,29.026194,41.107254,29.024767,41.107033,138.481489
593,29.026220,41.107600,76,29.026287,41.106937,29.021448,41.107082,29.026194,41.107254,29.024767,41.107033,137.111563
594,29.026220,41.107540,39,29.026182,41.107563,29.021450,41.107800,29.026224,41.107494,29.024712,41.107628,126.754286
595,29.026230,41.107500,38,29.026222,41.107574,29.021450,41.107601,29.026230,41.107361,29.024738,41.107548,125.090639
596,29.026240,41.107460,33,29.026222,41.107574,29.021450,41.107601,29.026230,41.107361,29.024738,41.107548,126.193597
597,29.026240,41.107430,32,29.026222,41.107574,29.021450,41.107601,29.026230,41.107361,29.024738,41.107548,126.495314
599,29.026240,41.107430,15,29.026222,41.107574,29.021450,41.107601,29.026230,41.107361,29.024738,41.107548,126.495314
600,29.026250,41.107390,70,29.026247,41.107315,29.021475,41.107239,29.026268,41.107231,29.024763,41.107281,125.167540
601,29.026270,41.107330,31,29.026247,41.107315,29.021475,41.107239,29.026268,41.107231,29.024763,41.107281,126.370957
602,29.026270,41.107300,24,29.026247,41.107315,29.021475,41.107239,29.026268,41.107231,29.024763,41.107281,126.270358
604,29.026270,41.107300,27,29.026285,41.106972,29.021471,41.107246,29.026278,41.107006,29.024788,41.107063,126.933791
605,29.026280,41.107260,38,29.026285,41.106972,29.021471,41.107246,29.026278,41.107006,29.024788,41.107063,126.911860
606,29.026290,41.107240,32,29.026316,41.107162,29.021450,41.107094,29.026268,41.107201,29.024790,41.107147,126.113489
607,29.026300,41.107210,78,29.026316,41.107162,29.021450,41.107094,29.026268,41.107201,29.024790,41.107147,126.721083
608,29.026310,41.107150,70,29.026350,41.107063,29.021450,41.107063,29.026241,41.107063,29.024809,41.107063,126.137576
609,29.026330,41.107090,42,29.026350,41.107063,29.021450,41.107063,29.026241,41.107063,29.024809,41.107063,127.478888
610,29.026340,41.107060,29,29.026350,41.107063,29.021450,41.107063,29.026241,41.107063,29.024809,41.107063,128.282680
611,29.026350,41.107030,36,29.026339,41.107082,29.021450,41.107040,29.026360,41.106956,29.024818,41.107052,128.344009
612,29.026350,41.107000,39,29.026339,41.107082,29.021450,41.107040,29.026360,41.106956,29.024818,41.107052,128.450493
614,29.026350,41.107000,13,29.026638,41.107693,29.021450,41.107441,29.026394,41.106895,29.024988,41.107494,126.649268
615,29.026360,41.106970,65,29.026638,41.107693,29.021450,41.107441,29.026394,41.106895,29.024988,41.107494,128.879028
616,29.026380,41.106900,71,29.026392,41.106785,29.021461,41.107250,29.026407,41.106945,29.024857,41.106956,127.793072
617,29.026390,41.106840,33,29.026392,41.106785,29.021461,41.107250,29.026407,41.106945,29.024857,41.106956,129.127773
618,29.026400,41.106800,43,29.026392,41.106785,29.021461,41.107250,29.026407,41.106945,29.024857,41.106956,130.479802
619,29.026410,41.106770,68,29.026415,41.106781,29.021450,41.107124,29.026419,41.106750,29.024870,41.106888,129.697067
620,29.026420,41.106700,75,29.026344,41.107330,29.021524,41.107227,29.026419,41.106613,29.024853,41.107189,142.129968
621,29.026430,41.106630,38,29.026442,41.106445,29.021559,41.106762,29.026419,41.106560,29.024916,41.106564,127.089386
622,29.026430,41.106590,39,29.026442,41.106445,29.021559,41.106762,29.026419,41.106560,29.024916,41.106564,126.908605
624,29.026430,41.106590,5,29.026440,41.106445,29.021580,41.106777,29.026423,41.106251,29.024925,41.106522,126.304744
625,29.026440,41.106560,74,29.026440,41.106445,29.021580,41.106777,29.026423,41.106251,29.024925,41.106522,126.985234
626,29.026480,41.106480,44,29.026447,41.106476,29.021450,41.106762,29.026447,41.106468,29.024891,41.106567,133.495427
627,29.026480,41.106450,30,29.026447,41.106476,29.021450,41.106762,29.026447,41.106468,29.024891,41.106567,133.779635
629,29.026480,41.106450,5,29.026432,41.106354,29.021450,41.106316,29.026434,41.106327,29.024878,41.106339,134.831480
630,29.026480,41.106420,74,29.026432,41.106354,29.021450,41.106316,29.026434,41.106327,29.024878,41.106339,134.565775
631,29.026460,41.106380,74,29.026436,41.106384,29.021450,41.106468,29.026424,41.106369,29.024881,41.106407,132.299442
632,29.026450,41.106350,82,29.026442,41.106434,29.021450,41.107258,29.026424,41.106350,29.024883,41.106682,136.354092
633,29.026450,41.106330,72,29.026426,41.106319,29.021450,41.106339,29.026426,41.106327,29.024878,41.106331,131.746885
634,29.026440,41.106320,80,29.026428,41.106331,29.021450,41.106323,29.026440,41.106312,29.024881,41.106327,130.591765
635,29.026440,41.106300,72,29.026426,41.106339,29.021450,41.106319,29.026428,41.106319,29.024878,41.106331,130.954036
636,29.026440,41.106290,77,29.026447,41.106403,29.021450,41.106445,29.026426,41.106331,29.024887,41.106411,130.803526
637,29.026450,41.106270,78,29.026447,41.106255,29.021450,41.106152,29.023632,41.106579,29.024469,41.106277,165.947546
638,29.026450,41.106250,75,29.026447,41.106255,29.021450,41.106152,29.023632,41.106579,29.024469,41.106277,165.973595
639,29.026460,41.106200,101,29.026449,41.106155,29.021454,41.105984,29.024208,41.106087,29.024559,41.106094,159.705310
640,29.026470,41.106140,37,29.026453,41.106056,29.021452,41.105972,29.026472,41.106113,29.024899,41.106041,132.124964
641,29.026470,41.106120,34,29.026453,41.106056,29.021452,41.105972,29.026472,41.106113,29.024899,41.106041,131.958220
643,29.026470,41.106120,12,29.026455,41.106110,29.021526,41.105907,29.026445,41.106064,29.024918,41.106041,130.363747
644,29.026470,41.106090,42,29.026455,41.106110,29.021526,41.105907,29.026445,41.106064,29.024918,41.106041,130.181418
645,29.026470,41.106060,35,29.026455,41.106110,29.021526,41.105907,29.026445,41.106064,29.024918,41.106041,130.084405
648,29.026480,41.106030,74,29.026472,41.106037,29.021711,41.106030,29.024372,41.106358,29.024677,41.106087,151.172305
649,29.026490,41.105980,41,29.026472,41.106037,29.021711,41.106030,29.024372,41.106358,29.024677,41.106087,152.341518
650,29.026500,41.105960,37,29.026487,41.105259,29.021715,41.105946,29.026453,41.107136,29.024994,41.105759,128.159286
651,29.026510,41.105940,42,29.026487,41.105259,29.021715,41.105946,29.026453,41.107136,29.024994,41.105759,128.617012
652,29.026520,41.105910,65,29.026558,41.105858,29.021479,41.105843,29.022646,41.106182,29.024391,41.105904,178.364834
653,29.026530,41.105890,75,29.026558,41.105858,29.021479,41.105843,29.022646,41.106182,29.024391,41.105904,179.207706
654,29.026550,41.105830,44,29.026577,41.105774,29.021450,41.105759,29.026585,41.105774,29.024981,41.105770,131.665340
655,29.026560,41.105800,39,29.026585,41.105721,29.021450,41.105846,29.023993,41.106812,29.024593,41.105923,165.339274
656,29.026560,41.105780,74,29.026585,41.105721,29.021450,41.105846,29.023993,41.106812,29.024593,41.105923,165.537649
657,29.026570,41.105720,77,29.026882,41.105362,29.021450,41.105446,29.021841,41.105125,29.024435,41.105354,183.441702
658,29.026570,41.105660,75,29.026882,41.105362,29.021450,41.105446,29.021841,41.105125,29.024435,41.105354,182.079150
659,29.026580,41.105600,40,29.026896,41.105598,29.021450,41.105476,29.022221,41.105354,29.024500,41.105522,174.497256
660,29.026580,41.105570,24,29.026896,41.105598,29.021450,41.105476,29.022221,41.105354,29.024500,41.105522,174.363657
662,29.026580,41.105570,15,29.026896,41.105598,29.021450,41.105476,29.022221,41.105354,29.024500,41.105522,174.363657
663,29.026590,41.105540,74,29.026875,41.105362,29.021095,41.105358,29.027201,41.106266,29.025122,41.105499,123.106360
664,29.026600,41.105490,66,29.026520,41.105461,29.019026,41.105297,29.027201,41.106270,29.024286,41.105534,193.917380
665,29.026600,41.105440,43,29.025959,41.105183,29.020447,41.105160,29.027546,41.106384,29.024481,41.105358,177.789917
666,29.026600,41.105420,31,29.025959,41.105183,29.020447,41.105160,29.027546,41.106384,29.024481,41.105358,177.689944
669,29.026610,41.105400,36,29.023621,41.105476,29.022074,41.104519,29.026676,41.105473,29.023596,41.105179,253.740534
670,29.026610,41.105380,25,29.023621,41.105476,29.022074,41.104519,29.026676,41.105473,29.023596,41.105179,253.534693
672,29.026610,41.105380,11,29.023621,41.105476,29.022074,41.104519,29.026676,41.105473,29.023596,41.105179,253.534693
673,29.026620,41.105370,64,29.023621,41.105457,29.022074,41.104824,29.027176,41.106255,29.023672,41.105381,246.994185
674,29.026620,41.105340,66,29.023651,41.105457,29.022074,41.104824,29.027067,41.106277,29.023672,41.105385,247.041490
675,29.026630,41.105320,68,29.023621,41.104988,29.022074,41.104824,29.026222,41.105804,29.023527,41.105061,261.570655
676,29.026630,41.105300,72,29.023621,41.104988,29.022074,41.104824,29.026222,41.105804,29.023527,41.105061,261.334787
677,29.026620,41.105300,67,29.023621,41.105457,29.021978,41.104519,29.026289,41.105904,29.023510,41.105232,260.684201
678,29.026610,41.105280,72,29.023621,41.105442,29.022074,41.104824,29.026440,41.105221,29.023561,41.105221,255.507488
679,29.026590,41.105260,69,29.023621,41.105480,29.021978,41.104519,29.026529,41.105885,29.023544,41.105244,255.191669
680,29.026570,41.105250,70,29.023621,41.105480,29.021978,41.104519,29.026529,41.105885,29.023544,41.105244,253.510497
681,29.026520,41.105240,49,29.023621,41.105461,29.021978,41.104519,29.026529,41.105797,29.023544,41.105221,249.329445
682,29.026490,41.105240,18,29.023621,41.105461,29.021978,41.104519,29.026529,41.105797,29.023544,41.105221,246.815966
685,29.026460,41.105240,52,29.023621,41.105492,29.021978,41.104519,29.021824,41.106083,29.022840,41.105282,303.298069
686,29.026420,41.105240,13,29.023621,41.105492,29.021978,41.104519,29.021824,41.106083,29.022840,41.105282,299.947039
688,29.026420,41.105240,10,29.023621,41.105423,29.021978,41.104519,29.026539,41.105793,29.023544,41.105194,240.995844
689,29.026390,41.105230,67,29.023621,41.105423,29.021978,41.104519,29.026539,41.105793,29.023544,41.105194,238.461648
690,29.026330,41.105220,51,29.023621,41.105446,29.021978,41.104519,29.026337,41.105782,29.023518,41.105209,235.641359
691,29.026300,41.105200,12,29.023621,41.105446,29.021978,41.104519,29.026337,41.105782,29.023518,41.105209,233.127165
693,29.026300,41.105200,9,29.023621,41.105446,29.021978,41.104519,29.026337,41.105782,29.023518,41.105209,233.127165
694,29.026270,41.105200,49,29.023621,41.104591,29.022074,41.104523,29.026371,41.105808,29.023552,41.104752,233.130023
695,29.026240,41.105180,18,29.023621,41.104591,29.022074,41.104523,29.026371,41.105808,29.023552,41.104752,230.204801
698,29.026210,41.105170,69,29.023621,41.105469,29.022074,41.104519,29.026279,41.105259,29.023537,41.105145,224.004146
699,29.026120,41.105160,69,29.023621,41.105450,29.021978,41.104519,29.026093,41.106125,29.023479,41.105263,221.534409
700,29.026020,41.105150,52,29.023621,41.105431,29.021978,41.104519,29.026091,41.105190,29.023479,41.105114,212.898908
701,29.025970,41.105140,12,29.023621,41.105431,29.021978,41.104519,29.026091,41.105190,29.023479,41.105114,208.692010
703,29.025970,41.105140,9,29.026007,41.105160,29.021450,41.105270,29.026047,41.105194,29.024593,41.105198,115.523073
704,29.025920,41.105140,68,29.026222,41.105175,29.021269,41.105167,29.025164,41.105343,29.024521,41.105198,117.403634
705,29.025820,41.105120,54,29.026222,41.105175,29.021269,41.105167,29.025164,41.105343,29.024521,41.105198,109.192542
706,29.025780,41.105110,12,29.026222,41.105175,29.021269,41.105167,29.025164,41.105343,29.024521,41.105198,105.948810
708,29.025780,41.105110,8,29.025518,41.105434,29.021532,41.104523,29.025621,41.104679,29.024290,41.105042,125.066090
709,29.025730,41.105110,69,29.025518,41.105434,29.021532,41.104523,29.025621,41.104679,29.024290,41.105042,120.884837
710,29.025630,41.105090,56,29.025454,41.105038,29.019642,41.104946,29.025640,41.105019,29.023668,41.105007,164.621713
711,29.025580,41.105080,12,29.025454,41.105038,29.019642,41.104946,29.025640,41.105019,29.023668,41.105007,160.379169
713,29.025580,41.105080,8,29.025454,41.105038,29.019642,41.104946,29.025640,41.105019,29.023668,41.105007,160.379169
714,29.025530,41.105070,55,29.025465,41.105034,29.018414,41.104919,29.025402,41.105026,29.023258,41.105000,190.505434
715,29.025470,41.105070,18,29.025465,41.105034,29.018414,41.104919,29.025402,41.105026,29.023258,41.105000,185.482642
718,29.025420,41.105060,67,29.025446,41.104919,29.019056,41.104847,29.025696,41.105251,29.023493,41.104950,161.934372
719,29.025310,41.105040,54,29.025448,41.104916,29.016739,41.104935,29.025953,41.105404,29.022810,41.105000,209.514841
720,29.025250,41.105040,15,29.023621,41.104588,29.022074,41.104813,29.025953,41.105404,29.023489,41.104786,150.228111
723,29.025190,41.105040,52,29.023621,41.104939,29.022074,41.104824,29.025146,41.105011,29.023369,41.104912,153.252623
724,29.025130,41.105030,12,29.023621,41.104939,29.022074,41.104824,29.025146,41.105011,29.023369,41.104912,148.145216
726,29.025130,41.105030,6,29.023621,41.104939,29.022074,41.104824,29.025146,41.105011,29.023369,41.104912,148.145216
727,29.025070,41.105020,70,29.023621,41.104961,29.022074,41.104824,29.024881,41.104942,29.023327,41.104916,146.510194
728,29.024970,41.105000,74,29.023621,41.104961,29.022074,41.104824,29.024881,41.104942,29.023327,41.104916,137.990502
729,29.024860,41.104980,50,29.023651,41.104942,29.022074,41.104824,29.024733,41.104927,29.023323,41.104904,129.050040
730,29.024800,41.104980,15,29.023651,41.104942,29.022074,41.104824,29.024733,41.104927,29.023323,41.104904,124.034049
733,29.024750,41.104970,72,29.023621,41.104870,29.022074,41.104824,29.024309,41.105717,29.023241,41.104984,126.439554
734,29.024650,41.104960,51,29.023621,41.104904,29.022074,41.104824,29.024387,41.105717,29.023254,41.105003,117.031641
735,29.024610,41.104950,19,29.023621,41.104904,29.022074,41.104824,29.024387,41.105717,29.023254,41.105003,113.735717
738,29.024560,41.104950,72,29.023581,41.104954,29.022074,41.104824,29.024147,41.105675,29.023195,41.105022,114.628916
739,29.024470,41.104940,70,29.024357,41.105076,29.021009,41.104881,29.024567,41.105286,29.023344,41.105045,95.063844
740,29.024390,41.104910,78,29.024189,41.104889,29.019970,41.104889,29.024025,41.105419,29.022850,41.104969,129.194381
741,29.024320,41.104890,71,29.024181,41.104889,29.020367,41.104881,29.024050,41.104858,29.022972,41.104885,112.936139
742,29.024230,41.104870,57,29.024181,41.104889,29.020367,41.104881,29.024050,41.104858,29.022972,41.104885,105.407460
743,29.024190,41.104860,12,29.024181,41.104889,29.020367,41.104881,29.024050,41.104858,29.022972,41.104885,102.080809
745,29.024190,41.104860,5,29.024191,41.104866,29.020857,41.104885,29.024166,41.104893,29.023148,41.104874,87.353377
746,29.024160,41.104860,55,29.024191,41.104866,29.020857,41.104885,29.024166,41.104893,29.023148,41.104874,84.840182
747,29.024120,41.104850,16,29.024191,41.104866,29.020857,41.104885,29.024166,41.104893,29.023148,41.104874,81.517602
750,29.024080,41.104840,52,29.024103,41.104794,29.020302,41.104881,29.023903,41.104824,29.022888,41.104824,99.873558
753,29.024040,41.104820,17,29.024103,41.104794,29.020302,41.104881,29.023903,41.104824,29.022888,41.104824,96.507464
754,29.024000,41.104800,70,29.023869,41.104855,29.023096,41.104904,29.024242,41.101555,29.023685,41.104378,53.843267
755,29.023890,41.104790,57,29.023869,41.104855,29.023096,41.104904,29.024242,41.101555,29.023685,41.104378,48.939399
758,29.023840,41.104790,18,29.023691,41.104805,29.022406,41.104836,29.021425,41.104542,29.022951,41.104774,74.495482
759,29.023790,41.104790,57,29.023691,41.104805,29.022406,41.104836,29.021425,41.104542,29.022951,41.104774,70.307358
760,29.023740,41.104780,17,29.023691,41.104805,29.022406,41.104836,29.021425,41.104542,29.022951,41.104774,66.099705
763,29.023690,41.104780,70,29.023710,41.104774,29.021002,41.104916,29.021343,41.104557,29.022509,41.104786,98.985574
764,29.023580,41.104770,56,29.023447,41.104782,29.025810,41.104774,29.023537,41.104797,29.024197,41.104786,51.695041
765,29.023530,41.104760,17,29.023447,41.104782,29.025810,41.104774,29.023537,41.104797,29.024197,41.104786,55.928355
768,29.023480,41.104760,57,29.022385,41.104774,29.022717,41.105331,29.023287,41.104767,29.022627,41.104950,74.535288
771,29.023430,41.104750,70,29.023113,41.104847,29.023676,41.105377,29.023293,41.104767,29.023317,41.105003,29.711412
772,29.023390,41.104750,49,29.023113,41.104847,29.023676,41.105377,29.023293,41.104767,29.023317,41.105003,28.822344
773,29.023320,41.104750,55,29.021797,41.105091,29.026962,41.104767,29.021912,41.104580,29.023428,41.104916,20.517688
776,29.023280,41.104750,20,29.022682,41.104813,29.023642,41.104752,29.018768,41.104534,29.022398,41.104752,73.900204
777,29.023250,41.104740,48,29.022682,41.104813,29.023642,41.104752,29.018768,41.104534,29.022398,41.104752,71.398033
778,29.023230,41.104730,25,29.022682,41.104813,29.023642,41.104752,29.018768,41.104534,29.022398,41.104752,69.751999
781,29.023200,41.104710,52,29.022976,41.104958,29.021601,41.104748,29.021603,41.104664,29.022343,41.104847,73.428067
784,29.023170,41.104720,21,29.022863,41.104851,29.021450,41.104813,29.021511,41.104553,29.022223,41.104797,79.850711
785,29.023140,41.104720,78,29.022863,41.104851,29.021450,41.104813,29.021511,41.104553,29.022223,41.104797,77.352224
786,29.023100,41.104750,73,29.023008,41.104820,29.021450,41.104988,29.021509,41.104546,29.022299,41.104832,67.740381
787,29.023050,41.104770,50,29.022984,41.104519,29.021450,41.104816,29.021439,41.104553,29.022278,41.104618,66.866439
788,29.023040,41.104770,22,29.022984,41.104519,29.021450,41.104816,29.021439,41.104553,29.022278,41.104618,66.056095
791,29.023020,41.104780,48,29.023010,41.104774,29.021450,41.105011,29.022919,41.104858,29.022512,41.104862,43.498367
794,29.023010,41.104790,23,29.022980,41.104824,29.021450,41.104797,29.023026,41.104820,29.022512,41.104816,41.792566
795,29.022990,41.104800,73,29.022980,41.104824,29.021450,41.104797,29.023026,41.104820,29.022512,41.104816,40.055044
796,29.022980,41.104830,47,29.023054,41.104816,29.021402,41.104805,29.022995,41.104881,29.022533,41.104824,37.423361
799,29.022970,41.104840,23,29.023211,41.104969,29.021450,41.104912,29.023075,41.104897,29.022644,41.104942,29.585898
800,29.022960,41.104860,72,29.023211,41.104969,29.021450,41.104912,29.023075,41.104897,29.022644,41.104942,28.010751
801,29.022950,41.104900,49,29.022532,41.104908,29.021450,41.104931,29.023041,41.104919,29.022270,41.104923,57.016244
804,29.022940,41.104930,25,29.022532,41.104908,29.021450,41.104931,29.023041,41.104919,29.022270,41.104923,56.124757
805,29.022930,41.104970,76,29.022415,41.104931,29.021450,41.104828,29.020014,41.104565,29.021757,41.104847,99.218518
806,29.022920,41.105050,72,29.022884,41.105228,29.021454,41.104916,29.022497,41.103600,29.022385,41.104889,48.299468
807,29.022890,41.105110,54,29.022884,41.105228,29.021454,41.104916,29.022497,41.103600,29.022385,41.104889,48.960944
808,29.022880,41.105140,21,29.022884,41.105228,29.021454,41.104916,29.022497,41.103600,29.022385,41.104889,50.020627
811,29.022880,41.105180,52,29.023180,41.104820,29.021450,41.105072,29.022068,41.105537,29.022474,41.105003,39.259605
814,29.022870,41.105210,24,29.023180,41.104820,29.021450,41.105072,29.022068,41.105537,29.022474,41.105003,40.338910
815,29.022860,41.105240,73,29.023031,41.105099,29.021671,41.104816,29.021736,41.104759,29.022415,41.104965,48.195109
816,29.022840,41.105330,49,29.023031,41.105099,29.021671,41.104816,29.021736,41.104759,29.022415,41.104965,53.966469
819,29.022830,41.105360,25,29.022774,41.105492,29.022804,41.105202,29.021709,41.104786,29.022627,41.105297,18.400424
820,29.022820,41.105400,48,29.022774,41.105492,29.022804,41.105202,29.021709,41.104786,29.022627,41.105297,19.818431
821,29.022810,41.105430,20,29.022774,41.105492,29.022804,41.105202,29.021709,41.104786,29.022627,41.105297,21.303312
824,29.022810,41.105470,47,29.022659,41.105503,29.024513,41.105526,29.022791,41.105530,29.023258,41.105515,37.878373
827,29.022800,41.105500,22,29.022663,41.105526,29.021790,41.105503,29.023205,41.105728,29.022474,41.105549,27.825351
828,29.022790,41.105530,79,29.022663,41.105526,29.021790,41.105503,29.023205,41.105728,29.022474,41.105549,26.534954
829,29.022780,41.105600,74,29.022661,41.105431,29.021511,41.105289,29.022800,41.105614,29.022326,41.105419,43.062482
830,29.022760,41.105660,77,29.022661,41.105431,29.021511,41.105289,29.022800,41.105614,29.022326,41.105419,45.192849
831,29.022750,41.105690,17,29.022661,41.105431,29.021511,41.105289,29.022800,41.105614,29.022326,41.105419,46.603557
834,29.022740,41.105720,80,29.022530,41.105690,29.021530,41.105442,29.021784,41.104961,29.022108,41.105507,58.006481
835,29.022720,41.105780,58,29.022524,41.105747,29.021532,41.105625,29.025385,41.105145,29.022644,41.105621,18.755171
836,29.022720,41.105820,18,29.022741,41.105751,29.021572,41.105759,29.025303,41.105209,29.022760,41.105675,16.502495
837,29.022720,41.105850,55,29.022741,41.105751,29.021572,41.105759,29.025303,41.105209,29.022760,41.105675,19.779280
840,29.022710,41.105880,18,29.022741,41.105751,29.021572,41.105759,29.025303,41.105209,29.022760,41.105675,23.210689
841,29.022700,41.105910,54,29.022593,41.105686,29.021580,41.106083,29.021622,41.105118,29.022133,41.105728,51.640287
842,29.022700,41.105940,16,29.022593,41.105686,29.021580,41.106083,29.021622,41.105118,29.022133,41.105728,53.035399
843,29.022710,41.105970,74,29.022707,41.105854,29.022194,41.105946,29.022783,41.101639,29.022556,41.105255,80.526566
844,29.022670,41.106050,54,29.022579,41.104992,29.021515,41.106148,29.022636,41.105961,29.022257,41.105499,70.344999
845,29.022670,41.106080,18,29.022520,41.106060,29.021450,41.106632,29.022888,41.101665,29.022243,41.105583,65.792794
846,29.022660,41.106120,94,29.022520,41.106060,29.021450,41.106632,29.022888,41.101665,29.022243,41.105583,69.142694
847,29.022640,41.106190,76,29.022440,41.106258,29.021450,41.106293,29.022816,41.106308,29.022192,41.106277,38.774881
848,29.022630,41.106260,51,29.022440,41.106258,29.021450,41.106293,29.022816,41.106308,29.022192,41.106277,36.748821
851,29.022620,41.106290,18,29.022678,41.104992,29.021450,41.106323,29.022306,41.106342,29.022240,41.105610,82.063378
852,29.022610,41.106310,72,29.022436,41.106178,29.021450,41.106396,29.023111,41.106148,29.022230,41.106243,32.682633
853,29.022600,41.106370,50,29.022436,41.106178,29.021450,41.106396,29.023111,41.106148,29.022230,41.106243,34.047734
856,29.022590,41.106410,22,29.022436,41.106178,29.021450,41.106396,29.023111,41.106148,29.022230,41.106243,35.401920
857,29.022580,41.106440,72,29.022434,41.106060,29.021345,41.106430,29.025265,41.105225,29.022520,41.106052,43.390853
858,29.022560,41.106510,49,29.022249,41.105808,29.021399,41.106441,29.021452,41.105244,29.021868,41.105923,87.342360
861,29.022550,41.106550,20,29.022249,41.105808,29.021399,41.106441,29.021452,41.105244,29.021868,41.105923,90.182632
862,29.022550,41.106590,49,29.020754,41.105515,29.021450,41.105137,29.021729,41.105171,29.021118,41.105347,183.044204
863,29.022530,41.106630,18,29.020754,41.105515,29.021450,41.105137,29.021729,41.105171,29.021118,41.105347,185.352457
866,29.022520,41.106670,70,29.020817,41.105530,29.021450,41.105137,29.022202,41.105225,29.021225,41.105366,181.122606
867,29.022510,41.106740,50,29.021173,41.105541,29.021450,41.105137,29.022804,41.107182,29.021503,41.105663,146.444098
868,29.022510,41.106780,20,29.021173,41.105541,29.021450,41.105137,29.022804,41.107182,29.021503,41.105663,150.102183
869,29.022510,41.106820,70,29.020891,41.105545,29.021450,41.104519,29.022936,41.104755,29.021374,41.105110,212.627644
870,29.022510,41.106890,50,29.020891,41.105545,29.021450,41.104519,29.022936,41.104755,29.021374,41.105110,219.615152
871,29.022510,41.106930,20,29.020893,41.105549,29.021450,41.104519,29.022442,41.105980,29.021301,41.105297,207.904839
872,29.022510,41.106970,70,29.020893,41.105549,29.021450,41.104519,29.022442,41.105980,29.021301,41.105297,211.800342
873,29.022520,41.107050,56,29.020905,41.105572,29.021450,41.104527,29.022396,41.104748,29.021297,41.105125,237.253409
874,29.022530,41.107100,16,29.020412,41.104763,29.021450,41.105137,29.024433,41.104794,29.021341,41.104885,265.660131
875,29.022540,41.107140,52,29.020412,41.104763,29.021450,41.105137,29.024433,41.104794,29.021341,41.104885,270.099107
876,29.022550,41.107180,19,29.020412,41.104763,29.021450,41.105137,29.024433,41.104794,29.021341,41.104885,274.540924
877,29.022570,41.107210,71,29.022326,41.107460,29.021450,41.107414,29.024601,41.104092,29.022394,41.106945,32.939816
878,29.022600,41.107280,56,29.022326,41.107460,29.021450,41.107414,29.024601,41.104092,29.022394,41.106945,41.044318
879,29.022620,41.107320,23,29.022326,41.107460,29.021450,41.107414,29.024601,41.104092,29.022394,41.106945,45.785850
880,29.022650,41.107350,73,29.022211,41.107540,29.021450,41.107784,29.024603,41.103756,29.022333,41.107052,42.471880
881,29.022730,41.107410,53,29.022158,41.107941,29.021450,41.107918,29.023252,41.104137,29.022102,41.107365,52.827083
882,29.022780,41.107430,20,29.022158,41.107941,29.021450,41.107918,29.023252,41.104137,29.022102,41.107365,57.238112
883,29.022830,41.107450,73,29.022392,41.107578,29.021523,41.107861,29.022625,41.104820,29.022158,41.107258,60.246202
884,29.022920,41.107490,78,29.022392,41.107578,29.021523,41.107861,29.022625,41.104820,29.022158,41.107258,68.889940
885,29.023040,41.107520,56,29.022701,41.107582,29.021679,41.107685,29.022938,41.104816,29.022419,41.107204,62.757400
886,29.023100,41.107530,19,29.022701,41.107582,29.021679,41.107685,29.022938,41.104816,29.022419,41.107204,67.573314
887,29.023160,41.107550,59,29.021036,41.107643,29.022333,41.107716,29.022919,41.104786,29.021721,41.107243,125.325145
888,29.023270,41.107570,44,29.023161,41.107571,29.022348,41.107693,29.022161,41.105232,29.022760,41.107258,55.025422
889,29.023320,41.107590,18,29.020521,41.107639,29.022362,41.107712,29.022038,41.107048,29.021324,41.107578,167.222235
890,29.023380,41.107600,39,29.020521,41.107639,29.022362,41.107712,29.022038,41.107048,29.021324,41.107578,172.261042
891,29.023410,41.107610,28,29.020788,41.107613,29.022362,41.107658,29.024380,41.103851,29.021818,41.107067,146.394952
892,29.023450,41.107620,50,29.020802,41.107590,29.022362,41.107677,29.023039,41.104088,29.021626,41.107094,163.675667
893,29.023510,41.107640,15,29.023500,41.107594,29.022362,41.107677,29.023039,41.104088,29.023079,41.107094,70.661245
894,29.023530,41.107640,23,29.023310,41.107597,29.022362,41.107670,29.023125,41.103451,29.022989,41.107002,84.149725
895,29.023560,41.107640,29,29.023310,41.107597,29.022362,41.107670,29.023125,41.103451,29.022989,41.107002,85.529148
896,29.023600,41.107650,84,29.022125,41.107746,29.021450,41.107456,29.023222,41.104160,29.022081,41.107117,140.375442
897,29.023620,41.107660,55,29.022125,41.107746,29.021450,41.107456,29.023222,41.104160,29.022081,41.107117,142.364285
898,29.023650,41.107660,57,29.021097,41.105473,29.021450,41.104519,29.022020,41.104576,29.021345,41.105042,349.382499
899,29.023680,41.107670,23,29.021118,41.105389,29.021450,41.104511,29.026285,41.107143,29.021997,41.105381,290.955593
900,29.023710,41.107670,70,29.021063,41.105362,29.021450,41.104507,29.025640,41.105888,29.021870,41.105179,317.028179
901,29.023770,41.107690,69,29.021074,41.105484,29.021450,41.104519,29.024189,41.107525,29.021660,41.105488,302.024552
902,29.023840,41.107700,66,29.021074,41.105484,29.021450,41.104519,29.024189,41.107525,29.021660,41.105488,306.386700
903,29.023920,41.107720,56,29.021126,41.105400,29.021450,41.104519,29.026445,41.107159,29.022026,41.105392,303.583750
904,29.023970,41.107730,14,29.021126,41.105400,29.021450,41.104519,29.026445,41.107159,29.022026,41.105392,306.735954
905,29.024010,41.107740,68,29.020962,41.105476,29.021450,41.104519,29.025797,41.106304,29.021839,41.105301,326.556653
906,29.024100,41.107770,67,29.020979,41.105545,29.021450,41.104519,29.025862,41.105900,29.021860,41.105282,334.314084
907,29.024200,41.107800,57,29.020979,41.105545,29.021450,41.104519,29.025862,41.105900,29.021860,41.105282,341.815407
908,29.024250,41.107820,15,29.020979,41.105549,29.021450,41.104519,29.024857,41.107655,29.021708,41.105545,330.706952
909,29.024290,41.107830,55,29.020979,41.105549,29.021450,41.104519,29.024857,41.107655,29.021708,41.105545,333.721307
910,29.024400,41.107850,70,29.020893,41.105545,29.021450,41.104519,29.026476,41.107559,29.021904,41.105530,332.107487
911,29.024450,41.107860,15,29.020887,41.105545,29.021450,41.104519,29.024780,41.107681,29.021648,41.105549,348.051430
912,29.024500,41.107870,65,29.020891,41.105541,29.021450,41.104519,29.026369,41.107597,29.021887,41.105534,339.749066
913,29.024610,41.107890,62,29.020891,41.105541,29.021450,41.104519,29.026369,41.107597,29.021887,41.105534,347.434096
914,29.024660,41.107890,15,29.020895,41.105549,29.021450,41.104519,29.024107,41.105068,29.021549,41.105156,400.441967
915,29.024720,41.107900,58,29.020475,41.104996,29.021450,41.105141,29.024887,41.107906,29.021439,41.105476,384.984299
916,29.024850,41.107900,72,29.020716,41.105194,29.021450,41.105137,29.024834,41.107517,29.021563,41.105526,381.508621
917,29.024970,41.107890,67,29.020716,41.105194,29.021450,41.105137,29.024834,41.107517,29.021563,41.105526,388.075429
918,29.025080,41.107880,73,29.025080,41.107933,29.021450,41.107868,29.025105,41.107895,29.023954,41.107910,94.365726
920,29.025200,41.107860,72,29.025143,41.107922,29.021450,41.107841,29.025023,41.107887,29.023973,41.107891,102.820128
922,29.025320,41.107870,70,29.025385,41.107906,29.021450,41.107819,29.025389,41.107872,29.024158,41.107876,97.317252
923,29.025440,41.107870,72,29.025528,41.107819,29.021450,41.107822,29.025867,41.107872,29.024307,41.107834,94.989472
925,29.025560,41.107870,73,29.025528,41.107819,29.021450,41.107822,29.025867,41.107872,29.024307,41.107834,105.035222
926,29.025690,41.107860,73,29.025970,41.107838,29.021450,41.107830,29.026051,41.107643,29.024572,41.107807,93.821716
928,29.025830,41.107850,76,29.025970,41.107838,29.021450,41.107830,29.026051,41.107643,29.024572,41.107807,105.474731
929,29.025950,41.107840,46,29.026066,41.107750,29.021450,41.107750,29.025900,41.107674,29.024601,41.107738,113.586197
930,29.026020,41.107850,62,29.026144,41.107899,29.021450,41.107819,29.026388,41.107887,29.024717,41.107872,109.168172
931,29.026080,41.107850,66,29.026144,41.107899,29.021450,41.107819,29.026388,41.107887,29.024717,41.107872,114.193908
933,29.026210,41.107870,74,29.026468,41.107887,29.021450,41.107849,29.026339,41.107368,29.024883,41.107800,111.432492
935,29.026320,41.107880,76,29.026468,41.107887,29.021450,41.107849,29.026339,41.107368,29.024883,41.107800,120.704808
936,29.026450,41.107900,71,29.026529,41.107876,29.021450,41.107826,29.026562,41.107918,29.024954,41.107872,125.390275
938,29.026580,41.107910,80,29.026724,41.107861,29.021450,41.107895,29.026758,41.107929,29.025087,41.107883,125.092009
939,29.026710,41.107910,74,29.026682,41.107861,29.021450,41.107861,29.026886,41.107929,29.025080,41.107872,136.653412
941,29.026830,41.107910,71,29.026955,41.107937,29.021589,41.107727,29.027010,41.107914,29.025291,41.107868,128.987739
942,29.026940,41.107910,70,29.026955,41.107937,29.021589,41.107727,29.027010,41.107914,29.025291,41.107868,138.198211
944,29.027040,41.107920,67,29.027048,41.107944,29.021450,41.107872,29.027645,41.107941,29.025394,41.107925,137.870171
945,29.027080,41.107930,6,29.027048,41.107944,29.021450,41.107872,29.027645,41.107941,29.025394,41.107925,141.221058
946,29.027120,41.107930,69,29.027603,41.107418,29.021435,41.107910,29.027592,41.107376,29.025681,41.107567,127.182693
947,29.027200,41.107930,59,29.027603,41.107418,29.021435,41.107910,29.027592,41.107376,29.025681,41.107567,133.555417
948,29.027240,41.107940,14,29.027353,41.107933,29.021450,41.107941,29.027342,41.107941,29.025513,41.107941,144.717571
949,29.027280,41.107940,71,29.027353,41.107933,29.021450,41.107941,29.027342,41.107941,29.025513,41.107941,148.068862
951,29.027350,41.107950,72,29.027407,41.107941,29.021450,41.107941,29.028299,41.107559,29.025684,41.107883,139.747513
952,29.027430,41.107950,71,29.027103,41.107933,29.021450,41.107937,29.028332,41.107567,29.025526,41.107876,159.730732
954,29.027540,41.107980,71,29.027103,41.107933,29.021450,41.107937,29.028332,41.107567,29.025526,41.107876,169.130815
955,29.027660,41.108000,67,29.027719,41.108044,29.021450,41.107956,29.028248,41.107536,29.025843,41.107944,152.385354
957,29.027810,41.108030,71,29.027719,41.108044,29.021450,41.107956,29.028248,41.107536,29.025843,41.107944,165.101618
958,29.027940,41.108040,68,29.028166,41.107986,29.021547,41.107933,29.028246,41.107494,29.026115,41.107899,153.672821
960,29.028080,41.108040,101,29.028166,41.107986,29.021547,41.107933,29.028246,41.107494,29.026115,41.107899,165.345228
961,29.028210,41.108020,68,29.028839,41.107174,29.025640,41.107681,29.028263,41.107521,29.027756,41.107384,80.337438
963,29.028330,41.108030,74,29.028839,41.107174,29.025640,41.107681,29.028263,41.107521,29.027756,41.107384,86.481515
964,29.028460,41.108090,71,29.028772,41.108047,29.021450,41.107964,29.028435,41.107571,29.026438,41.107952,170.120035
966,29.028540,41.108070,74,29.028772,41.108047,29.021450,41.107964,29.028435,41.107571,29.026438,41.107952,176.617434
967,29.028640,41.108070,72,29.028814,41.108055,29.021450,41.107952,29.028751,41.108006,29.026510,41.108017,178.533427
968,29.028720,41.108060,72,29.028942,41.108032,29.021450,41.107864,29.028481,41.107582,29.026537,41.107914,183.620882
970,29.028810,41.108050,72,29.028881,41.108036,29.021450,41.107937,29.028700,41.108021,29.026537,41.108002,190.517495
971,29.028900,41.108050,73,29.028940,41.107933,29.021450,41.108013,29.028986,41.107376,29.026613,41.107876,192.566737
973,29.028950,41.108050,73,29.029064,41.107857,29.023577,41.107418,29.028749,41.107967,29.027308,41.107738,141.903988
974,29.029000,41.108030,75,29.029108,41.107780,29.023842,41.107513,29.029148,41.107422,29.027473,41.107647,134.804217
975,29.029030,41.108010,61,29.029108,41.107780,29.023842,41.107513,29.029148,41.107422,29.027473,41.107647,136.517150
976,29.029040,41.108000,8,29.029133,41.107956,29.021450,41.107956,29.029142,41.107418,29.026741,41.107876,193.107451
977,29.029060,41.108000,72,29.029133,41.107956,29.021450,41.107956,29.029142,41.107418,29.026741,41.107876,194.778845
978,29.029090,41.107980,71,29.029123,41.107960,29.021450,41.107964,29.029068,41.107410,29.026724,41.107883,198.530996
979,29.029100,41.107950,67,29.028994,41.107906,29.021450,41.107906,29.029091,41.107384,29.026659,41.107830,204.946236
980,29.029100,41.107930,7,29.028994,41.107906,29.021450,41.107906,29.029091,41.107384,29.026659,41.107830,204.813556
983,29.029110,41.107900,75,29.029060,41.107906,29.023613,41.107765,29.029070,41.107430,29.027367,41.107792,146.556820
984,29.029100,41.107870,55,29.029060,41.107906,29.023613,41.107765,29.029070,41.107430,29.027367,41.107792,145.484694
985,29.029100,41.107850,16,29.029060,41.107906,29.023613,41.107765,29.029070,41.107430,29.027367,41.107792,145.368919
988,29.029110,41.107830,74,29.029118,41.107643,29.022387,41.107803,29.029070,41.107449,29.027014,41.107666,176.570783
989,29.029110,41.107800,76,29.029133,41.107327,29.024731,41.107384,29.029108,41.107456,29.027756,41.107365,123.358830
990,29.029130,41.107760,69,29.029133,41.107327,29.024731,41.107384,29.029108,41.107456,29.027756,41.107365,123.246227
991,29.029130,41.107730,6,29.029133,41.107327,29.024731,41.107384,29.029108,41.107456,29.027756,41.107365,122.096175
993,29.029140,41.107710,68,29.029247,41.107185,29.023079,41.107304,29.029064,41.107426,29.027300,41.107258,162.161543
994,29.029140,41.107670,69,29.029108,41.107510,29.023821,41.107342,29.029076,41.107357,29.027456,41.107437,143.423224
995,29.029140,41.107640,48,29.027739,41.105591,29.022135,41.105297,29.029076,41.107353,29.026192,41.105766,323.151049
996,29.029140,41.107620,43,29.027739,41.105591,29.022135,41.105297,29.029076,41.107353,29.026192,41.105766,321.721747
998,29.029140,41.107620,9,29.028770,41.106880,29.021507,41.107346,29.029068,41.107426,29.026550,41.107109,224.288207
999,29.029150,41.107610,68,29.028770,41.106880,29.021507,41.107346,29.029068,41.107426,29.026550,41.107109,224.820758
1002,29.029150,41.107590,14,29.028770,41.106880,29.021507,41.107346,29.029068,41.107426,29.026550,41.107109,224.280153
1003,29.029150,41.107580,68,29.029125,41.107540,29.021765,41.107220,29.029009,41.107281,29.026814,41.107403,196.747188
1004,29.029150,41.107550,71,29.029118,41.107506,29.022158,41.107433,29.029165,41.107307,29.026955,41.107456,184.228054
1005,29.029150,41.107510,75,29.029114,41.107445,29.021778,41.107468,29.029125,41.107319,29.026831,41.107437,194.488747
1006,29.029140,41.107470,60,29.029114,41.107445,29.021778,41.107468,29.029125,41.107319,29.026831,41.107437,193.516644
1009,29.029140,41.107450,13,29.029114,41.107445,29.021778,41.107468,29.029125,41.107319,29.026831,41.107437,193.487451
1010,29.029130,41.107430,73,29.029112,41.107433,29.023432,41.107338,29.029100,41.107315,29.027338,41.107384,150.224888
1011,29.029110,41.107390,94,29.029112,41.107433,29.023432,41.107338,29.029100,41.107315,29.027338,41.107384,148.462775
1012,29.029090,41.107350,70,29.029085,41.107254,29.022411,41.107418,29.029133,41.107300,29.027014,41.107315,173.995570
1013,29.029070,41.107320,58,29.029087,41.107327,29.022434,41.107506,29.029030,41.107235,29.027006,41.107368,172.999691
1016,29.029060,41.107300,12,29.029026,41.107185,29.021339,41.107594,29.029064,41.107235,29.026638,41.107323,202.935753
1017,29.029040,41.107280,68,29.029039,41.107204,29.021740,41.107502,29.029070,41.107216,29.026770,41.107300,190.230765
1018,29.029010,41.107220,60,29.029039,41.107204,29.021740,41.107502,29.029070,41.107216,29.026770,41.107300,187.914253
1019,29.028990,41.107200,7,29.029039,41.107204,29.021740,41.107502,29.029070,41.107216,29.026770,41.107300,186.359707
1021,29.028990,41.107200,8,29.029034,41.107246,29.022467,41.107441,29.028942,41.107086,29.026972,41.107285,169.350940
1022,29.028970,41.107170,54,29.029034,41.107246,29.022467,41.107441,29.028942,41.107086,29.026972,41.107285,167.897990
1023,29.028940,41.107140,11,29.029034,41.107246,29.022467,41.107441,29.028942,41.107086,29.026972,41.107285,165.682166
1025,29.028940,41.107140,22,29.028841,41.107132,29.025536,41.107437,29.028931,41.107166,29.027824,41.107231,94.016249
1026,29.028910,41.107110,49,29.028841,41.107132,29.025536,41.107437,29.028931,41.107166,29.027824,41.107231,91.947007
1027,29.028840,41.107040,63,29.028790,41.106979,29.024628,41.107334,29.028849,41.107025,29.027500,41.107101,112.464677
1028,29.028760,41.106980,67,29.028774,41.107098,29.024324,41.107300,29.028990,41.107216,29.027422,41.107182,114.324436
1029,29.028710,41.106950,7,29.028774,41.107098,29.024324,41.107300,29.028990,41.107216,29.027422,41.107182,110.946004
1032,29.028670,41.106920,71,29.028681,41.106899,29.022184,41.107376,29.028685,41.106899,29.026659,41.107048,169.088076
1033,29.028590,41.106860,59,29.028727,41.107166,29.022125,41.107285,29.028490,41.106663,29.026634,41.107128,166.552974
1034,29.028560,41.106830,50,29.028727,41.107166,29.022125,41.107285,29.028490,41.106663,29.026634,41.107128,164.719571
1037,29.028520,41.106790,63,29.028440,41.106758,29.022787,41.106541,29.028399,41.106689,29.026672,41.106682,155.268715
1038,29.028450,41.106740,76,29.028372,41.106636,29.021959,41.107109,29.028296,41.106644,29.026361,41.106785,175.056315
1039,29.028380,41.106680,61,29.028372,41.106636,29.021959,41.107109,29.028296,41.106644,29.026361,41.106785,169.521732
1040,29.028350,41.106660,9,29.028372,41.106636,29.021959,41.107109,29.028296,41.106644,29.026361,41.106785,167.184200
1043,29.028320,41.106630,63,29.028336,41.106613,29.022364,41.106514,29.028303,41.106583,29.026472,41.106579,154.929679
1044,29.028300,41.106610,10,29.028336,41.106613,29.022364,41.106514,29.028303,41.106583,29.026472,41.106579,153.188716
1046,29.028280,41.106590,61,29.028324,41.106552,29.022261,41.106754,29.028360,41.106609,29.026442,41.106625,154.078719
1049,29.028250,41.106570,34,29.028244,41.106514,29.021503,41.106842,29.028261,41.106552,29.026148,41.106625,176.231812
1050,29.028230,41.106550,47,29.028175,41.106522,29.022228,41.106434,29.028143,41.106441,29.026316,41.106483,160.559411
1051,29.028180,41.106510,63,29.028175,41.106522,29.022228,41.106434,29.028143,41.106441,29.026316,41.106483,156.227558
1052,29.028120,41.106460,71,29.028128,41.106358,29.023216,41.106392,29.028021,41.106400,29.026579,41.106380,129.422155
1056,29.028060,41.106410,70,29.023623,41.104881,29.022074,41.104824,29.027912,41.106346,29.023783,41.105083,387.540326
1057,29.027990,41.106360,66,29.023623,41.104881,29.022074,41.104824,29.027912,41.106346,29.023783,41.105083,380.011937
1060,29.027930,41.106310,76,29.023621,41.105453,29.021978,41.104519,29.027664,41.106430,29.023714,41.105312,370.242165
1061,29.027890,41.106290,68,29.023621,41.105453,29.021978,41.104519,29.027664,41.106430,29.023714,41.105312,366.380157
1062,29.027850,41.106280,69,29.023621,41.105469,29.021978,41.104519,29.027756,41.106174,29.023727,41.105282,362.805378
1063,29.027820,41.106270,67,29.023621,41.105415,29.021978,41.104519,29.027561,41.106220,29.023701,41.105259,362.983769
1064,29.027790,41.106270,72,29.023621,41.105415,29.021978,41.104519,29.027561,41.106220,29.023701,41.105259,360.594657
1065,29.027760,41.106270,73,29.023621,41.105404,29.021978,41.104519,29.027725,41.106251,29.023724,41.105259,356.386966
1066,29.027730,41.106290,70,29.023621,41.105419,29.021978,41.104519,29.027639,41.106426,29.023710,41.105293,354.562043
1067,29.027720,41.106310,65,29.023621,41.105408,29.021978,41.104519,29.027622,41.106499,29.023710,41.105297,354.334171
1068,29.027710,41.106340,73,29.023621,41.105415,29.021978,41.104519,29.027630,41.106441,29.023710,41.105297,354.616634
1069,29.027710,41.106370,59,29.023621,41.105415,29.021978,41.104519,29.027630,41.106441,29.023710,41.105297,355.721417
1072,29.027700,41.106390,5,29.023621,41.105423,29.021978,41.104523,29.027615,41.106495,29.023706,41.105305,355.697500
1073,29.027700,41.106410,63,29.023621,41.105423,29.021978,41.104523,29.027615,41.106495,29.023706,41.105305,356.458095
1074,29.027700,41.106430,9,29.023621,41.105419,29.021978,41.104519,29.027634,41.106533,29.023710,41.105309,356.783081
1075,29.027690,41.106450,69,29.023621,41.105419,29.021978,41.104519,29.027634,41.106533,29.023710,41.105309,356.783230
1076,29.027670,41.106500,62,29.023621,41.105408,29.021978,41.104519,29.027636,41.106487,29.023710,41.105297,357.715772
1077,29.027670,41.106540,7,29.023621,41.105396,29.021978,41.104519,29.027599,41.106544,29.023706,41.105297,359.697540
1078,29.027660,41.106570,71,29.023621,41.105396,29.021978,41.104519,29.027599,41.106544,29.023706,41.105297,360.221720
1079,29.027640,41.106630,61,29.023621,41.105408,29.021978,41.104527,29.027605,41.106579,29.023706,41.105309,360.845943
1080,29.027630,41.106670,5,29.023621,41.105408,29.021978,41.104527,29.027605,41.106579,29.023706,41.105309,361.918599
1083,29.027620,41.106700,70,29.023621,41.105419,29.021978,41.104519,29.027582,41.106659,29.023703,41.105328,361.958393
1084,29.027600,41.106780,63,29.023621,41.105412,29.021978,41.104515,29.027678,41.106503,29.023718,41.105297,364.671117
1088,29.027580,41.106870,68,29.023621,41.105427,29.021978,41.104519,29.027519,41.106899,29.023693,41.105366,366.106967
1089,29.027560,41.106960,69,29.023621,41.105442,29.021978,41.104527,29.027668,41.106903,29.023718,41.105377,366.881603
1092,29.027550,41.107010,14,29.027544,41.106968,29.024141,41.106899,29.027266,41.107071,29.026443,41.106964,92.848325
1093,29.027540,41.107050,58,29.027554,41.107029,29.024073,41.106201,29.027351,41.107143,29.026438,41.106789,96.814715
1094,29.027520,41.107120,73,29.027584,41.107048,29.024252,41.106342,29.027435,41.107288,29.026524,41.106861,88.306519
1095,29.027500,41.107200,63,29.027584,41.107048,29.024252,41.106342,29.027435,41.107288,29.026524,41.106861,90.068552
1099,29.027480,41.107280,63,29.027468,41.107277,29.022516,41.106369,29.027473,41.107353,29.025927,41.107006,133.666559
1103,29.027450,41.107370,70,29.027428,41.107277,29.021793,41.107101,29.027550,41.107452,29.025692,41.107250,147.892877
1104,29.027430,41.107460,64,29.027391,41.107475,29.023417,41.107231,29.027496,41.107388,29.026171,41.107388,105.812495
1107,29.027420,41.107510,7,29.027391,41.107475,29.023417,41.107231,29.027496,41.107388,29.026171,41.107388,105.549448
1108,29.027410,41.107550,67,29.027370,41.107662,29.022635,41.107559,29.027544,41.107380,29.025923,41.107586,124.667760
1109,29.027390,41.107640,65,29.027365,41.107712,29.024006,41.107376,29.027763,41.107391,29.026379,41.107563,85.166466
1112,29.027380,41.107680,7,29.027367,41.107830,29.022417,41.107361,29.027668,41.107399,29.025871,41.107620,126.579392
1113,29.027370,41.107720,73,29.027365,41.107883,29.023777,41.107460,29.027742,41.107224,29.026302,41.107655,89.746919
1114,29.027370,41.107790,76,29.027365,41.107883,29.023777,41.107460,29.027742,41.107224,29.026302,41.107655,90.710214
1115,29.027360,41.107840,66,29.027744,41.108036,29.021669,41.107960,29.027836,41.107361,29.025864,41.107910,125.610449
1116,29.027360,41.107860,117,29.027317,41.107929,29.021450,41.107822,29.028297,41.107544,29.025633,41.107838,144.725387
1117,29.027350,41.107890,51,29.027317,41.107929,29.021450,41.107822,29.028297,41.107544,29.025633,41.107838,143.983837
1118,29.027330,41.107900,79,29.027250,41.107937,29.021450,41.107922,29.027641,41.107243,29.025501,41.107830,153.414260
1119,29.027320,41.107890,71,29.027353,41.107929,29.021450,41.107857,29.027792,41.107239,29.025578,41.107803,146.304719
1120,29.027330,41.107900,141,29.027359,41.107929,29.021450,41.107861,29.027077,41.107342,29.025475,41.107822,155.693365
1121,29.027320,41.107900,72,29.027317,41.107933,29.021450,41.107922,29.026838,41.107323,29.025415,41.107838,159.720624
1122,29.027300,41.107910,71,29.027267,41.107937,29.021450,41.107933,29.026852,41.107349,29.025394,41.107849,159.795814
1123,29.027270,41.107910,63,29.027267,41.107937,29.021450,41.107933,29.026852,41.107349,29.025394,41.107849,157.284636
1126,29.027240,41.107910,6,29.027267,41.107937,29.021450,41.107933,29.026852,41.107349,29.025394,41.107849,154.773531
1127,29.027210,41.107910,73,29.026978,41.107918,29.021450,41.107929,29.027620,41.107513,29.025352,41.107864,155.710232
1128,29.027140,41.107910,72,29.027004,41.107742,29.021450,41.107941,29.027489,41.107536,29.025347,41.107777,150.972339
1129,29.027050,41.107900,67,29.027004,41.107742,29.021450,41.107941,29.027489,41.107536,29.025347,41.107777,143.359643
1132,29.027010,41.107890,5,29.026987,41.106514,29.021397,41.107925,29.026785,41.107918,29.025215,41.107166,170.555938
1133,29.026960,41.107890,50,29.026987,41.106514,29.021397,41.107925,29.026785,41.107918,29.025215,41.107166,166.874115
1134,29.026910,41.107880,19,29.026987,41.106514,29.021397,41.107925,29.026785,41.107918,29.025215,41.107166,162.671406
1136,29.026910,41.107880,6,29.026857,41.107910,29.021450,41.107918,29.025814,41.107872,29.025019,41.107910,158.493709
1137,29.026860,41.107880,65,29.026857,41.107910,29.021450,41.107918,29.025814,41.107872,29.025019,41.107910,154.305554
1138,29.026740,41.107870,67,29.026834,41.107906,29.021450,41.107910,29.026611,41.107906,29.025122,41.107910,135.659431
1141,29.026670,41.107860,9,29.026655,41.107899,29.021206,41.107914,29.026402,41.107903,29.024918,41.107910,146.925893
1142,29.026610,41.107860,79,29.026403,41.107868,29.021450,41.107922,29.026075,41.107845,29.024811,41.107880,150.757837
1143,29.026480,41.107840,65,29.026403,41.107868,29.021450,41.107922,29.026075,41.107845,29.024811,41.107880,139.919771
1147,29.026350,41.107830,66,29.026466,41.107864,29.021450,41.107845,29.026081,41.107822,29.024845,41.107853,126.108006
1150,29.026230,41.107820,73,29.026335,41.107864,29.021450,41.107811,29.026199,41.107826,29.024790,41.107845,120.695414
1153,29.026170,41.107810,5,29.026115,41.107857,29.021450,41.107796,29.025993,41.107800,29.024643,41.107830,127.959882
1154,29.026110,41.107810,81,29.026114,41.107845,29.021450,41.107830,29.025734,41.107658,29.024605,41.107815,126.110702
1155,29.025990,41.107800,71,29.026413,41.107639,29.021450,41.107819,29.024355,41.107601,29.024555,41.107693,120.801112
1156,29.025860,41.107800,22,29.026413,41.107639,29.021450,41.107819,29.024355,41.107601,29.024555,41.107693,109.967878
1158,29.025860,41.107800,41,29.026413,41.107639,29.021450,41.107819,29.024355,41.107601,29.024555,41.107693,109.967878
1159,29.025800,41.107800,6,29.026413,41.107639,29.021450,41.107819,29.024355,41.107601,29.024555,41.107693,104.972007
1162,29.025740,41.107800,74,29.025616,41.107838,29.021450,41.107868,29.026056,41.107822,29.024384,41.107845,113.758729
1163,29.025610,41.107810,66,29.025616,41.107838,29.021450,41.107868,29.026056,41.107822,29.024384,41.107845,102.830367
1166,29.025550,41.107810,8,29.025494,41.107830,29.021450,41.107883,29.025707,41.107826,29.024265,41.107849,107.724059
1167,29.025490,41.107810,125,29.025494,41.107830,29.021450,41.107883,29.025707,41.107826,29.024265,41.107849,102.701414
1168,29.025430,41.107820,25,29.025494,41.107830,29.021450,41.107883,29.025707,41.107826,29.024265,41.107849,97.636004
1171,29.025360,41.107820,60,29.025202,41.107830,29.021450,41.107895,29.025150,41.107780,29.024027,41.107845,111.728254
1172,29.025230,41.107820,33,29.025202,41.107830,29.021450,41.107895,29.025150,41.107780,29.024027,41.107845,100.840366
1173,29.025170,41.107830,31,29.025202,41.107830,29.021450,41.107895,29.025150,41.107780,29.024027,41.107845,95.789266
1176,29.025110,41.107830,69,29.025127,41.107880,29.021450,41.107861,29.025143,41.107796,29.023987,41.107864,94.180652
1177,29.025040,41.107840,30,29.025127,41.107880,29.021450,41.107861,29.025143,41.107796,29.023987,41.107864,88.279891
1179,29.025040,41.107840,7,29.024837,41.107849,29.021450,41.107895,29.025393,41.107632,29.023865,41.107834,98.467990
1180,29.024970,41.107850,77,29.024837,41.107849,29.021450,41.107895,29.025393,41.107632,29.023865,41.107834,92.618233
1181,29.024840,41.107860,68,29.024670,41.107899,29.021450,41.107910,29.025381,41.107616,29.023775,41.107864,89.221142
1182,29.024730,41.107870,36,29.020893,41.105545,29.021450,41.104519,29.025381,41.107616,29.021742,41.105537,360.489202
1183,29.024670,41.107870,33,29.020893,41.105545,29.021450,41.104519,29.025381,41.107616,29.021742,41.105537,357.016284
1186,29.024620,41.107860,71,29.020985,41.105595,29.021450,41.104519,29.024862,41.106697,29.021711,41.105431,363.816734
1187,29.024510,41.107860,60,29.020985,41.105595,29.021450,41.104519,29.024862,41.106697,29.021711,41.105431,357.708813
1188,29.024390,41.107840,45,29.020895,41.105549,29.021450,41.104519,29.024176,41.107620,29.021563,41.105541,348.504514
1189,29.024330,41.107830,32,29.020895,41.105549,29.021450,41.104519,29.024176,41.107620,29.021563,41.105541,344.284365
1192,29.024260,41.107820,61,29.020981,41.105499,29.021450,41.104519,29.025677,41.107216,29.021832,41.105450,332.967587
1193,29.024140,41.107780,47,29.020979,41.105534,29.021450,41.104519,29.024136,41.107624,29.021601,41.105534,328.111275
1194,29.024080,41.107770,32,29.020979,41.105534,29.021450,41.104519,29.024136,41.107624,29.021601,41.105534,324.020075
1197,29.024030,41.107760,69,29.021019,41.105461,29.021450,41.104519,29.024067,41.107559,29.021612,41.105480,324.500517
1198,29.023930,41.107730,68,29.020956,41.105484,29.021450,41.104519,29.024080,41.107632,29.021576,41.105507,316.240121
1199,29.023830,41.107710,35,29.021067,41.105347,29.021450,41.104511,29.024084,41.107574,29.021639,41.105423,313.645743
1200,29.023790,41.107700,27,29.021067,41.105347,29.021450,41.104511,29.024084,41.107574,29.021639,41.105423,310.789443
1202,29.023790,41.107700,7,29.021036,41.105396,29.021450,41.104507,29.024063,41.107529,29.021622,41.105442,309.904957
1203,29.023760,41.107680,66,29.021036,41.105396,29.021450,41.104507,29.024063,41.107529,29.021622,41.105442,306.630687
1204,29.023690,41.107660,72,29.021114,41.105469,29.021450,41.104519,29.023989,41.107574,29.021648,41.105492,295.623967
1205,29.023620,41.107650,44,29.021114,41.105469,29.021450,41.104519,29.023989,41.107574,29.021648,41.105492,291.352966
1206,29.023590,41.107640,27,29.021114,41.105469,29.021450,41.104519,29.023989,41.107574,29.021648,41.105492,289.015516
1208,29.023590,41.107640,6,29.021114,41.105469,29.021450,41.104519,29.023989,41.107574,29.021648,41.105492,289.015516
1209,29.023560,41.107640,71,29.020891,41.105434,29.021450,41.104519,29.023180,41.107574,29.021408,41.105473,300.984377
1210,29.023490,41.107630,36,29.020891,41.105434,29.021450,41.104519,29.023180,41.107574,29.021408,41.105473,296.608193
1211,29.023450,41.107620,33,29.020891,41.105434,29.021450,41.104519,29.023180,41.107574,29.021408,41.105473,293.745163
1214,29.023410,41.107620,70,29.021065,41.105511,29.021450,41.104519,29.022938,41.107513,29.021467,41.105503,286.189390
1215,29.023320,41.107600,39,29.020967,41.105595,29.021450,41.104519,29.022911,41.107521,29.021412,41.105549,278.526283
1216,29.023260,41.107600,33,29.020967,41.105595,29.021450,41.104519,29.022911,41.107521,29.021412,41.105549,275.671595
1219,29.023210,41.107590,71,29.020388,41.104588,29.021450,41.104595,29.022629,41.107605,29.021055,41.105042,336.002455
1220,29.023100,41.107570,39,29.020388,41.104588,29.021450,41.104595,29.022629,41.107605,29.021055,41.105042,329.240601
1221,29.023060,41.107570,34,29.020388,41.104588,29.021450,41.104595,29.022629,41.107605,29.021055,41.105042,327.509216
1224,29.023010,41.107570,34,29.020388,41.105350,29.021450,41.105133,29.022604,41.107529,29.021051,41.105614,272.484095
1225,29.022970,41.107570,31,29.020388,41.105350,29.021450,41.105133,29.022604,41.107529,29.021051,41.105614,270.479029
1228,29.022940,41.107570,67,29.022749,41.107594,29.021450,41.107609,29.022552,41.107559,29.022316,41.107594,52.347659
1229,29.022870,41.107590,42,29.022806,41.107601,29.021450,41.107574,29.022717,41.107567,29.022371,41.107586,41.785594
1230,29.022840,41.107600,27,29.022806,41.107601,29.021450,41.107574,29.022717,41.107567,29.022371,41.107586,39.300885
1233,29.022820,41.107610,42,29.022732,41.107586,29.021450,41.107666,29.022554,41.107582,29.022305,41.107613,43.188040
1234,29.022800,41.107620,32,29.022732,41.107586,29.021450,41.107666,29.022554,41.107582,29.022305,41.107613,41.519540
1237,29.022770,41.107640,37,29.022715,41.107643,29.021450,41.107655,29.022476,41.107590,29.022287,41.107639,40.436209
1238,29.022750,41.107650,28,29.022715,41.107643,29.021450,41.107655,29.022476,41.107590,29.022287,41.107639,38.778693
1240,29.022750,41.107650,6,29.022715,41.107643,29.021450,41.107655,29.022476,41.107590,29.022287,41.107639,38.778693
1241,29.022730,41.107660,68,29.022680,41.107697,29.021450,41.107628,29.022467,41.107559,29.022264,41.107655,39.007123
1242,29.022680,41.107690,41,29.022680,41.107697,29.021450,41.107628,29.022467,41.107559,29.022264,41.107655,35.035497
1243,29.022650,41.107710,26,29.022680,41.107697,29.021450,41.107628,29.022467,41.107559,29.022264,41.107655,32.882608
1246,29.022630,41.107730,39,29.022581,41.107754,29.021450,41.107616,29.021999,41.107643,29.022142,41.107697,41.020673
1247,29.022600,41.107740,33,29.022581,41.107754,29.021450,41.107616,29.021999,41.107643,29.022142,41.107697,38.641513
1250,29.022580,41.107760,74,29.022575,41.107819,29.021450,41.107632,29.022379,41.107658,29.022198,41.107738,32.117248
1251,29.022540,41.107780,78,29.022429,41.107819,29.021450,41.107727,29.022209,41.107635,29.022091,41.107765,37.661714
1252,29.022490,41.107810,38,29.022429,41.107819,29.021450,41.107727,29.022209,41.107635,29.022091,41.107765,33.805683
1253,29.022470,41.107820,33,29.022429,41.107819,29.021450,41.107727,29.022209,41.107635,29.022091,41.107765,32.340242
1256,29.022450,41.107840,76,29.022360,41.107876,29.021450,41.107819,29.021891,41.107658,29.022005,41.107826,37.307801
1257,29.022410,41.107860,38,29.022360,41.107876,29.021450,41.107819,29.021891,41.107658,29.022005,41.107826,34.132227
1258,29.022390,41.107870,33,29.022360,41.107876,29.021450,41.107819,29.021891,41.107658,29.022005,41.107826,32.614570
1261,29.022370,41.107880,72,29.022430,41.107811,29.021450,41.107754,29.021822,41.107769,29.022032,41.107788,30.123353
1262,29.022340,41.107900,75,29.022430,41.107811,29.021450,41.107754,29.021822,41.107769,29.022032,41.107788,28.665158
1263,29.022320,41.107910,75,29.022272,41.107845,29.021450,41.107723,29.022156,41.107738,29.022001,41.107796,29.573767
1264,29.022300,41.107920,81,29.022310,41.107944,29.021450,41.107864,29.021828,41.107761,29.021975,41.107895,27.408325
1265,29.022290,41.107930,67,29.022247,41.107933,29.021450,41.107880,29.022131,41.107666,29.021984,41.107880,26.233647
1266,29.022270,41.107940,74,29.022247,41.107933,29.021450,41.107880,29.022131,41.107666,29.021984,41.107880,24.875928
1267,29.022250,41.107950,72,29.022188,41.107868,29.021450,41.107769,29.022141,41.107708,29.021954,41.107815,29.031008
1268,29.022220,41.107960,76,29.022280,41.107933,29.021450,41.107864,29.022142,41.107712,29.022001,41.107880,20.388486
1269,29.022180,41.107970,74,29.022089,41.107960,29.021450,41.107868,29.022161,41.107677,29.021902,41.107891,24.883087
1270,29.022130,41.107980,39,29.022089,41.107960,29.021450,41.107868,29.022161,41.107677,29.021902,41.107891,21.503163
1271,29.022100,41.107990,30,29.022089,41.107960,29.021450,41.107868,29.022161,41.107677,29.021902,41.107891,19.898168
1274,29.022070,41.107990,72,29.022049,41.107964,29.021450,41.107876,29.022102,41.107731,29.021873,41.107906,18.911466
1275,29.022000,41.108000,38,29.022108,41.107838,29.021450,41.107830,29.021669,41.107746,29.021839,41.107822,23.906979
1276,29.021960,41.108000,24,29.022108,41.107838,29.021450,41.107830,29.021669,41.107746,29.021839,41.107822,22.191069
1278,29.021960,41.108000,11,29.022108,41.107838,29.021450,41.107830,29.021669,41.107746,29.021839,41.107822,22.191069
1279,29.021930,41.108000,37,29.021967,41.107971,29.021523,41.107883,29.021627,41.107704,29.021776,41.107906,16.568091
1280,29.021900,41.108010,30,29.021967,41.107971,29.021523,41.107883,29.021627,41.107704,29.021776,41.107906,15.506130
1283,29.021870,41.108010,76,29.021986,41.107941,29.021523,41.107899,29.021593,41.107712,29.021780,41.107899,14.490403
1284,29.021810,41.108010,76,29.021742,41.107800,29.021450,41.107922,29.021635,41.107735,29.021635,41.107834,24.462859
1285,29.021780,41.108020,17,29.021742,41.107800,29.021450,41.107922,29.021635,41.107735,29.021635,41.107834,23.997098
1287,29.021780,41.108020,13,29.021742,41.107800,29.021450,41.107922,29.021635,41.107735,29.021635,41.107834,23.997098
1288,29.021740,41.108030,67,29.021725,41.107948,29.021450,41.107967,29.023438,41.101341,29.021894,41.106964,119.225779
1289,29.021670,41.108030,72,29.021547,41.107922,29.021450,41.107910,29.021332,41.105171,29.021486,41.107510,59.876635
1290,29.021590,41.108020,52,29.021547,41.107922,29.021450,41.107910,29.021332,41.105171,29.021486,41.107510,57.413856
1291,29.021550,41.108020,19,29.021547,41.107922,29.021450,41.107910,29.021332,41.105171,29.021486,41.107510,57.002968
1293,29.021550,41.108020,9,29.021547,41.107922,29.021450,41.107910,29.021332,41.105171,29.021486,41.107510,57.002968
1294,29.021510,41.108020,64,29.021715,41.107910,29.021450,41.107880,29.024220,41.101326,29.022009,41.106918,129.434518
1295,29.021420,41.108010,68,29.021400,41.107948,29.021450,41.107929,29.021366,41.107929,29.021412,41.107941,7.738564
1296,29.021330,41.108000,74,29.021194,41.107944,29.021450,41.107952,29.022532,41.101303,29.021477,41.106953,117.105286
1297,29.021230,41.107980,32,29.021166,41.107944,29.021450,41.107944,29.021379,41.107952,29.021286,41.107944,6.133001
1298,29.021180,41.107980,28,29.021166,41.107944,29.021450,41.107944,29.021379,41.107952,29.021286,41.107944,9.720027
1300,29.021180,41.107980,13,29.021166,41.107944,29.021450,41.107944,29.021379,41.107952,29.021286,41.107944,9.720027
1301,29.021130,41.107970,61,29.020863,41.107937,29.021450,41.107933,29.020864,41.107925,29.021049,41.107937,7.685598
1302,29.021080,41.107960,15,29.020863,41.107937,29.021450,41.107933,29.020864,41.107925,29.021049,41.107937,3.626453
1304,29.021040,41.107950,58,29.021023,41.107941,29.021450,41.107937,29.020933,41.107880,29.021145,41.107933,8.986006
1305,29.020990,41.107940,16,29.021023,41.107941,29.021450,41.107937,29.020933,41.107880,29.021145,41.107933,12.998140
1308,29.020950,41.107930,82,29.020975,41.107929,29.021450,41.107933,29.022371,41.106812,29.021332,41.107765,36.864388
1309,29.020870,41.107900,68,29.020802,41.107918,29.021450,41.107895,29.020800,41.107914,29.021004,41.107910,11.260412
1310,29.020790,41.107890,57,29.020639,41.107883,29.021450,41.107849,29.020695,41.107891,29.020901,41.107872,9.490154
1311,29.020750,41.107880,16,29.020639,41.107883,29.021450,41.107849,29.020695,41.107891,29.020901,41.107872,12.659429
1314,29.020710,41.107870,56,29.021111,41.107826,29.021450,41.107849,29.020679,41.107788,29.021152,41.107830,37.338633
1315,29.020670,41.107870,15,29.021111,41.107826,29.021450,41.107849,29.020679,41.107788,29.021152,41.107830,40.668080
1318,29.020630,41.107860,75,29.020458,41.107864,29.021450,41.107872,29.020239,41.107578,29.020739,41.107826,9.843180
1319,29.020570,41.107860,57,29.020626,41.107883,29.021450,41.107872,29.020458,41.106407,29.020859,41.107658,32.983451
1320,29.020540,41.107850,15,29.020626,41.107883,29.021450,41.107872,29.020458,41.106407,29.020859,41.107658,34.164676
1323,29.020520,41.107850,74,29.020475,41.107849,29.021450,41.107834,29.019957,41.106659,29.020700,41.107666,25.438509
1324,29.020470,41.107840,73,29.020418,41.107864,29.021450,41.107914,29.020351,41.106342,29.020727,41.107655,29.821664
1325,29.020420,41.107830,57,29.020418,41.107864,29.021450,41.107914,29.020351,41.106342,29.020727,41.107655,32.292030
1326,29.020380,41.107830,14,29.020418,41.107864,29.021450,41.107914,29.020351,41.106342,29.020727,41.107655,35.021340
1329,29.020350,41.107830,74,29.020323,41.107841,29.021450,41.107864,29.019854,41.106102,29.020607,41.107590,34.313994
1330,29.020260,41.107820,58,29.020082,41.107819,29.021450,41.107872,29.020630,41.107868,29.020594,41.107841,28.055405
1331,29.020220,41.107810,16,29.020082,41.107819,29.021450,41.107872,29.020630,41.107868,29.020594,41.107841,31.499979
1334,29.020170,41.107800,55,29.020136,41.107811,29.021450,41.107880,29.019869,41.106190,29.020506,41.107590,36.588816
1335,29.020120,41.107790,15,29.020136,41.107811,29.021450,41.107880,29.019869,41.106190,29.020506,41.107590,39.259615
1338,29.020070,41.107780,71,29.020029,41.107613,29.021450,41.107857,29.019783,41.107731,29.020437,41.107712,31.689341
1339,29.019980,41.107760,60,29.019756,41.105019,29.021450,41.107853,29.019665,41.107735,29.020271,41.106312,162.871716
1340,29.019930,41.107750,15,29.019756,41.105019,29.021450,41.107853,29.019665,41.107735,29.020271,41.106312,162.457209
1343,29.019890,41.107740,74,29.019115,41.106632,29.021450,41.107819,29.019634,41.107685,29.019920,41.107159,64.691951
1344,29.019790,41.107710,65,29.019703,41.103821,29.021450,41.107620,29.019508,41.107635,29.020220,41.105576,240.055066
1345,29.019740,41.107700,15,29.019703,41.103821,29.021450,41.107620,29.019508,41.107635,29.020220,41.105576,239.622859
1348,29.019700,41.107690,65,29.019194,41.105038,29.021450,41.107639,29.021055,41.106697,29.020176,41.106098,181.438873
1349,29.019650,41.107670,13,29.019194,41.105038,29.021450,41.107639,29.021055,41.106697,29.020176,41.106098,180.248103
1352,29.019610,41.107660,61,29.019138,41.106319,29.021450,41.107647,29.020912,41.101315,29.020126,41.105984,191.346803
1353,29.019560,41.107650,15,29.019138,41.106319,29.021450,41.107647,29.020912,41.101315,29.020126,41.105984,191.259838
1356,29.019520,41.107640,112,29.018431,41.104969,29.021450,41.107307,29.023211,41.106499,29.020088,41.105930,195.976763
1357,29.019440,41.107610,57,29.019382,41.107296,29.021450,41.106014,29.019976,41.106770,29.020117,41.106819,104.635470
1358,29.019380,41.107610,67,29.019365,41.107296,29.021450,41.107430,29.018791,41.106777,29.019930,41.107262,60.190170
1359,29.019360,41.107600,12,29.019365,41.107296,29.021450,41.107430,29.018791,41.106777,29.019930,41.107262,60.787825
1362,29.019340,41.107580,73,29.019371,41.105667,29.021450,41.107536,29.020100,41.105873,29.020130,41.106281,158.862445
1363,29.019300,41.107570,74,29.017736,41.105553,29.021450,41.107533,29.018963,41.107082,29.019077,41.106400,131.480301
1364,29.019280,41.107570,108,29.019157,41.107479,29.021450,41.107460,29.018997,41.106930,29.019852,41.107395,51.692084
1365,29.019250,41.107560,70,29.019157,41.107479,29.021450,41.107460,29.018997,41.106930,29.019852,41.107395,53.639279
1366,29.019220,41.107550,64,29.018463,41.107151,29.021450,41.106392,29.019539,41.107189,29.019554,41.106922,75.217631
1367,29.019200,41.107540,13,29.018463,41.107151,29.021450,41.106392,29.019539,41.107189,29.019554,41.106922,74.835144
1370,29.019180,41.107530,84,29.017971,41.106464,29.022240,41.106724,29.018505,41.105247,29.019381,41.106365,130.605012
1371,29.019150,41.107530,109,29.019073,41.105877,29.021450,41.105007,29.020353,41.106586,29.020010,41.105717,214.116944
1372,29.019110,41.107510,70,29.018192,41.107506,29.021450,41.105007,29.018295,41.105236,29.019222,41.106388,125.104532
1373,29.019060,41.107490,60,29.018192,41.107506,29.021450,41.105007,29.018295,41.105236,29.019222,41.106388,123.278453
1374,29.019030,41.107480,13,29.018192,41.107506,29.021450,41.105007,29.018295,41.105236,29.019222,41.106388,122.478509
1376,29.019030,41.107480,14,29.018192,41.107506,29.021450,41.105007,29.018295,41.105236,29.019222,41.106388,122.478509
1377,29.019000,41.107460,71,29.020525,41.107441,29.021450,41.107433,29.018391,41.105480,29.020493,41.107147,129.797309
1378,29.018990,41.107440,76,29.020525,41.107441,29.021450,41.107433,29.018391,41.105480,29.020493,41.107147,130.030161
1379,29.018970,41.107420,74,29.019526,41.107445,29.021450,41.107433,29.017973,41.107143,29.019892,41.107399,77.261364
1380,29.018950,41.107420,70,29.019032,41.106670,29.021450,41.107430,29.018644,41.107105,29.019726,41.106972,81.910382
1381,29.018920,41.107400,73,29.016781,41.106895,29.021450,41.107670,29.020718,41.107296,29.018826,41.107201,23.540263
1382,29.018890,41.107390,113,29.016781,41.106895,29.021450,41.107670,29.020718,41.107296,29.018826,41.107201,21.739518
1383,29.018870,41.107390,67,29.018414,41.107155,29.021450,41.107426,29.020031,41.104752,29.019606,41.106880,83.739756
1384,29.018810,41.107370,54,29.018513,41.107201,29.021450,41.107445,29.018818,41.106758,29.019474,41.107212,58.340350
1385,29.018780,41.107370,13,29.018513,41.107201,29.021450,41.107445,29.018818,41.106758,29.019474,41.107212,60.741978
1388,29.018740,41.107360,79,29.018978,41.106449,29.021450,41.107346,29.018347,41.107277,29.019657,41.106857,95.021258
1389,29.018640,41.107360,62,29.018978,41.106449,29.021450,41.107346,29.018347,41.107277,29.019657,41.106857,101.915796
1390,29.018600,41.107350,47,29.018978,41.106449,29.021450,41.107346,29.018347,41.107277,29.019657,41.106857,104.145007
1392,29.018600,41.107350,14,29.018978,41.106449,29.021450,41.107346,29.018347,41.107277,29.019657,41.106857,104.145007
1393,29.018550,41.107340,56,29.017752,41.107090,29.021450,41.106266,29.018900,41.106815,29.019077,41.106792,75.224652
1394,29.018490,41.107330,14,29.017752,41.107090,29.021450,41.106266,29.018900,41.106815,29.019077,41.106792,77.421129
1397,29.018430,41.107330,63,29.018553,41.105751,29.021450,41.107712,29.017620,41.107166,29.019316,41.106575,112.047649
1398,29.018380,41.107320,12,29.018553,41.105751,29.021450,41.107712,29.017620,41.107166,29.019316,41.106575,114.054861
1400,29.018380,41.107320,8,29.018442,41.107071,29.021206,41.107449,29.018705,41.106716,29.019344,41.107136,83.351157
1401,29.018330,41.107310,55,29.018442,41.107071,29.021206,41.107449,29.018705,41.106716,29.019344,41.107136,87.164032
1402,29.018260,41.107310,12,29.018442,41.107071,29.021206,41.107449,29.018705,41.106716,29.019344,41.107136,92.891307
1404,29.018260,41.107310,8,29.018221,41.105331,29.021450,41.107639,29.018383,41.107170,29.019253,41.106327,137.349151
1405,29.018190,41.107310,72,29.016829,41.107239,29.021450,41.107368,29.020674,41.106041,29.018850,41.107101,59.988240
1406,29.018060,41.107290,62,29.016829,41.107239,29.021450,41.107368,29.020674,41.106041,29.018850,41.107101,69.456349
1409,29.017990,41.107280,16,29.016829,41.107239,29.021450,41.107368,29.020674,41.106041,29.018850,41.107101,74.765512
1410,29.017920,41.107270,92,29.016380,41.104694,29.021450,41.105949,29.018610,41.106724,29.018297,41.105392,211.151772
1411,29.017850,41.107250,12,29.016380,41.104694,29.021450,41.105949,29.018610,41.106724,29.018297,41.105392,209.920295
1413,29.017850,41.107250,9,29.017105,41.106373,29.021450,41.104923,29.019712,41.106915,29.018854,41.106007,161.842804
1414,29.017790,41.107240,78,29.019333,41.104065,29.021450,41.107056,29.018810,41.106426,29.019917,41.105354,275.154652
1415,29.017660,41.107210,49,29.019333,41.104065,29.021450,41.107056,29.018810,41.106426,29.019917,41.105354,279.861035
1416,29.017600,41.107210,16,29.019333,41.104065,29.021450,41.107056,29.018810,41.106426,29.019917,41.105354,283.281359
1418,29.017600,41.107210,16,29.017210,41.107021,29.021450,41.106956,29.018137,41.106953,29.018671,41.106995,92.875625
1419,29.017540,41.107200,59,29.017210,41.107021,29.021450,41.106956,29.018137,41.106953,29.018671,41.106995,97.474754
1422,29.017490,41.107190,20,29.017511,41.106213,29.021450,41.107048,29.018576,41.106937,29.018898,41.106583,135.931974
1423,29.017440,41.107180,77,29.017254,41.107090,29.021450,41.107101,29.018158,41.107136,29.018698,41.107105,105.704762
1424,29.017350,41.107150,80,29.017103,41.107147,29.021450,41.107124,29.019739,41.105312,29.018854,41.106869,129.844798
1425,29.017260,41.107130,59,29.017103,41.107147,29.021450,41.107124,29.019739,41.105312,29.018854,41.106869,136.685496
1428,29.017220,41.107120,20,29.017023,41.107113,29.021450,41.107075,29.017511,41.106335,29.018476,41.106987,106.306441
1429,29.017170,41.107100,64,29.017023,41.107113,29.021450,41.107075,29.017511,41.106335,29.018476,41.106987,110.180718
1430,29.017080,41.107080,67,29.016306,41.106857,29.021450,41.106995,29.018026,41.105312,29.018169,41.106670,102.007685
1431,29.017030,41.107060,6,29.016306,41.106857,29.021450,41.106995,29.018026,41.105312,29.018169,41.106670,104.834188
1433,29.017030,41.107060,19,29.017080,41.105843,29.021450,41.106625,29.016932,41.107098,29.018421,41.106277,145.455004
1434,29.016980,41.107050,60,29.017080,41.105843,29.021450,41.106625,29.016932,41.107098,29.018421,41.106277,148.185709
1435,29.016890,41.107020,71,29.016788,41.107025,29.021450,41.107162,29.017015,41.107059,29.018276,41.107075,116.301197
1438,29.016840,41.107010,14,29.017958,41.107040,29.021450,41.107075,29.019073,41.106434,29.019217,41.106964,199.180025
1439,29.016790,41.106990,64,29.017958,41.107040,29.021450,41.107075,29.019073,41.106434,29.019217,41.106964,203.324241
1440,29.016750,41.106970,6,29.017958,41.107040,29.021450,41.107075,29.019073,41.106434,29.019217,41.106964,206.656271
1443,29.016710,41.106950,69,29.017126,41.107002,29.021450,41.107136,29.020088,41.106396,29.018919,41.106953,185.077369
1446,29.016660,41.106930,12,29.017092,41.106964,29.021450,41.107075,29.016918,41.106998,29.018429,41.107006,148.437745
1447,29.016610,41.106910,66,29.017092,41.106964,29.021450,41.107075,29.016918,41.106998,29.018429,41.107006,152.759722
1450,29.016570,41.106890,14,29.016640,41.106838,29.021450,41.106911,29.017292,41.107143,29.018238,41.106911,139.775711
1451,29.016530,41.106870,64,29.016640,41.106838,29.021450,41.106911,29.017292,41.107143,29.018238,41.106911,143.179675
1452,29.016440,41.106830,55,29.017868,41.103611,29.021450,41.107811,29.019100,41.106083,29.019171,41.105293,285.563052
1453,29.016400,41.106810,47,29.017868,41.103611,29.021450,41.107811,29.019100,41.106083,29.019171,41.105293,286.942496
1455,29.016400,41.106810,6,29.017868,41.103611,29.021450,41.107811,29.019100,41.106083,29.019171,41.105293,286.942496
1456,29.016360,41.106790,71,29.017138,41.106972,29.021450,41.107693,29.017591,41.107193,29.018553,41.107227,190.045525
1460,29.016260,41.106740,77,29.016180,41.106625,29.021450,41.107037,29.018663,41.107101,29.018194,41.106823,162.316847
1461,29.016190,41.106680,72,29.016245,41.106640,29.021450,41.106991,29.019573,41.105228,29.018366,41.106541,182.959278
1462,29.016100,41.106630,68,29.016245,41.106640,29.021450,41.106991,29.019573,41.105228,29.018366,41.106541,190.102493
1463,29.016060,41.106600,5,29.016245,41.106640,29.021450,41.106991,29.019573,41.105228,29.018366,41.106541,193.306843
1465,29.016060,41.106600,6,29.016245,41.106640,29.021450,41.106991,29.019573,41.105228,29.018366,41.106541,193.306843
1466,29.016010,41.106570,110,29.016022,41.106174,29.021450,41.106449,29.019430,41.105907,29.018229,41.106220,189.902949
1467,29.015940,41.106500,62,29.016022,41.106174,29.021450,41.106449,29.019430,41.105907,29.018229,41.106220,194.249932
1470,29.015900,41.106470,6,29.016022,41.106174,29.021450,41.106449,29.019430,41.105907,29.018229,41.106220,197.061104
1471,29.015860,41.106440,71,29.016499,41.106579,29.021450,41.106369,29.017654,41.106815,29.018215,41.106552,197.720156
1474,29.015830,41.106420,7,29.016695,41.106705,29.021450,41.107010,29.018602,41.105877,29.018467,41.106678,222.789288
1475,29.015800,41.106400,79,29.016424,41.104496,29.021450,41.106873,29.019018,41.105713,29.018381,41.105419,242.204294
1476,29.015750,41.106360,63,29.016424,41.104496,29.021450,41.106873,29.019018,41.105713,29.018381,41.105419,244.012315
1479,29.015730,41.106350,10,29.016323,41.105804,29.021450,41.106407,29.018906,41.105671,29.018311,41.105972,220.251483
1480,29.015720,41.106340,74,29.016323,41.105804,29.021450,41.106407,29.018906,41.105671,29.018311,41.105972,220.865479
1481,29.015700,41.106330,80,29.015934,41.106068,29.021450,41.106377,29.019058,41.106583,29.018122,41.106243,203.132096
1482,29.015690,41.106320,71,29.016455,41.103912,29.021450,41.106956,29.019054,41.106106,29.018400,41.105190,259.504732
1483,29.015670,41.106300,80,29.021929,41.100979,29.021530,41.106369,29.019114,41.106403,29.021383,41.103474,572.640110
1484,29.015650,41.106290,75,29.016895,41.104424,29.021572,41.106342,29.019001,41.106163,29.018671,41.105282,276.831539
1485,29.015630,41.106280,76,29.016499,41.105938,29.021450,41.106281,29.018049,41.106358,29.018276,41.106110,222.519809
1486,29.015610,41.106260,80,29.016499,41.105938,29.021450,41.106281,29.018049,41.106358,29.018276,41.106110,224.012521
1487,29.015590,41.106250,70,29.015751,41.106022,29.021193,41.106350,29.018053,41.106739,29.017794,41.106232,184.643311
1491,29.015560,41.106230,62,29.016993,41.104576,29.021448,41.106621,29.018740,41.105888,29.018642,41.105412,273.827560
1495,29.015540,41.106190,69,29.015545,41.106049,29.021521,41.106342,29.018644,41.105865,29.017874,41.106110,195.737612
1496,29.015510,41.106150,76,29.015469,41.106033,29.021450,41.106441,29.018660,41.105881,29.017811,41.106140,192.776499
1497,29.015480,41.106120,67,29.015469,41.106033,29.021450,41.106441,29.018660,41.105881,29.017811,41.106140,195.299798
1498,29.015460,41.106100,8,29.015469,41.106033,29.021450,41.106441,29.018660,41.105881,29.017811,41.106140,197.013241
1500,29.015450,41.106080,69,29.015577,41.105789,29.021450,41.106045,29.019100,41.106079,29.017935,41.105911,209.032198
1501,29.015430,41.106020,75,29.016218,41.105888,29.021450,41.106152,29.019127,41.106064,29.018284,41.105995,239.124567
1504,29.015410,41.105990,8,29.015621,41.105923,29.021450,41.105942,29.019104,41.106075,29.017960,41.105953,213.656456
1505,29.015400,41.105960,74,29.015606,41.105755,29.021450,41.106224,29.019104,41.106075,29.017952,41.105949,213.819226
1506,29.015380,41.105920,70,29.017748,41.101879,29.021271,41.106308,29.019098,41.106064,29.019051,41.103889,381.527300
1507,29.015360,41.105900,81,29.017748,41.101879,29.021271,41.106308,29.019098,41.106064,29.019051,41.103889,381.572193
1508,29.015360,41.105880,73,29.016088,41.106140,29.021450,41.105984,29.019089,41.106064,29.018211,41.106083,239.964150
1509,29.015350,41.105850,74,29.015694,41.105911,29.021450,41.105881,29.019108,41.106064,29.018000,41.105927,222.163585
1512,29.015340,41.105830,74,29.015642,41.105782,29.021450,41.106285,29.019127,41.106064,29.017973,41.105984,221.262441
1516,29.015340,41.105790,79,29.015865,41.104889,29.021450,41.104729,29.019114,41.106079,29.018093,41.105019,246.101928
1517,29.015340,41.105740,77,29.015884,41.105751,29.021450,41.105991,29.019087,41.106064,29.018101,41.105877,231.809049
1518,29.015340,41.105680,75,29.015350,41.105598,29.021450,41.105759,29.019089,41.106064,29.017815,41.105721,207.386726
1520,29.015360,41.105620,76,29.015350,41.105598,29.021450,41.105759,29.019089,41.106064,29.017815,41.105721,205.965675
1521,29.015370,41.105560,75,29.015381,41.105602,29.021450,41.105755,29.018686,41.105862,29.017769,41.105690,201.508243
1522,29.015380,41.105530,8,29.015381,41.105602,29.021450,41.105755,29.018686,41.105862,29.017769,41.105690,200.940451
1523,29.015400,41.105500,70,29.015856,41.104599,29.021450,41.105980,29.018688,41.105862,29.018024,41.105221,222.071512
1524,29.015440,41.105450,73,29.015728,41.105347,29.021450,41.106190,29.019089,41.106064,29.018019,41.105717,218.084862
1525,29.015470,41.105420,9,29.017483,41.105156,29.021450,41.106033,29.019262,41.106106,29.018988,41.105576,295.235391
1526,29.015490,41.105380,66,29.017483,41.105156,29.021450,41.106033,29.019262,41.106106,29.018988,41.105576,293.858291
1527,29.015520,41.105350,7,29.017483,41.105156,29.021450,41.106033,29.019262,41.106106,29.018988,41.105576,291.619694
1528,29.015540,41.105310,71,29.016804,41.104610,29.021450,41.105679,29.019337,41.106091,29.018635,41.105167,259.784231
1529,29.015600,41.105250,72,29.016783,41.104610,29.021450,41.105686,29.019390,41.106091,29.018629,41.105167,253.959524
1530,29.015630,41.105220,6,29.016783,41.104610,29.021450,41.105686,29.019390,41.106091,29.018629,41.105167,251.347911
1531,29.015670,41.105180,69,29.016058,41.105038,29.021450,41.104908,29.019409,41.106071,29.018242,41.105156,215.503902
1532,29.015720,41.105130,77,29.016058,41.105038,29.021450,41.104908,29.019409,41.106071,29.018242,41.105156,211.317784
1533,29.015780,41.105070,71,29.016529,41.104893,29.020788,41.105133,29.019409,41.106030,29.018291,41.105145,210.589086
1534,29.015840,41.105000,74,29.016943,41.104252,29.021450,41.106258,29.019392,41.106030,29.018715,41.105148,241.440545
1536,29.015890,41.104950,72,29.016943,41.104252,29.021450,41.106258,29.019392,41.106030,29.018715,41.105148,237.712462
1537,29.015940,41.104900,74,29.016163,41.104729,29.021450,41.104610,29.019407,41.106033,29.018297,41.104893,197.502053
1539,29.015990,41.104840,76,29.016163,41.104729,29.021450,41.104610,29.019407,41.106033,29.018297,41.104893,193.400080
1540,29.016060,41.104780,76,29.016155,41.104645,29.021450,41.104778,29.019409,41.106033,29.018297,41.104897,187.893664
1541,29.016110,41.104710,73,29.016155,41.104645,29.021450,41.104778,29.019409,41.106033,29.018297,41.104897,184.427219
1543,29.016160,41.104660,73,29.016108,41.104580,29.021450,41.104900,29.019367,41.106033,29.018263,41.104900,178.206777
1544,29.016180,41.104640,75,29.016108,41.104580,29.021450,41.104900,29.019367,41.106033,29.018263,41.104900,176.900530
1545,29.016190,41.104620,75,29.016235,41.104549,29.021450,41.104645,29.019342,41.106022,29.018328,41.104801,180.240746
1546,29.016200,41.104600,74,29.016264,41.104572,29.021450,41.104736,29.019165,41.106022,29.018314,41.104843,179.205872
1547,29.016210,41.104590,80,29.016245,41.104668,29.021450,41.104828,29.019165,41.106022,29.018305,41.104923,179.386703
1548,29.016220,41.104570,70,29.016216,41.104603,29.021450,41.104862,29.019165,41.106022,29.018291,41.104897,177.318767
1549,29.016240,41.104560,75,29.016184,41.104561,29.021450,41.104820,29.019218,41.106075,29.018280,41.104870,174.364421
1550,29.016250,41.104550,83,29.016184,41.104561,29.021450,41.104820,29.019218,41.106075,29.018280,41.104870,173.767337
1551,29.016260,41.104540,62,29.016174,41.104588,29.021450,41.104874,29.019218,41.106075,29.018272,41.104900,173.307659
1552,29.016270,41.104530,9,29.016294,41.104546,29.021450,41.104694,29.019192,41.106075,29.018335,41.104824,176.109961
1553,29.016280,41.104510,71,29.016251,41.104515,29.021450,41.104641,29.019199,41.106075,29.018311,41.104790,172.952464
1554,29.016320,41.104470,73,29.016384,41.104492,29.021595,41.104759,29.019199,41.106075,29.018433,41.104816,181.152042
1556,29.016360,41.104440,74,29.016384,41.104492,29.021595,41.104759,29.019199,41.106075,29.018433,41.104816,178.630813
1558,29.016390,41.104420,73,29.016453,41.104393,29.021450,41.104813,29.019199,41.106079,29.018421,41.104778,174.786045
1559,29.016440,41.104370,76,29.016453,41.104393,29.021450,41.104813,29.019199,41.106079,29.018421,41.104778,172.092193
1561,29.016480,41.104320,74,29.016468,41.104527,29.021450,41.104836,29.019199,41.106079,29.018429,41.104858,173.912544
1563,29.016520,41.104270,76,29.016590,41.104160,29.022751,41.104855,29.019199,41.106079,29.018906,41.104668,204.717446
1564,29.016580,41.104220,75,29.016710,41.104172,29.023033,41.104774,29.019199,41.106079,29.019056,41.104645,212.791180
1566,29.016620,41.104160,81,29.016830,41.104240,29.022863,41.104904,29.019199,41.106079,29.019068,41.104725,214.493313
1567,29.016670,41.104100,75,29.016804,41.104023,29.022095,41.104923,29.019201,41.106079,29.018816,41.104610,188.551841
1569,29.016730,41.103990,76,29.016882,41.103859,29.021540,41.104881,29.019159,41.106079,29.018677,41.104511,173.105159
1570,29.016790,41.103930,73,29.016882,41.103859,29.021540,41.104881,29.019159,41.106079,29.018677,41.104511,170.788165
1571,29.016810,41.103900,5,29.016882,41.103859,29.021540,41.104881,29.019159,41.106079,29.018677,41.104511,170.540131
1572,29.016830,41.103880,75,29.016876,41.104057,29.021450,41.104805,29.019159,41.106079,29.018646,41.104595,171.703676
1573,29.016870,41.103830,71,29.016876,41.104057,29.021450,41.104805,29.019159,41.106079,29.018646,41.104595,171.430889
1574,29.016890,41.103800,5,29.016943,41.103725,29.021450,41.104809,29.019159,41.106079,29.018681,41.104420,165.095360
1575,29.016910,41.103770,70,29.016943,41.103725,29.021450,41.104809,29.019159,41.106079,29.018681,41.104420,165.007110
1576,29.016930,41.103740,5,29.016975,41.103779,29.021450,41.104805,29.019159,41.106079,29.018698,41.104446,167.653568
1577,29.016950,41.103710,71,29.016975,41.103779,29.021450,41.104805,29.019159,41.106079,29.018698,41.104446,167.777591
1578,29.016990,41.103660,73,29.017076,41.103493,29.021498,41.106770,29.019302,41.104809,29.018787,41.104713,190.789795
1580,29.017020,41.103630,94,29.017076,41.103493,29.021498,41.106770,29.019302,41.104809,29.018787,41.104713,190.899496
1581,29.017030,41.103620,7,29.017582,41.104412,29.021740,41.105507,29.019304,41.104118,29.019140,41.104713,214.581241
1582,29.017040,41.103610,76,29.017582,41.104412,29.021740,41.105507,29.019304,41.104118,29.019140,41.104713,214.525417
1583,29.017040,41.103600,63,29.017082,41.103687,29.021421,41.106808,29.020432,41.104038,29.018940,41.104713,201.670786
1584,29.017050,41.103580,78,29.017111,41.103500,29.021450,41.106903,29.020374,41.105114,29.018953,41.104805,209.728154
1585,29.017060,41.103570,69,29.017109,41.103455,29.021450,41.106937,29.020319,41.104019,29.018944,41.104626,196.704571
1586,29.017080,41.103550,72,29.017109,41.103455,29.021450,41.106937,29.020319,41.104019,29.018944,41.104626,196.706841
1587,29.017090,41.103540,73,29.017088,41.103474,29.021450,41.106728,29.019941,41.104637,29.018877,41.104664,195.027436
1588,29.017110,41.103530,70,29.017191,41.103466,29.021450,41.106728,29.020435,41.105427,29.019005,41.104778,210.883090
1589,29.017130,41.103490,67,29.017191,41.103466,29.021450,41.106728,29.020435,41.105427,29.019005,41.104778,212.595710
1591,29.017180,41.103430,71,29.017090,41.103436,29.021450,41.106644,29.020412,41.106236,29.018946,41.104855,216.747740
1592,29.017220,41.103400,68,29.017248,41.103371,29.021450,41.106644,29.020384,41.106232,29.019030,41.104820,218.928488
1594,29.017250,41.103360,70,29.017273,41.103348,29.021450,41.106731,29.020021,41.105938,29.018988,41.104794,215.886181
1596,29.017290,41.103310,71,29.017237,41.103382,29.021450,41.106964,29.019581,41.105789,29.018902,41.104858,218.820689
1597,29.017320,41.103250,73,29.017237,41.103382,29.021450,41.106964,29.019581,41.105789,29.018902,41.104858,222.602327
1599,29.017360,41.103190,71,29.017281,41.103119,29.021450,41.106968,29.019211,41.105671,29.018871,41.104702,210.478549
1601,29.017400,41.103140,73,29.017416,41.103069,29.021450,41.106991,29.017427,41.102955,29.018677,41.104279,165.747420
1602,29.017430,41.103080,72,29.017416,41.103069,29.021450,41.106991,29.017427,41.102955,29.018677,41.104279,169.335631
1603,29.017470,41.103030,72,29.017477,41.103012,29.021450,41.106979,29.019497,41.105656,29.019018,41.104645,221.509810
1605,29.017500,41.102980,71,29.017521,41.102932,29.021450,41.106888,29.019711,41.103832,29.019077,41.104301,197.628193
1607,29.017530,41.102920,77,29.017576,41.102840,29.021450,41.107037,29.019522,41.105186,29.019077,41.104500,218.327469
1608,29.017550,41.102860,67,29.017576,41.102840,29.021450,41.107037,29.019522,41.105186,29.019077,41.104500,222.763809
1610,29.017590,41.102800,72,29.017578,41.102818,29.021450,41.107021,29.019041,41.105667,29.019005,41.104557,228.525069
1611,29.017600,41.102740,69,29.016827,41.104645,29.021450,41.107094,29.018707,41.105698,29.018549,41.105568,324.348406
1613,29.017630,41.102690,73,29.017714,41.102215,29.021450,41.107525,29.018999,41.105762,29.019073,41.104404,225.767535
1614,29.017680,41.102630,73,29.017752,41.103203,29.021450,41.107178,29.018934,41.105728,29.019085,41.104820,270.501601
1616,29.017720,41.102550,67,29.017752,41.103203,29.021450,41.107178,29.018934,41.105728,29.019085,41.104820,277.137867
1618,29.017780,41.102470,68,29.018024,41.102341,29.021450,41.107521,29.018513,41.106186,29.019167,41.104534,257.265223
1619,29.017820,41.102400,71,29.018024,41.102341,29.021450,41.107521,29.018513,41.106186,29.019167,41.104534,262.776179
1621,29.017860,41.102330,75,29.017960,41.102287,29.021450,41.107521,29.018900,41.105724,29.019188,41.104431,258.778410
1623,29.017900,41.102270,76,29.017990,41.102234,29.021450,41.107235,29.018789,41.106190,29.019192,41.104389,259.310741
1624,29.017940,41.102210,70,29.018217,41.102543,29.021450,41.107521,29.018593,41.105736,29.019281,41.104572,285.710283
1625,29.017970,41.102180,5,29.018217,41.102543,29.021450,41.107521,29.018593,41.105736,29.019281,41.104572,287.811187
1626,29.017990,41.102140,69,29.018019,41.102276,29.021450,41.107525,29.018627,41.105633,29.019180,41.104416,272.011001
1627,29.018050,41.102070,79,29.018427,41.102844,29.021450,41.107525,29.018847,41.105846,29.019434,41.104755,320.328951
1628,29.018110,41.101990,78,29.018427,41.102844,29.021450,41.107525,29.018847,41.105846,29.019434,41.104755,326.896965
1629,29.018150,41.101940,5,29.018200,41.102779,29.021450,41.107529,29.018202,41.106625,29.019213,41.104839,334.461069
1630,29.018180,41.101900,73,29.019087,41.100773,29.021450,41.107521,29.018637,41.106915,29.019758,41.103798,249.045992
1631,29.018250,41.101810,75,29.019087,41.100773,29.021450,41.107521,29.018637,41.106915,29.019758,41.103798,254.619767
1632,29.018330,41.101730,99,29.018276,41.103416,29.021420,41.104977,29.018515,41.106773,29.019291,41.104408,308.501214
1633,29.018360,41.101690,5,29.018276,41.103416,29.021420,41.104977,29.018515,41.106773,29.019291,41.104408,312.159454
1634,29.018410,41.101660,76,29.016975,41.101570,29.021450,41.105576,29.019121,41.104019,29.018690,41.103188,171.470878
1636,29.018500,41.101590,73,29.017790,41.102749,29.021172,41.105789,29.018589,41.107063,29.018963,41.104343,308.612237
1637,29.018550,41.101550,5,29.018518,41.101574,29.021450,41.105343,29.018616,41.106174,29.019447,41.103443,223.532293
1638,29.018600,41.101510,73,29.018776,41.101715,29.021172,41.105358,29.018614,41.105896,29.019499,41.103481,231.774743
1639,29.018700,41.101440,73,29.018776,41.101715,29.021172,41.105358,29.018614,41.105896,29.019499,41.103481,236.644412
1641,29.018800,41.101370,73,29.018961,41.101406,29.021450,41.105591,29.018938,41.106194,29.019733,41.103432,242.224976
1643,29.018890,41.101340,77,29.018936,41.101368,29.021358,41.105007,29.019119,41.101562,29.019720,41.102535,150.004574
1644,29.018970,41.101290,77,29.020781,41.100658,29.021450,41.105007,29.019073,41.102325,29.020735,41.102268,183.569131
1646,29.019050,41.101270,76,29.018923,41.101295,29.021450,41.105007,29.019199,41.101425,29.019754,41.102474,146.333503
1647,29.019090,41.101260,75,29.018906,41.101482,29.021450,41.105007,29.018963,41.107216,29.019709,41.103443,248.227155
1648,29.019130,41.101260,79,29.019066,41.101963,29.021450,41.107147,29.019331,41.101654,29.019848,41.103535,259.988626
1649,29.019160,41.101240,74,29.019066,41.101963,29.021450,41.107147,29.019331,41.101654,29.019848,41.103535,261.587383
1650,29.019180,41.101240,74,29.018864,41.101334,29.021450,41.107185,29.019215,41.101589,29.019724,41.103199,222.547492
1652,29.019210,41.101230,75,29.019283,41.101387,29.021450,41.107071,29.019321,41.101391,29.019964,41.103161,223.809028
1654,29.019260,41.101220,76,29.019318,41.101200,29.021450,41.107071,29.018784,41.102085,29.019907,41.103161,222.518335
1655,29.019310,41.101210,74,29.019289,41.101322,29.021450,41.107002,29.019791,41.101437,29.020037,41.103111,220.005178
1657,29.019360,41.101190,74,29.019289,41.101322,29.021450,41.107002,29.019791,41.101437,29.020037,41.103111,221.031441
1659,29.019400,41.101190,79,29.019423,41.101654,29.021450,41.106991,29.019409,41.101494,29.020054,41.103298,240.736822
1660,29.019440,41.101180,76,29.019543,41.101109,29.021450,41.106995,29.019554,41.101109,29.020142,41.102943,204.706176
1661,29.019470,41.101170,73,29.019625,41.101170,29.021450,41.106991,29.019577,41.101177,29.020189,41.102985,210.666318
1663,29.019510,41.101150,76,29.019564,41.101234,29.021450,41.106991,29.019457,41.101135,29.020138,41.103016,214.042851
1664,29.019570,41.101150,77,29.019672,41.101326,29.021450,41.106991,29.019655,41.101112,29.020224,41.103062,219.510376
1665,29.019630,41.101130,34,29.019672,41.101326,29.021450,41.106991,29.019655,41.101112,29.020224,41.103062,220.476359
1666,29.019660,41.101130,44,29.019613,41.101219,29.021450,41.106991,29.019915,41.099960,29.020231,41.102829,194.887159
1667,29.019690,41.101120,34,29.019613,41.101219,29.021450,41.106991,29.019915,41.099960,29.020231,41.102829,195.366475
1668,29.019720,41.101110,44,29.019545,41.101532,29.021450,41.106991,29.020065,41.101501,29.020216,41.103230,239.316249
1669,29.019750,41.101100,78,29.019808,41.101524,29.021450,41.105007,29.020021,41.101463,29.020351,41.102604,174.655039
1670,29.019800,41.101090,35,29.019808,41.101524,29.021450,41.105007,29.020021,41.101463,29.020351,41.102604,174.564692
1671,29.019830,41.101080,43,29.019861,41.101318,29.021450,41.105007,29.020802,41.100864,29.020500,41.102402,157.332623
1672,29.019860,41.101080,76,29.019861,41.101318,29.021450,41.105007,29.020802,41.100864,29.020500,41.102402,156.453060
1673,29.019930,41.101060,34,29.020248,41.100727,29.021450,41.105946,29.020744,41.100880,29.020700,41.102379,160.229370
1674,29.019970,41.101050,43,29.019629,41.101063,29.021450,41.105007,29.021004,41.105228,29.020403,41.102917,210.715117
1675,29.020010,41.101040,75,29.019629,41.101063,29.021450,41.105007,29.021004,41.105228,29.020403,41.102917,211.262388
1676,29.020100,41.101010,35,29.019344,41.101704,29.021172,41.105007,29.020994,41.105419,29.020161,41.103291,253.637421
1677,29.020160,41.101000,43,29.020233,41.101730,29.021450,41.105762,29.020958,41.104008,29.020723,41.103333,263.624578
1678,29.020220,41.100990,76,29.020288,41.101662,29.021450,41.105766,29.020893,41.105721,29.020741,41.103550,287.975972
1679,29.020370,41.100950,35,29.020288,41.101662,29.021450,41.105766,29.020893,41.105721,29.020741,41.103550,290.764130
1680,29.020450,41.100920,42,29.020288,41.101662,29.021450,41.105766,29.020893,41.105721,29.020741,41.103550,293.449219
1681,29.020520,41.100890,34,29.020676,41.100800,29.021450,41.105721,29.022446,41.100315,29.021183,41.102264,162.610874
1682,29.020600,41.100860,43,29.020676,41.100800,29.021450,41.105721,29.022446,41.100315,29.021183,41.102264,163.625142
1683,29.020670,41.100830,75,29.020947,41.100796,29.021450,41.105762,29.022606,41.100407,29.021353,41.102287,171.845931
1684,29.020790,41.100770,32,29.020947,41.100796,29.021450,41.105762,29.022606,41.100407,29.021353,41.102287,175.181001
1685,29.020840,41.100750,44,29.020947,41.100796,29.021450,41.105762,29.022606,41.100407,29.021353,41.102287,176.256013
1686,29.020890,41.100730,34,29.020819,41.100731,29.021450,41.105766,29.021467,41.106922,29.021114,41.103230,278.569231
1687,29.020930,41.100710,42,29.020842,41.100662,29.021450,41.105591,29.020662,41.107132,29.021004,41.103168,273.441126
1688,29.020980,41.100690,35,29.020842,41.100662,29.021450,41.105591,29.020662,41.107132,29.021004,41.103168,275.602410
1689,29.021010,41.100670,40,29.020842,41.100662,29.021450,41.105591,29.020662,41.107132,29.021004,41.103168,277.819638
1690,29.021050,41.100660,77,29.020479,41.101196,29.021450,41.105770,29.022430,41.100731,29.021076,41.102554,210.650358
1691,29.021100,41.100630,76,29.019409,41.100941,29.021450,41.105766,29.022484,41.100365,29.020506,41.102360,198.679097
1692,29.021130,41.100630,77,29.019409,41.100941,29.021450,41.105766,29.022484,41.100365,29.020506,41.102360,199.323771
1693,29.021160,41.100610,71,29.021223,41.100555,29.021450,41.105770,29.021482,41.106930,29.021336,41.103138,281.482256
1694,29.021190,41.100580,42,29.021223,41.100555,29.021450,41.105770,29.021482,41.106930,29.021336,41.103138,284.694805
1695,29.021210,41.100570,36,29.021057,41.100567,29.021450,41.105606,29.020760,41.107098,29.021135,41.103119,283.493406
1696,29.021230,41.100560,40,29.021057,41.100567,29.021450,41.105606,29.020760,41.107098,29.021135,41.103119,284.646856
1697,29.021250,41.100550,43,29.021057,41.100567,29.021450,41.105606,29.020760,41.107098,29.021135,41.103119,285.809803
1698,29.021270,41.100540,68,29.020626,41.100849,29.021450,41.105698,29.020905,41.106846,29.020927,41.103264,304.235962
1699,29.021310,41.100510,41,29.021402,41.100445,29.021450,41.105724,29.020859,41.106945,29.021336,41.103065,284.165701
1700,29.021330,41.100500,36,29.021481,41.100410,29.021450,41.105553,29.020918,41.106888,29.021387,41.102985,276.403290
1701,29.021350,41.100490,77,29.021444,41.100338,29.021450,41.105770,29.022678,41.100693,29.021631,41.102085,178.927146
1702,29.021410,41.100440,73,29.021458,41.100365,29.021450,41.105610,29.020775,41.107166,29.021357,41.103020,286.886066
1703,29.021450,41.100400,39,29.021458,41.100365,29.021450,41.105610,29.020775,41.107166,29.021357,41.103020,291.404092
1704,29.021470,41.100380,37,29.021458,41.100365,29.021450,41.105610,29.020775,41.107166,29.021357,41.103020,293.676646
1705,29.021490,41.100360,74,29.020445,41.100197,29.021450,41.105392,29.022572,41.100754,29.021080,41.101902,174.870930
1706,29.021540,41.100330,35,29.020445,41.100197,29.021450,41.105392,29.022572,41.100754,29.021080,41.101902,178.998104
1707,29.021550,41.100310,43,29.021612,41.100277,29.021450,41.105553,29.023401,41.103443,29.021832,41.102394,232.939172
1708,29.021570,41.100300,32,29.021612,41.100277,29.021450,41.105553,29.023401,41.103443,29.021832,41.102394,233.882480
1709,29.021610,41.100280,40,29.021612,41.100277,29.021450,41.105553,29.023401,41.103443,29.021832,41.102394,235.809236
1710,29.021640,41.100250,77,29.021645,41.100258,29.021450,41.105568,29.022608,41.099327,29.021729,41.101776,169.859144
1711,29.021720,41.100190,74,29.021976,41.099998,29.021450,41.105560,29.022736,41.099735,29.021925,41.101692,167.917634
1712,29.021820,41.100110,72,29.022057,41.099945,29.021450,41.105576,29.023405,41.099705,29.022070,41.101665,174.226552
1713,29.021930,41.100040,35,29.022057,41.099945,29.021450,41.105576,29.023405,41.099705,29.022070,41.101665,181.126900
1714,29.021980,41.100000,40,29.022057,41.099945,29.021450,41.105576,29.023405,41.099705,29.022070,41.101665,185.348040
1715,29.022040,41.099960,77,29.022194,41.099823,29.021450,41.105896,29.023155,41.099720,29.022104,41.101700,193.535093
1716,29.022150,41.099890,33,29.022194,41.099823,29.021450,41.105896,29.023155,41.099720,29.022104,41.101700,201.280301
1717,29.022210,41.099850,44,29.022766,41.099533,29.021450,41.105896,29.023016,41.099728,29.022394,41.101547,189.354559
1718,29.022270,41.099810,74,29.022820,41.099548,29.021450,41.105888,29.022429,41.099751,29.022337,41.101555,194.101866
1719,29.022400,41.099740,70,29.022511,41.099689,29.021450,41.105896,29.022875,41.099701,29.022236,41.101627,210.313862
1720,29.022530,41.099670,36,29.022511,41.099689,29.021450,41.105896,29.022875,41.099701,29.022236,41.101627,219.038317
1721,29.022600,41.099640,42,29.022511,41.099689,29.021450,41.105896,29.022875,41.099701,29.022236,41.101627,223.079595
1722,29.022660,41.099600,71,29.022699,41.099594,29.021450,41.105896,29.021368,41.100075,29.022112,41.101631,230.477418
1723,29.022790,41.099550,42,29.022699,41.099594,29.021450,41.105896,29.021368,41.100075,29.022112,41.101631,238.288392
1724,29.022860,41.099520,33,29.022699,41.099594,29.021450,41.105896,29.021368,41.100075,29.022112,41.101631,242.976055
1725,29.022930,41.099500,71,29.023088,41.099575,29.022152,41.104786,29.021351,41.100079,29.022537,41.101273,199.830967
1726,29.023060,41.099450,35,29.023088,41.099575,29.022152,41.104786,29.021351,41.100079,29.022537,41.101273,207.341875
1727,29.023130,41.099440,41,29.023088,41.099575,29.022152,41.104786,29.021351,41.100079,29.022537,41.101273,209.739958
1728,29.023200,41.099430,72,29.023619,41.099354,29.021450,41.105389,29.021532,41.099995,29.022633,41.101334,216.946358
1729,29.023340,41.099400,42,29.023619,41.099354,29.021450,41.105389,29.021532,41.099995,29.022633,41.101334,223.029454
1730,29.023430,41.099400,33,29.023619,41.099354,29.021450,41.105389,29.021532,41.099995,29.022633,41.101334,225.151103
1731,29.023510,41.099390,34,29.016701,41.105473,29.022152,41.104843,29.023237,41.099186,29.019381,41.104340,650.097780
1732,29.023590,41.099380,38,29.016701,41.105473,29.022152,41.104843,29.021507,41.099998,29.019123,41.104462,677.772972
1733,29.023670,41.099370,73,29.023821,41.099529,29.021450,41.105389,29.021795,41.099995,29.022778,41.101429,240.851617
1734,29.023830,41.099330,40,29.023821,41.099529,29.021450,41.105389,29.021795,41.099995,29.022778,41.101429,249.501016
1735,29.023920,41.099310,32,29.024107,41.099239,29.021345,41.105381,29.022501,41.100342,29.023006,41.101322,236.476090
1736,29.024000,41.099290,35,29.024107,41.099239,29.021345,41.105381,29.022501,41.100342,29.023006,41.101322,240.815827
1737,29.024080,41.099270,38,29.024107,41.099239,29.021345,41.105381,29.022501,41.100342,29.023006,41.101322,245.282177
1738,29.024160,41.099250,35,29.024199,41.099205,29.021345,41.105381,29.021788,41.106316,29.022951,41.102200,343.261222
1739,29.024250,41.099230,31,29.024273,41.099762,29.021503,41.105843,29.023573,41.099064,29.023306,41.101555,270.347102
1740,29.024330,41.099200,68,29.024307,41.099606,29.021523,41.105843,29.024054,41.099545,29.023403,41.101540,271.497347
1741,29.024490,41.099160,67,29.024307,41.099606,29.021523,41.105843,29.024054,41.099545,29.023403,41.101540,279.833722
1742,29.024640,41.099110,71,29.020256,41.099106,29.021345,41.105339,29.023643,41.099514,29.021105,41.101116,370.824101
1743,29.024800,41.099070,42,29.020256,41.099106,29.021345,41.105362,29.020901,41.107204,29.020693,41.102276,495.490316
1744,29.024860,41.099050,32,29.016651,41.105808,29.022223,41.104713,29.021791,41.100040,29.019161,41.104607,780.877145
1745,29.024930,41.099030,70,29.025028,41.099026,29.021450,41.105713,29.020893,41.107422,29.023293,41.102371,396.051774
1746,29.025060,41.099000,71,29.025301,41.098999,29.021435,41.106083,29.021744,41.099979,29.023565,41.101357,290.425211
1747,29.025170,41.098990,41,29.025301,41.098999,29.021435,41.106083,29.021744,41.099979,29.023565,41.101357,295.507240
1748,29.025230,41.098980,33,29.025301,41.098999,29.021435,41.106083,29.021744,41.099979,29.023565,41.101357,298.811433
1749,29.025290,41.098960,72,29.025665,41.099007,29.021593,41.106068,29.021664,41.100010,29.023800,41.101360,294.664702
1750,29.025400,41.098950,72,29.025660,41.098938,29.021221,41.106075,29.021828,41.099930,29.023703,41.101315,298.928623
1751,29.025510,41.098950,38,29.025660,41.098938,29.021221,41.106075,29.021828,41.099930,29.023703,41.101315,303.422372
1752,29.025570,41.098950,31,29.025694,41.098946,29.021221,41.106075,29.021780,41.099945,29.023718,41.101318,305.676203
1753,29.025640,41.098950,39,29.016460,41.106304,29.023014,41.104752,29.021780,41.099945,29.019302,41.104866,845.420781
1754,29.025690,41.098960,31,29.016460,41.106304,29.023014,41.104752,29.021780,41.099945,29.019302,41.104866,847.196312
1755,29.025750,41.098960,69,29.017071,41.106304,29.023014,41.104752,29.023224,41.099018,29.019848,41.104729,809.955474
1756,29.025870,41.098970,65,29.025927,41.099072,29.022030,41.106056,29.026466,41.099056,29.024794,41.101250,269.057647
1757,29.025980,41.098990,49,29.025927,41.099072,29.022030,41.106056,29.026466,41.099056,29.024794,41.101250,270.216704
1758,29.026040,41.099000,26,29.025225,41.099026,29.021240,41.106110,29.027248,41.099083,29.024286,41.101242,289.391850
1759,29.026100,41.099020,48,29.025225,41.099026,29.021240,41.106110,29.027248,41.099083,29.024286,41.101242,290.080294
1760,29.026170,41.099040,24,29.025225,41.099026,29.021240,41.106110,29.027248,41.099083,29.024286,41.101242,291.324167
1761,29.026230,41.099060,61,29.016508,41.106071,29.022871,41.104691,29.027250,41.099125,29.020103,41.104607,802.440623
1762,29.026370,41.099100,36,29.016460,41.106277,29.023014,41.104752,29.026505,41.099102,29.020010,41.104729,822.019882
1763,29.026440,41.099120,33,29.023264,41.106258,29.023024,41.104752,29.026482,41.100113,29.023672,41.104870,680.117882
1764,29.026510,41.099150,47,29.023264,41.106258,29.023024,41.104752,29.026482,41.100113,29.023672,41.104870,679.014612
1765,29.026660,41.099200,28,29.023243,41.105949,29.023026,41.104752,29.023651,41.099144,29.023237,41.104561,661.502490
1766,29.026800,41.099260,9,29.024195,41.100170,29.023024,41.104752,29.023535,41.099125,29.023731,41.101444,353.707818
1767,29.026860,41.099290,21,29.020880,41.105274,29.021263,41.105381,29.023592,41.099350,29.021408,41.104424,731.107946
1768,29.026930,41.099320,19,29.020880,41.105274,29.021263,41.105381,29.023592,41.099350,29.021408,41.104424,732.198503
1769,29.026990,41.099350,42,29.020880,41.105274,29.021263,41.105381,29.021729,41.100178,29.021128,41.104546,758.316349
1770,29.027060,41.099390,6,29.020861,41.105003,29.021450,41.105675,29.021729,41.100178,29.021173,41.104492,751.763892
1771,29.027120,41.099430,16,29.020861,41.105003,29.021450,41.105675,29.021740,41.100204,29.021177,41.104496,751.841518
1772,29.027180,41.099470,25,29.020861,41.105003,29.021450,41.105675,29.021740,41.100204,29.021177,41.104496,751.868496
1773,29.027300,41.099550,9,29.020861,41.105003,29.021450,41.105675,29.021709,41.100204,29.021170,41.104496,752.538381
1774,29.027360,41.099590,14,29.020861,41.105003,29.021450,41.105675,29.021711,41.100182,29.021170,41.104492,752.441850
1775,29.027420,41.099630,23,29.020861,41.105003,29.021450,41.105675,29.021555,41.100182,29.021149,41.104492,753.939247
1776,29.027540,41.099720,17,29.020861,41.105003,29.021450,41.105675,29.021444,41.100185,29.021132,41.104492,754.926293
1777,29.027640,41.099800,18,29.020861,41.105003,29.021450,41.105675,29.021444,41.100185,29.021132,41.104492,754.731972
1779,29.027810,41.099880,14,29.020861,41.105003,29.021450,41.105675,29.021685,41.100075,29.021166,41.104473,755.495514
1780,29.027860,41.099910,18,29.020861,41.105003,29.021450,41.105675,29.021772,41.100052,29.021179,41.104469,755.231923
1781,29.027970,41.099940,22,29.020861,41.105003,29.021450,41.105675,29.021818,41.099941,29.021187,41.104454,758.270757
1782,29.028080,41.099940,5,29.020861,41.105003,29.021450,41.105675,29.021818,41.099941,29.021187,41.104454,765.203546
1783,29.028150,41.099940,14,29.020861,41.105003,29.021450,41.105675,29.021711,41.100021,29.021170,41.104465,771.560509
1784,29.028210,41.099930,17,29.020861,41.105003,29.021450,41.105675,29.021734,41.100052,29.021177,41.104469,775.890646
1785,29.028360,41.099900,16,29.020861,41.105003,29.021450,41.105675,29.021734,41.100052,29.021177,41.104469,787.626455
1786,29.028510,41.099860,6,29.020861,41.105003,29.021450,41.105675,29.021824,41.107132,29.021187,41.105530,879.758620
1787,29.028590,41.099840,12,29.020861,41.105003,29.021450,41.105675,29.021824,41.107132,29.021187,41.105530,886.033536
1788,29.028660,41.099830,7,29.020861,41.105003,29.021450,41.105675,29.021772,41.107140,29.021179,41.105534,891.691311
1789,29.028730,41.099810,14,29.020861,41.105003,29.021450,41.105675,29.021751,41.107140,29.021177,41.105534,897.512512
1790,29.028810,41.099780,22,29.020861,41.105003,29.021450,41.105675,29.021748,41.107250,29.021177,41.105549,905.808350
1791,29.028950,41.099740,16,29.020861,41.105003,29.021450,41.105675,29.021748,41.107250,29.021177,41.105549,917.255027
1792,29.029070,41.099700,6,29.020861,41.105003,29.021450,41.105675,29.021721,41.107296,29.021173,41.105556,928.357324
1793,29.029130,41.099670,14,29.020861,41.105003,29.021450,41.105675,29.021727,41.106670,29.021173,41.105461,926.883047
1794,29.029180,41.099630,21,29.020861,41.105003,29.021450,41.105675,29.021727,41.106670,29.021173,41.105461,932.986615
1796,29.029320,41.099560,17,29.020861,41.105003,29.021450,41.105675,29.022324,41.106762,29.021263,41.105476,942.617085
1797,29.029360,41.099540,7,29.020861,41.105003,29.021450,41.105675,29.022324,41.106762,29.021263,41.105476,946.569869
1798,29.029410,41.099530,14,29.020861,41.105003,29.021450,41.105675,29.022329,41.106712,29.021263,41.105469,949.760383
1800,29.029500,41.099510,14,29.020861,41.105003,29.021450,41.105675,29.022329,41.106712,29.021263,41.105469,956.733616
1801,29.029540,41.099500,18,29.020861,41.105003,29.021450,41.105675,29.021959,41.106724,29.021208,41.105473,963.568667
1802,29.029640,41.099510,6,29.020861,41.105003,29.021450,41.105675,29.022387,41.106762,29.021273,41.105476,965.231822
1803,29.029690,41.099510,15,29.020861,41.105003,29.021450,41.105675,29.022470,41.106770,29.021286,41.105476,967.464558
1804,29.029740,41.099520,21,29.020861,41.105003,29.021450,41.105675,29.022303,41.106754,29.021259,41.105476,971.393782
1805,29.029870,41.099530,20,29.020861,41.105003,29.021450,41.105675,29.022303,41.106754,29.021259,41.105476,978.638400
1806,29.029990,41.099560,6,29.020861,41.105003,29.021450,41.105675,29.022448,41.106762,29.021280,41.105476,982.534164
1807,29.030050,41.099570,77,29.020861,41.105003,29.021450,41.105675,29.022448,41.106762,29.021280,41.105476,985.532594
1809,29.030170,41.099590,15,29.020861,41.105003,29.021450,41.105675,29.022261,41.106754,29.021252,41.105476,993.384481
1810,29.030230,41.099600,18,29.020861,41.105003,29.021450,41.105675,29.022261,41.106754,29.021252,41.105476,996.442170
1811,29.030340,41.099630,18,29.021729,41.104912,29.021450,41.105675,29.021635,41.106705,29.021629,41.105419,973.179001
1812,29.030400,41.099650,22,29.021729,41.104912,29.021450,41.105675,29.021601,41.106712,29.021626,41.105419,975.731867
1813,29.030450,41.099670,6,29.020861,41.105003,29.021450,41.105675,29.021601,41.106712,29.021156,41.105469,1011.012306
1814,29.030510,41.099680,15,29.020861,41.105003,29.021450,41.105675,29.021601,41.106712,29.021156,41.105469,1014.183437
1815,29.030560,41.099700,18,29.020861,41.105003,29.021450,41.105675,29.021652,41.106583,29.021162,41.105450,1014.308998
1816,29.030670,41.099720,5,29.020861,41.105003,29.021450,41.105675,29.021652,41.106583,29.021162,41.105450,1020.090347
1817,29.030720,41.099720,15,29.020807,41.104950,29.021450,41.105930,29.021595,41.106705,29.021128,41.105518,1030.378282
1818,29.030770,41.099730,73,29.030910,41.099899,29.024475,41.107239,29.021767,41.106636,29.027534,41.103195,471.129797
1819,29.030860,41.099740,127,29.030910,41.099899,29.024475,41.107239,29.021767,41.106636,29.027534,41.103195,474.608662
1821,29.030940,41.099750,28,29.022036,41.104904,29.021450,41.105930,29.021658,41.107124,29.021797,41.105556,1001.861697
1822,29.031020,41.099760,5,29.020832,41.105000,29.021450,41.105930,29.021673,41.106861,29.021152,41.105572,1049.381337
1824,29.031080,41.099780,5,29.020832,41.105000,29.021450,41.105930,29.021734,41.106640,29.021162,41.105537,1049.018132
1825,29.031120,41.099780,6,29.020832,41.105000,29.021450,41.105930,29.021690,41.106621,29.021156,41.105534,1051.797552
1826,29.031150,41.099780,5,29.020832,41.105000,29.021450,41.105930,29.021692,41.106640,29.021156,41.105537,1054.051404
1827,29.031150,41.099790,6,29.020832,41.105000,29.021450,41.105930,29.021679,41.106628,29.021152,41.105537,1053.630465
1828,29.031160,41.099790,11,29.020832,41.105000,29.021450,41.105930,29.021633,41.106712,29.021145,41.105549,1055.576665
1829,29.031170,41.099790,5,29.020832,41.105000,29.021450,41.105930,29.021736,41.107128,29.021162,41.105610,1059.231827
1830,29.031170,41.099810,6,29.020832,41.105000,29.021450,41.105930,29.021631,41.106724,29.021145,41.105549,1054.896014
1831,29.031160,41.099830,5,29.020832,41.105000,29.021450,41.105930,29.021646,41.107285,29.021149,41.105633,1058.292657
1832,29.031140,41.099850,6,29.020832,41.105000,29.021450,41.105930,29.021620,41.106884,29.021141,41.105576,1052.254184
1836,29.031040,41.099850,6,29.020832,41.105000,29.021450,41.105930,29.021727,41.106724,29.021158,41.105549,1042.647509
1840,29.030880,41.099840,6,29.020832,41.105000,29.021450,41.105930,29.021790,41.106735,29.021170,41.105549,1031.960547
1847,29.030570,41.099790,5,29.020832,41.105000,29.021450,41.105930,29.021809,41.106712,29.021173,41.105549,1014.858110
1851,29.030320,41.099720,5,29.020832,41.105000,29.021450,41.105930,29.022457,41.106766,29.021269,41.105556,998.166971
1853,29.030080,41.099630,26,29.020832,41.105000,29.021450,41.105930,29.023178,41.107349,29.021378,41.105644,989.401782
1856,29.029960,41.099580,8,29.020832,41.105000,29.021450,41.105930,29.022413,41.106724,29.021263,41.105549,985.655235
1859,29.029830,41.099550,5,29.020832,41.105000,29.021450,41.105930,29.022449,41.106762,29.021269,41.105553,979.835353
1863,29.029580,41.099540,5,29.020832,41.105000,29.021450,41.105930,29.021770,41.106728,29.021166,41.105549,971.327232
1864,29.029460,41.099560,9,29.020832,41.105000,29.021450,41.105930,29.021770,41.106728,29.021166,41.105549,962.514022
1867,29.029340,41.099590,5,29.020832,41.105000,29.021450,41.105930,29.021725,41.107140,29.021158,41.105614,958.441784
1876,29.028860,41.099720,10,29.020889,41.105877,29.021521,41.107265,29.021769,41.100163,29.021217,41.105457,903.917825
1879,29.028720,41.099760,6,29.020889,41.105877,29.021521,41.107265,29.021746,41.099945,29.021214,41.105427,890.303310
1880,29.028570,41.099810,5,29.020889,41.105877,29.021521,41.107265,29.021730,41.099995,29.021212,41.105434,878.219432
1886,29.028150,41.099890,5,29.020889,41.105877,29.021521,41.107265,29.021708,41.099979,29.021208,41.105431,847.298106
1889,29.028090,41.099890,8,29.020889,41.105877,29.021521,41.107265,29.021708,41.099979,29.021208,41.105431,843.854699
1890,29.028020,41.099900,5,29.020889,41.105877,29.021521,41.107265,29.023617,41.099422,29.021494,41.105347,815.971927
1900,29.027700,41.099790,6,29.020889,41.105877,29.021521,41.107265,29.023615,41.099495,29.021494,41.105358,808.545653
1901,29.027610,41.099750,6,29.020889,41.105877,29.021521,41.107265,29.023588,41.099499,29.021490,41.105358,807.350950
1904,29.027510,41.099690,7,29.020889,41.105877,29.021521,41.107265,29.027414,41.099457,29.022064,41.105350,777.416036
1905,29.027470,41.099650,24,29.020889,41.105877,29.021521,41.107265,29.027414,41.099457,29.022064,41.105350,779.068194
1911,29.027320,41.099510,35,29.020971,41.106403,29.021521,41.107265,29.023630,41.099220,29.021542,41.105598,832.318302
1912,29.027210,41.099420,125,29.020985,41.106403,29.021521,41.107265,29.023624,41.099186,29.021549,41.105595,834.490893
1913,29.027090,41.099350,37,29.020985,41.106403,29.021521,41.107265,29.023624,41.099186,29.021549,41.105595,835.276686
1914,29.026970,41.099270,53,29.020826,41.106785,29.021667,41.107265,29.023649,41.099155,29.021515,41.105793,857.331205
1917,29.026840,41.099210,57,29.026505,41.106762,29.022316,41.107273,29.027250,41.099129,29.025312,41.105778,741.430932
1918,29.026700,41.099140,35,29.026505,41.106762,29.022316,41.107273,29.027250,41.099129,29.025312,41.105778,747.184005
1919,29.026630,41.099100,5,29.026505,41.106762,29.022316,41.107273,29.027250,41.099129,29.025312,41.105778,750.693000
1922,29.026550,41.099070,8,29.025488,41.106499,29.022825,41.107491,29.026512,41.099789,29.024811,41.105804,762.883776
1923,29.026370,41.099030,46,29.025488,41.106499,29.022825,41.107491,29.026512,41.099789,29.024811,41.105804,764.528955
1924,29.026190,41.098990,9,29.023657,41.104885,29.021978,41.105305,29.023197,41.098984,29.023067,41.104134,628.945937
1928,29.026010,41.098940,10,29.023657,41.104885,29.021978,41.105305,29.023333,41.098980,29.023085,41.104134,627.368910
1929,29.025840,41.098920,10,29.023657,41.104885,29.021978,41.105305,29.023565,41.099033,29.023123,41.104141,623.621514
1933,29.025660,41.098900,8,29.023657,41.104885,29.021978,41.105305,29.023087,41.098942,29.023050,41.104130,621.279487
1937,29.025290,41.098900,5,29.023386,41.105480,29.022152,41.104713,29.023523,41.099022,29.023024,41.104275,627.090301
1947,29.024810,41.099000,11,29.023386,41.105480,29.022152,41.104713,29.023142,41.099041,29.022968,41.104279,606.896737
1958,29.024110,41.099190,6,29.023386,41.105480,29.022152,41.104710,29.023993,41.099602,29.023096,41.104362,581.394986
1960,29.023850,41.099230,8,29.023386,41.105480,29.022152,41.104710,29.023993,41.099602,29.023096,41.104362,574.192094
1962,29.023850,41.099230,77,29.023386,41.105480,29.022152,41.104710,29.023993,41.099602,29.023096,41.104362,574.192094
1963,29.023770,41.099250,225,29.016697,41.105473,29.022152,41.104836,29.023939,41.099609,29.019485,41.104397,675.580677
1964,29.023600,41.099270,50,29.016689,41.105473,29.022152,41.104839,29.023907,41.099606,29.019474,41.104401,667.075732
1965,29.023440,41.099290,29,29.016689,41.105473,29.022152,41.104839,29.023907,41.099606,29.019474,41.104401,658.306614
1966,29.023370,41.099310,18,29.016689,41.105473,29.022152,41.104839,29.023907,41.099606,29.019474,41.104401,653.437944
1969,29.023300,41.099320,45,29.021709,41.105473,29.022152,41.104839,29.023315,41.099255,29.022087,41.104351,568.582931
1970,29.023230,41.099330,5,29.021709,41.105473,29.022152,41.104839,29.023315,41.099255,29.022087,41.104351,566.467920
1973,29.023170,41.099340,22,29.022432,41.105473,29.022055,41.104843,29.023321,41.099201,29.022449,41.104340,559.198519
1974,29.023110,41.099360,22,29.022432,41.105473,29.022055,41.104843,29.023321,41.099201,29.022449,41.104340,556.465198
1977,29.023040,41.099380,41,29.022429,41.105434,29.022057,41.104851,29.023336,41.099228,29.022448,41.104321,551.599459
1978,29.022990,41.099400,9,29.022558,41.099476,29.021450,41.105610,29.022810,41.099258,29.022249,41.101360,226.643202
1980,29.022930,41.099420,46,29.022758,41.099617,29.021450,41.105610,29.022720,41.099316,29.022343,41.101444,230.402786
1981,29.022820,41.099470,50,29.023026,41.099571,29.021450,41.105610,29.022604,41.099384,29.022470,41.101425,219.368921
1982,29.022700,41.099520,47,29.023026,41.099571,29.021450,41.105610,29.022604,41.099384,29.022470,41.101425,212.716553
1983,29.022590,41.099580,55,29.022629,41.099564,29.021791,41.105858,29.022438,41.099670,29.022339,41.101543,219.334820
1987,29.022490,41.099660,51,29.022659,41.099731,29.021286,41.105534,29.023138,41.103477,29.022303,41.102100,271.810832
1988,29.022380,41.099710,47,29.022659,41.099731,29.021286,41.105534,29.023138,41.103477,29.022303,41.102100,265.876328
1991,29.022270,41.099780,31,29.022694,41.099789,29.022057,41.104874,29.022667,41.103588,29.022491,41.101948,241.759805
1992,29.022210,41.099810,16,29.022694,41.099789,29.022057,41.104874,29.022667,41.103588,29.022491,41.101948,238.877787
1995,29.022160,41.099840,56,29.021952,41.100101,29.021450,41.105560,29.022015,41.106319,29.021809,41.102734,323.099214
1996,29.022060,41.099900,46,29.022478,41.099880,29.021450,41.105389,29.023296,41.103500,29.022282,41.102139,249.603882
1997,29.021970,41.099960,46,29.022478,41.099880,29.021450,41.105389,29.023296,41.103500,29.022282,41.102139,243.643714
2000,29.021880,41.100010,51,29.022133,41.099876,29.021450,41.105595,29.023163,41.103466,29.022074,41.102196,243.584750
2001,29.021810,41.100070,47,29.021904,41.100037,29.021450,41.105560,29.023151,41.103497,29.021950,41.102280,245.982272
2004,29.021750,41.100110,49,29.021732,41.100151,29.021450,41.105591,29.023272,41.101471,29.021873,41.102047,215.629201
2005,29.021710,41.100150,50,29.021658,41.100193,29.021450,41.105553,29.023130,41.101425,29.021814,41.102051,211.537998
2008,29.021670,41.100180,51,29.021587,41.100273,29.021450,41.105705,29.023088,41.101131,29.021770,41.102097,213.277719
2009,29.021630,41.100190,50,29.021723,41.100193,29.021450,41.105560,29.021770,41.103947,29.021646,41.102428,248.906597
2010,29.021600,41.100220,33,29.021723,41.100193,29.021450,41.105560,29.021770,41.103947,29.021646,41.102428,245.597818
2011,29.021580,41.100230,16,29.021723,41.100193,29.021450,41.105560,29.021770,41.103947,29.021646,41.102428,244.518457
2014,29.021560,41.100240,52,29.021484,41.100327,29.021450,41.105587,29.021572,41.104214,29.021486,41.102551,256.990853
2015,29.021530,41.100250,53,29.021509,41.100269,29.021450,41.105556,29.023308,41.103535,29.021763,41.102409,240.901560
2016,29.021510,41.100260,50,29.021479,41.100262,29.021450,41.105694,29.023212,41.103539,29.021732,41.102451,244.375268
2017,29.021490,41.100270,56,29.021479,41.100262,29.021450,41.105694,29.023212,41.103539,29.021732,41.102451,243.400638
2018,29.021470,41.100270,50,29.021473,41.100155,29.021450,41.105591,29.023149,41.103268,29.021719,41.102318,228.659773
2019,29.021460,41.100280,53,29.021017,41.100574,29.021450,41.105572,29.023275,41.103397,29.021490,41.102558,253.329716
2020,29.021450,41.100290,152,29.021555,41.100193,29.021450,41.105515,29.020870,41.104458,29.021421,41.102493,245.005933
2021,29.021430,41.100300,271,29.021473,41.100319,29.021450,41.105618,29.020927,41.104458,29.021383,41.102592,254.940891
2022,29.021430,41.100310,65,29.021473,41.100319,29.021450,41.105530,29.021011,41.106873,29.021397,41.102928,291.139711
