Latitude,Longitude,RSRP_PCI3,RSRP_PCI13,RSRP_PCI23,RSRP_PCI30,RSRP_PCI40,RSRP_PCI48,RSRP_PCI59,RSRP_PCI68,RSRP_PCI76,RSRQ_PCI3,RSRQ_PCI13,RSRQ_PCI23,RSRQ_PCI30,RSRQ_PCI40,RSRQ_PCI48,RSRQ_PCI59,RSRQ_PCI68,RSRQ_PCI76,SINR_Serving,TA_Serving,merged_row_count,NR_UE_Pathloss_DL_0,NR_UE_Throughput_PDCP_DL,App_Throughput_DL,NR_UE_NACK_Rate_DL_0,NR_UE_Ack_As_Nack_DL_0,NR_UE_MCS_DL_0,NR_UE_RB_Num_DL_0,NR_UE_Modulation_Avg_DL_0,NR_UE_RI_DL_0,NR_UE_BLER_DL_0,NR_UE_CCE_AggregationLev_0,NR_UE_Power_Tx_PUSCH_0,NR_UE_Power_Tx_PRACH_0,NR_UE_NACK_Rate_UL_0,NR_UE_RACH_Attempt,NR_UE_RACH_OK,NR_UE_RACH_Fail,NR_UE_RACH_Procedure_Count,NR_UE_RRCReEstAttempt,NR_UE_RRCReEstFail,NR_UE_RRCConnectionAttempt,NR_UE_RRCConnectionSetupOk,NR_UE_RRCConnectionComplete,NR_UE_RRCConnectionDrop,NR_UE_RRCHOAttempt,NR_UE_RRCHOOK,Technology_Mode,NR_UE_RRCReEst_EndResult
41.10786,29.02614,-140.0,-140.0,-140.0,-140.0,-140.0,-140.0,-140.0,-140.0,-140.0,-30.0,-30.0,-30.0,-30.0,-30.0,-30.0,-30.0,-30.0,-30.0,-20.0,0.0,4,150.0,0.0,0.0,0.0,0.0,0.0,0.0,0.0,1.0,0.0,4.0,0.0,0.0,0.0,0,0,0,0.0,0,0,0,0,0,0,0,0,5GSA,Unknown_ReEstResult
41.10654,29.02157,-140.0,-140.0,-140.0,-140.0,-70.6,-140.0,-140.0,-140.0,-140.0,-30.0,-30.0,-30.0,-30.0,-10.4,-30.0,-30.0,-30.0,-30.0,30.3,0.0,5,150.0,0.0,0.0,0.0,0.0,0.0,0.0,0.0,1.0,0.0,4.0,0.0,0.0,0.0,0,0,0,0.0,0,0,0,0,0,0,0,0,5GSA,Unknown_ReEstResult
41.1066,29.02156,-140.0,-140.0,-140.0,-140.0,-76.9,-140.0,-140.0,-140.0,-140.0,-30.0,-30.0,-30.0,-30.0,-10.4,-30.0,-30.0,-30.0,-30.0,27.8,0.0,5,150.0,0.0,0.0,0.0,0.0,0.0,0.0,0.0,1.0,0.0,4.0,0.0,0.0,0.0,0,0,0,0.0,0,0,0,0,0,0,0,0,5GSA,Unknown_ReEstResult
41.10553,29.02012,-140.0,-140.0,-79.6,-140.0,-140.0,-140.0,-140.0,-140.0,-140.0,-30.0,-30.0,-10.4,-30.0,-30.0,-30.0,-30.0,-30.0,-30.0,24.7,0.0,6,150.0,0.0,0.0,0.0,0.0,0.0,0.0,0.0,1.0,0.0,4.0,0.0,0.0,0.0,0,0,0,0.0,0,0,0,0,0,0,0,0,5GSA,Unknown_ReEstResult
41.1064,29.02161,-140.0,-140.0,-93.5,-140.0,-76.0,-140.0,-140.0,-140.0,-140.0,-30.0,-30.0,-21.4,-30.0,-10.5,-30.0,-30.0,-30.0,-30.0,23.0,0.0,6,150.0,0.0,0.0,0.0,0.0,0.0,0.0,0.0,1.0,0.0,4.0,0.0,0.0,0.0,0,0,0,0.0,0,0,0,0,0,0,0,0,5GSA,Unknown_ReEstResult
41.0991,29.02663,-143.8,-140.0,-140.0,-140.0,-140.0,-140.0,-140.0,-140.0,-140.0,-30.9,-30.0,-30.0,-30.0,-30.0,-30.0,-30.0,-30.0,-30.0,-18.0,0.0,7,150.0,0.0,0.0,0.0,0.0,0.0,0.0,0.0,1.0,0.0,4.0,0.0,0.0,0.0,0,0,0,0.0,0,0,0,0,0,0,0,0,5GSA,Unknown_ReEstResult
41.09969,29.02751,-140.0,-140.0,-140.0,-140.0,-140.0,-140.0,-140.0,-140.0,-140.0,-30.0,-30.0,-30.0,-30.0,-30.0,-30.0,-30.0,-30.0,-30.0,-20.0,0.0,8,150.0,0.0,0.0,0.0,0.0,0.0,0.0,0.0,1.0,0.0,4.0,0.0,0.0,0.0,0,0,0,0.0,0,0,0,0,0,0,0,0,5GSA,Unknown_ReEstResult
41.10764,29.02621,-140.0,-140.0,-140.0,-103.0,-140.0,-140.0,-98.0,-140.0,-97.3,-30.0,-30.0,-30.0,-19.0,-30.0,-30.0,-13.9,-30.0,-12.9,3.0,0.0,8,150.0,0.0,0.0,0.0,0.0,0.0,0.0,0.0,1.0,0.0,4.0,0.0,0.0,0.0,0,0,0,0.0,0,0,0,0,0,0,0,0,5GSA,Unknown_ReEstResult
41.09926,29.0268,-140.0,-140.0,-140.0,-140.0,-140.0,-140.0,-140.0,-147.7,-140.0,-30.0,-30.0,-30.0,-30.0,-30.0,-30.0,-30.0,-34.9,-30.0,-17.2,0.0,9,150.0,0.0,0.0,0.0,0.0,0.0,0.0,0.0,1.0,0.0,4.0,0.0,0.0,0.0,0,0,0,0.0,0,0,0,0,0,0,0,0,5GSA,Unknown_ReEstResult
41.10453,29.01627,-140.0,-128.1,-140.0,-140.0,-128.2,-140.0,-140.0,-125.2,-140.0,-30.0,-19.0,-30.0,-30.0,-19.4,-30.0,-30.0,-16.4,-30.0,-8.5,0.0,9,150.0,0.0,0.0,0.0,0.0,0.0,0.0,0.0,1.0,0.0,4.0,0.0,0.0,0.0,0,0,0,0.0,0,0,0,0,0,0,0,0,5GSA,Unknown_ReEstResult
41.1073,29.02906,-140.0,-140.0,-140.0,-140.0,-140.0,-87.1,-140.0,-140.0,-89.3,-30.0,-30.0,-30.0,-30.0,-30.0,-11.6,-30.0,-30.0,-12.5,6.5,0.0,13,102.2,0.0,0.0,0.0,0.0,0.0,0.0,0.0,1.0,0.0,4.0,17.5,0.0,0.5,0,0,0,0.0,0,0,0,0,0,0,0,0,5GSA,Unknown_ReEstResult
41.10761,29.02203,-140.0,-140.0,-140.0,-88.0,-82.7,-140.0,-140.0,-140.0,-140.0,-30.0,-30.0,-30.0,-16.3,-11.0,-30.0,-30.0,-30.0,-30.0,10.9,0.0,13,150.0,0.0,0.0,1.4,0.0,0.0,72.0,0.0,1.0,1.4,4.0,0.0,0.0,0.0,0,0,0,0.0,0,0,0,0,0,0,0,0,5GSA,Unknown_ReEstResult
41.10693,29.01666,-140.0,-140.0,-140.0,-119.2,-119.2,-140.0,-140.0,-121.2,-120.6,-30.0,-30.0,-30.0,-16.3,-16.4,-30.0,-30.0,-18.8,-17.5,-7.5,0.0,14,150.0,0.0,0.0,8.4,0.0,0.0,205.0,0.0,1.0,8.4,4.0,0.0,0.0,0.0,0,0,0,0.0,0,0,0,0,0,0,0,0,5GSA,Unknown_ReEstResult
41.10783,29.02489,-140.0,-140.0,-140.0,-82.4,-140.0,-140.0,-89.6,-140.0,-140.0,-30.0,-30.0,-30.0,-10.5,-30.0,-30.0,-18.9,-30.0,-30.0,22.7,0.0,14,150.0,0.0,0.0,8.5,0.0,0.0,78.0,0.0,1.0,8.5,4.0,0.0,0.0,0.0,0,0,0,0.0,0,0,0,0,0,0,0,0,5GSA,Unknown_ReEstResult
41.10689,29.01657,-140.0,-140.0,-140.0,-118.9,-118.4,-140.0,-140.0,-120.1,-121.3,-30.0,-30.0,-30.0,-16.1,-15.4,-30.0,-30.0,-16.6,-17.9,-8.0,0.0,15,150.0,0.0,0.0,15.8,8.0,0.0,242.0,0.0,1.0,15.8,4.0,0.0,0.0,0.0,0,0,0,0.0,0,0,0,0,0,0,0,0,5GSA,Unknown_ReEstResult
41.10701,29.01684,-140.0,-140.0,-140.0,-120.1,-117.2,-140.0,-140.0,-118.5,-116.6,-30.0,-30.0,-30.0,-18.1,-15.9,-30.0,-30.0,-16.3,-14.8,-5.9,0.0,15,150.0,0.0,0.0,10.1,0.0,0.0,142.0,0.0,1.0,10.1,4.0,0.0,0.0,0.0,0,0,0,0.0,0,0,0,0,0,0,0,0,5GSA,Unknown_ReEstResult
41.1072,29.02899,-140.0,-140.0,-140.0,-140.0,-140.0,-86.3,-140.0,-140.0,-89.0,-30.0,-30.0,-30.0,-30.0,-30.0,-11.8,-30.0,-30.0,-12.0,6.4,0.0,15,101.8,0.0,0.0,0.0,0.0,0.0,0.0,0.0,1.0,0.0,4.0,17.5,0.0,0.0,0,0,0,0.0,0,0,0,0,0,0,0,0,5GSA,Unknown_ReEstResult
41.10745,29.02914,-140.0,-140.0,-140.0,-140.0,-140.0,-86.2,-140.0,-140.0,-90.8,-30.0,-30.0,-30.0,-30.0,-30.0,-11.9,-30.0,-30.0,-15.4,-1.3,0.0,15,107.6,0.0,0.0,0.0,0.0,0.0,0.0,0.0,1.0,0.0,4.0,17.5,0.0,0.0,0,0,0,0.0,0,0,0,0,0,0,0,0,5GSA,Unknown_ReEstResult
41.10764,29.02351,-140.0,-140.0,-140.0,-62.4,-75.6,-140.0,-140.0,-140.0,-140.0,-30.0,-30.0,-30.0,-10.3,-20.3,-30.0,-30.0,-30.0,-30.0,-16.3,0.0,15,150.0,0.0,0.0,0.0,0.0,0.0,0.0,0.0,1.0,0.0,4.0,0.0,0.0,0.0,0,0,0,0.0,0,0,0,0,0,0,0,0,5GSA,Unknown_ReEstResult
41.09963,29.03034,-140.0,-140.0,-140.0,-140.0,-140.0,-140.0,-140.0,-140.0,-140.0,-30.0,-30.0,-30.0,-30.0,-30.0,-30.0,-30.0,-30.0,-30.0,-20.0,0.0,18,150.0,0.0,0.0,0.0,0.0,0.0,25.0,0.0,1.0,0.0,4.0,0.0,0.0,0.0,0,0,0,0.0,0,0,0,0,0,0,0,0,5GSA,Unknown_ReEstResult
41.09981,29.02221,-140.0,-140.0,-140.0,-140.0,-140.0,-140.0,-140.0,-120.3,-140.0,-30.0,-30.0,-30.0,-30.0,-30.0,-30.0,-30.0,-12.8,-30.0,3.5,0.0,18,136.4,0.0,0.0,0.0,0.0,0.0,16.0,0.0,1.0,0.0,4.0,22.2,0.0,7.0,0,0,0,0.0,0,0,0,0,0,0,0,0,5GSA,Unknown_ReEstResult
41.10023,29.02158,-140.0,-140.0,-140.0,-140.0,-140.0,-140.0,-124.7,-120.6,-140.0,-30.0,-30.0,-30.0,-30.0,-30.0,-30.0,-17.5,-13.7,-30.0,-0.7,0.0,18,137.6,0.0,0.0,0.0,0.0,0.0,0.0,0.0,1.0,0.0,4.0,22.2,0.0,8.5,0,0,0,0.0,0,0,0,0,0,0,0,0,5GSA,Unknown_ReEstResult
41.10759,29.02332,-140.0,-140.0,-140.0,-75.5,-84.0,-140.0,-140.0,-140.0,-140.0,-30.0,-30.0,-30.0,-10.4,-18.8,-30.0,-30.0,-30.0,-30.0,-14.1,0.0,18,150.0,0.0,0.0,0.0,0.0,0.0,0.0,0.0,1.0,0.0,4.0,0.0,0.0,0.0,0,0,0,0.0,0,0,0,0,0,0,0,0,5GSA,Unknown_ReEstResult
41.10785,29.0291,-140.0,-140.0,-140.0,-140.0,-140.0,-80.0,-140.0,-140.0,-89.4,-30.0,-30.0,-30.0,-30.0,-30.0,-10.7,-30.0,-30.0,-18.9,21.0,0.0,18,95.7,0.0,0.0,4.6,0.0,0.0,62.0,0.0,1.0,4.6,4.0,17.5,0.0,0.0,0,0,0,0.0,0,0,0,0,0,0,0,0,5GSA,Unknown_ReEstResult
41.09932,29.02693,-132.2,-140.0,-140.0,-140.0,-140.0,-140.0,-140.0,-140.0,-140.0,-20.1,-30.0,-30.0,-30.0,-30.0,-30.0,-30.0,-30.0,-30.0,-16.2,0.0,19,150.0,0.0,0.0,0.0,0.0,0.0,0.0,0.0,1.0,0.0,4.0,0.0,0.0,0.0,0,0,0,35.0,0,0,0,0,0,0,0,0,5GSA,Unknown_ReEstResult
41.10753,29.0231,-140.0,-140.0,-140.0,-140.0,-140.0,-140.0,-140.0,-140.0,-140.0,-30.0,-30.0,-30.0,-30.0,-30.0,-30.0,-30.0,-30.0,-30.0,-20.0,0.0,19,150.0,66580.48,95001.07,0.0,0.0,0.0,0.0,0.0,1.0,0.0,4.0,0.0,0.0,0.0,0,0,0,0.0,0,0,0,0,0,0,0,0,5GSA,Unknown_ReEstResult
41.09931,29.02337,-140.0,-140.0,-140.0,-140.0,-140.0,-140.0,-140.0,-123.2,-140.0,-30.0,-30.0,-30.0,-30.0,-30.0,-30.0,-30.0,-13.9,-30.0,0.4,0.0,20,139.9,0.0,0.0,0.0,0.0,0.0,0.0,0.0,1.0,0.0,4.0,22.4,0.0,14.0,0,0,0,0.0,0,0,0,0,0,0,0,0,5GSA,Unknown_ReEstResult
41.10439,29.02033,-84.1,-68.5,-140.0,-140.0,-140.0,-140.0,-140.0,-140.0,-140.0,-18.7,-10.5,-30.0,-30.0,-30.0,-30.0,-30.0,-30.0,-30.0,15.7,0.0,20,150.0,0.0,88203.03,0.0,0.0,0.0,0.0,0.0,1.0,0.0,4.0,0.0,0.0,0.0,0,0,0,0.0,0,0,0,0,0,0,0,0,5GSA,Unknown_ReEstResult
41.10443,29.02055,-140.0,-68.9,-140.0,-140.0,-140.0,-140.0,-140.0,-140.0,-140.0,-30.0,-10.7,-30.0,-30.0,-30.0,-30.0,-30.0,-30.0,-30.0,15.6,0.0,20,150.0,0.0,92254.28,0.0,0.0,0.0,0.0,0.0,1.0,0.0,4.0,0.0,0.0,0.0,0,0,0,0.0,0,0,0,0,0,0,0,0,5GSA,Unknown_ReEstResult
41.09929,29.02686,-140.0,-140.0,-140.0,-140.0,-140.0,-140.0,-140.0,-140.8,-140.0,-30.0,-30.0,-30.0,-30.0,-30.0,-30.0,-30.0,-28.0,-30.0,-16.9,0.0,21,150.0,0.0,0.0,0.0,0.0,0.0,0.0,0.0,1.0,0.0,4.0,0.0,0.0,0.0,0,0,0,0.0,0,0,0,0,0,0,0,0,5GSA,Unknown_ReEstResult
41.10446,29.02074,-140.0,-61.1,-140.0,-140.0,-140.0,-140.0,-140.0,-140.0,-140.0,-30.0,-10.4,-30.0,-30.0,-30.0,-30.0,-30.0,-30.0,-30.0,27.3,0.0,21,150.0,0.0,94213.23,0.0,0.0,0.0,0.0,0.0,1.0,0.0,4.0,0.0,0.0,0.0,0,0,0,0.0,0,0,0,0,0,0,0,0,5GSA,Unknown_ReEstResult
41.10453,29.02148,-140.0,-140.0,-140.0,-140.0,-140.0,-140.0,-140.0,-140.0,-140.0,-30.0,-30.0,-30.0,-30.0,-30.0,-30.0,-30.0,-30.0,-30.0,-20.0,0.0,21,150.0,0.0,81428.34,0.0,0.0,0.0,0.0,0.0,1.0,0.0,4.0,0.0,0.0,0.0,0,0,0,0.0,0,0,0,0,0,0,0,0,5GSA,Unknown_ReEstResult
41.10437,29.02022,-84.6,-66.8,-140.0,-140.0,-140.0,-140.0,-140.0,-140.0,-140.0,-22.4,-10.4,-30.0,-30.0,-30.0,-30.0,-30.0,-30.0,-30.0,17.8,0.0,22,150.0,0.0,92460.22,0.0,0.0,0.0,0.0,0.0,1.0,0.0,4.0,0.0,0.0,0.0,0,0,0,0.0,0,0,0,0,0,0,0,0,5GSA,Unknown_ReEstResult
41.10756,29.02266,-140.0,-140.0,-140.0,-84.3,-85.6,-140.0,-140.0,-140.0,-140.0,-30.0,-30.0,-30.0,-11.8,-13.3,-30.0,-30.0,-30.0,-30.0,5.3,0.0,22,150.0,95790.03,0.0,5.3,0.0,0.0,145.0,0.0,1.0,5.3,4.0,0.0,0.0,0.0,0,0,0,0.0,0,0,0,0,0,0,0,0,5GSA,Unknown_ReEstResult
41.09934,29.02317,-140.0,-140.0,-140.0,-140.0,-140.0,-140.0,-140.0,-122.0,-140.0,-30.0,-30.0,-30.0,-30.0,-30.0,-30.0,-30.0,-13.2,-30.0,2.4,0.0,23,137.1,0.0,0.0,33.3,0.0,0.0,16.0,0.0,1.0,33.3,4.0,22.4,0.0,10.0,0,0,0,0.0,0,0,0,0,0,0,0,0,5GSA,Unknown_ReEstResult
41.10514,29.02288,-82.3,-95.3,-99.9,-140.0,-140.0,-140.0,-140.0,-140.0,-140.0,-11.1,-19.8,-22.3,-30.0,-30.0,-30.0,-30.0,-30.0,-30.0,13.9,0.0,23,150.0,0.0,92782.87,0.0,0.0,0.0,0.0,0.0,1.0,0.0,4.0,0.0,0.0,0.0,0,0,0,0.0,0,0,0,0,0,0,0,0,5GSA,Unknown_ReEstResult
41.10764,29.02353,-140.0,-140.0,-140.0,-61.2,-75.2,-140.0,-140.0,-140.0,-140.0,-30.0,-30.0,-30.0,-10.3,-20.6,-30.0,-30.0,-30.0,-30.0,-18.1,0.0,23,150.0,0.0,0.0,0.0,0.0,0.0,0.0,0.0,1.0,0.0,4.0,0.0,0.0,0.0,0,0,0,0.0,0,0,0,0,0,0,0,0,5GSA,Unknown_ReEstResult
41.10767,29.02368,-140.0,-140.0,-140.0,-140.0,-140.0,-140.0,-140.0,-140.0,-140.0,-30.0,-30.0,-30.0,-30.0,-30.0,-30.0,-30.0,-30.0,-30.0,-20.0,0.0,23,150.0,6840.68,1099.63,0.0,0.0,0.0,0.0,0.0,1.0,0.0,4.0,0.0,0.0,0.0,0,0,0,0.0,0,0,0,0,0,0,0,0,5GSA,Unknown_ReEstResult
41.10785,29.02467,-140.0,-140.0,-140.0,-68.4,-140.0,-140.0,-140.0,-140.0,-140.0,-30.0,-30.0,-30.0,-10.4,-30.0,-30.0,-30.0,-30.0,-30.0,32.7,0.0,23,95.5,96998.36,0.0,0.0,0.0,0.0,0.0,0.0,1.0,0.0,4.0,17.5,0.0,0.0,0,0,0,0.0,0,0,0,0,0,0,0,0,5GSA,Unknown_ReEstResult
41.09904,29.02617,-140.0,-140.0,-140.0,-140.0,-140.0,-140.0,-140.0,-127.7,-140.0,-30.0,-30.0,-30.0,-30.0,-30.0,-30.0,-30.0,-16.2,-30.0,-7.0,0.0,24,150.0,0.0,99.17,0.0,0.0,0.0,0.0,0.0,1.0,0.0,4.0,0.0,0.0,0.0,0,0,0,0.0,0,0,0,0,0,0,0,0,5GSA,Unknown_ReEstResult
41.09936,29.02311,-140.0,-140.0,-140.0,-140.0,-140.0,-140.0,-140.0,-120.2,-140.0,-30.0,-30.0,-30.0,-30.0,-30.0,-30.0,-30.0,-12.5,-30.0,1.5,0.0,24,137.2,0.0,0.0,0.0,0.0,0.0,16.0,0.0,1.0,0.0,4.0,22.3,0.0,8.4,0,0,0,0.0,0,0,0,0,0,0,0,0,5GSA,Unknown_ReEstResult
41.10469,29.02284,-80.1,-89.4,-140.0,-140.0,-140.0,-140.0,-140.0,-108.0,-140.0,-11.2,-20.1,-30.0,-30.0,-30.0,-30.0,-30.0,-24.7,-30.0,11.0,0.0,24,150.0,97075.2,92938.86,0.0,0.0,0.0,0.0,0.0,1.0,0.0,4.0,0.0,0.0,0.0,0,0,0,0.0,0,0,0,0,0,0,0,0,5GSA,Unknown_ReEstResult
41.10477,29.02304,-81.1,-140.0,-140.0,-140.0,-140.0,-140.0,-140.0,-83.3,-140.0,-11.6,-30.0,-30.0,-30.0,-30.0,-30.0,-30.0,-15.1,-30.0,6.7,0.0,24,150.0,0.0,92044.53,0.0,0.0,0.0,0.0,0.0,1.0,0.0,4.0,0.0,0.0,0.0,0,0,0,0.0,0,0,0,0,0,0,0,0,5GSA,Unknown_ReEstResult
41.10479,29.02301,-77.0,-104.3,-140.0,-140.0,-140.0,-140.0,-140.0,-88.7,-140.0,-11.0,-26.1,-30.0,-30.0,-30.0,-30.0,-30.0,-20.4,-30.0,10.0,0.0,24,150.0,0.0,92982.64,0.0,0.0,0.0,0.0,0.0,1.0,0.0,4.0,0.0,0.0,0.0,0,0,0,0.0,0,0,0,0,0,0,0,0,5GSA,Unknown_ReEstResult
41.10484,29.02297,-75.2,-140.0,-140.0,-140.0,-140.0,-140.0,-140.0,-100.1,-140.0,-10.7,-30.0,-30.0,-30.0,-30.0,-30.0,-30.0,-24.5,-30.0,14.4,0.0,24,150.0,0.0,92549.02,0.0,0.0,0.0,0.0,0.0,1.0,0.0,4.0,0.0,0.0,0.0,0,0,0,0.0,0,0,0,0,0,0,0,0,5GSA,Unknown_ReEstResult
41.10543,29.02281,-83.0,-140.0,-90.1,-140.0,-107.8,-140.0,-140.0,-140.0,-140.0,-11.5,-30.0,-15.7,-30.0,-25.9,-30.0,-30.0,-30.0,-30.0,6.3,0.0,24,150.0,0.0,92798.14,0.0,0.0,0.0,0.0,0.0,1.0,0.0,4.0,0.0,0.0,0.0,0,0,0,0.0,0,0,0,0,0,0,0,0,5GSA,Unknown_ReEstResult
41.10546,29.02769,-140.0,-140.0,-140.0,-140.0,-140.0,-140.0,-140.0,-75.7,-81.3,-30.0,-30.0,-30.0,-30.0,-30.0,-30.0,-30.0,-11.0,-15.0,-2.3,0.0,24,150.0,97484.8,0.0,2.5,0.0,0.0,31.0,0.0,1.0,2.5,4.0,0.0,0.0,0.0,0,0,0,0.0,0,0,0,0,0,0,0,0,5GSA,Unknown_ReEstResult
41.1055,29.0228,-86.8,-140.0,-86.3,-140.0,-91.9,-140.0,-140.0,-140.0,-140.0,-13.3,-30.0,-13.5,-30.0,-18.2,-30.0,-30.0,-30.0,-30.0,5.1,0.0,24,150.0,0.0,92028.67,0.0,0.0,0.0,0.0,0.0,1.0,0.0,4.0,0.0,0.0,0.0,0,0,0,0.0,0,0,0,0,0,0,0,0,5GSA,Unknown_ReEstResult
41.1074,29.02183,-140.0,-140.0,-140.0,-140.0,-73.7,-140.0,-140.0,-140.0,-140.0,-30.0,-30.0,-30.0,-30.0,-10.4,-30.0,-30.0,-30.0,-30.0,27.3,0.0,24,150.0,95206.53,0.0,12.0,0.0,0.0,57.0,0.0,1.0,12.0,4.0,0.0,0.0,0.0,0,0,0,0.0,0,0,0,0,0,0,0,0,5GSA,Unknown_ReEstResult
41.10467,29.02269,-81.5,-87.9,-140.0,-140.0,-140.0,-140.0,-140.0,-94.8,-140.0,-11.2,-17.5,-30.0,-30.0,-30.0,-30.0,-30.0,-21.0,-30.0,11.7,0.0,25,150.0,0.0,94207.55,10.7,0.0,0.0,66.0,0.0,1.0,10.7,4.0,0.0,0.0,0.0,0,0,0,0.0,0,0,0,0,0,0,0,0,5GSA,Unknown_ReEstResult
41.10521,29.02287,-78.0,-100.8,-129.6,-140.0,-140.0,-140.0,-140.0,-140.0,-140.0,-10.8,-24.9,-34.5,-30.0,-30.0,-30.0,-30.0,-30.0,-30.0,11.7,0.0,25,150.0,0.0,93092.51,0.0,0.0,0.0,0.0,0.0,1.0,0.0,4.0,0.0,0.0,0.0,0,0,0,0.0,0,0,0,0,0,0,0,0,5GSA,Unknown_ReEstResult
41.10699,29.02152,-140.0,-140.0,-140.0,-140.0,-74.9,-140.0,-140.0,-140.0,-140.0,-30.0,-30.0,-30.0,-30.0,-10.3,-30.0,-30.0,-30.0,-30.0,29.7,0.0,25,150.0,95068.16,0.0,7.6,0.0,0.0,61.0,0.0,1.0,7.6,4.0,0.0,0.0,0.0,0,0,0,0.0,0,0,0,0,0,0,0,0,5GSA,Unknown_ReEstResult
41.10774,29.02393,-140.0,-140.0,-140.0,-66.0,-140.0,-140.0,-140.0,-140.0,-140.0,-30.0,-30.0,-30.0,-10.4,-30.0,-30.0,-30.0,-30.0,-30.0,35.3,0.0,25,85.9,97286.76,0.0,0.8,0.0,0.0,25.0,0.0,1.0,0.8,4.0,17.5,0.0,0.0,0,0,0,0.0,0,0,0,0,0,0,0,0,5GSA,Unknown_ReEstResult
41.10788,29.02691,-140.0,-140.0,-140.0,-140.0,-140.0,-140.0,-79.9,-140.0,-140.0,-30.0,-30.0,-30.0,-30.0,-30.0,-30.0,-10.7,-30.0,-30.0,11.4,0.0,25,150.0,97622.91,0.0,2.5,0.0,0.0,27.0,0.0,1.0,2.5,4.0,0.0,0.0,0.0,0,0,0,0.0,0,0,0,0,0,0,0,0,5GSA,Unknown_ReEstResult
41.099,29.02604,-140.0,-140.0,-140.0,-140.0,-132.2,-140.0,-140.0,-137.5,-140.0,-30.0,-30.0,-30.0,-30.0,-19.4,-30.0,-30.0,-25.2,-30.0,-9.9,0.0,26,150.0,0.0,3768.54,0.0,0.0,0.0,0.0,0.0,1.0,0.0,4.0,0.0,0.0,0.0,0,0,0,0.0,0,0,0,0,0,0,0,0,5GSA,Unknown_ReEstResult
41.09965,29.02747,-126.4,-140.0,-140.0,-140.0,-140.0,-140.0,-140.0,-140.0,-140.0,-14.0,-30.0,-30.0,-30.0,-30.0,-30.0,-30.0,-30.0,-30.0,-20.0,0.0,26,150.0,0.0,0.0,100.0,0.0,0.0,30.0,0.0,1.0,100.0,4.0,0.0,0.0,0.0,0,0,0,0.0,0,0,0,0,0,0,0,0,5GSA,Unknown_ReEstResult
41.10488,29.02451,-94.4,-140.0,-140.0,-140.0,-140.0,-140.0,-140.0,-82.2,-140.0,-17.0,-30.0,-30.0,-30.0,-30.0,-30.0,-30.0,-10.6,-30.0,10.7,0.0,26,150.0,0.0,93347.35,0.3,0.0,0.0,103.0,0.0,1.0,0.3,4.0,0.0,0.0,0.0,0,0,0,0.0,0,0,0,0,0,0,0,0,5GSA,Unknown_ReEstResult
41.10493,29.02294,-79.8,-111.9,-94.8,-140.0,-140.0,-140.0,-140.0,-98.4,-140.0,-11.3,-28.9,-22.6,-30.0,-30.0,-30.0,-30.0,-23.3,-30.0,11.6,0.0,26,150.0,0.0,92909.48,0.0,0.0,0.0,0.0,0.0,1.0,0.0,4.0,0.0,0.0,0.0,0,0,0,0.0,0,0,0,0,0,0,0,0,5GSA,Unknown_ReEstResult
41.10505,29.02562,-140.0,-140.0,-140.0,-140.0,-140.0,-140.0,-140.0,-76.0,-85.2,-30.0,-30.0,-30.0,-30.0,-30.0,-30.0,-30.0,-10.4,-20.4,26.2,0.0,26,150.0,0.0,93397.32,7.4,0.0,0.0,87.0,0.0,1.0,7.4,4.0,0.0,0.0,0.0,0,0,0,0.0,0,0,0,0,0,0,0,0,5GSA,Unknown_ReEstResult
41.10536,29.02283,-81.2,-96.1,-87.8,-140.0,-91.5,-140.0,-140.0,-140.0,-140.0,-11.5,-21.6,-15.1,-30.0,-17.2,-30.0,-30.0,-30.0,-30.0,7.5,0.0,26,150.0,0.0,92609.6,0.0,0.0,0.0,0.0,0.0,1.0,0.0,4.0,0.0,0.0,0.0,0,0,0,0.0,0,0,0,0,0,0,0,0,5GSA,Unknown_ReEstResult
41.10785,29.02448,-140.0,-140.0,-140.0,-71.7,-140.0,-140.0,-140.0,-140.0,-140.0,-30.0,-30.0,-30.0,-10.3,-30.0,-30.0,-30.0,-30.0,-30.0,31.1,0.0,26,91.2,97259.52,0.0,5.6,0.0,0.0,48.0,0.0,1.0,5.6,4.0,17.5,0.0,0.0,0,0,0,0.0,0,0,0,0,0,0,0,0,5GSA,Unknown_ReEstResult
41.09963,29.03008,-140.0,-140.0,-140.0,-140.0,-140.0,-140.0,-140.0,-140.0,-140.0,-30.0,-30.0,-30.0,-30.0,-30.0,-30.0,-30.0,-30.0,-30.0,-20.0,0.0,27,150.0,0.0,0.0,0.0,1.0,0.0,36.0,0.0,1.0,0.0,4.0,0.0,0.0,0.0,0,0,0,0.0,0,0,0,0,0,0,0,0,5GSA,Unknown_ReEstResult
41.10471,29.023,-80.7,-91.8,-140.0,-140.0,-140.0,-140.0,-140.0,-97.7,-140.0,-11.5,-19.8,-30.0,-30.0,-30.0,-30.0,-30.0,-20.2,-30.0,7.7,0.0,27,150.0,95252.48,92525.48,1.4,0.0,0.0,80.0,0.0,1.0,1.4,4.0,0.0,0.0,0.0,0,0,0,0.0,0,0,0,0,0,0,0,0,5GSA,Unknown_ReEstResult
41.10473,29.02323,-88.3,-140.0,-98.9,-140.0,-140.0,-140.0,-140.0,-86.2,-140.0,-13.2,-30.0,-20.7,-30.0,-30.0,-30.0,-30.0,-13.1,-30.0,4.0,0.0,27,150.0,96215.04,93235.66,0.0,0.0,0.0,0.0,0.0,1.0,0.0,4.0,0.0,0.0,0.0,0,0,0,0.0,0,0,0,0,0,0,0,0,5GSA,Unknown_ReEstResult
41.10498,29.02514,-140.0,-140.0,-140.0,-140.0,-140.0,-140.0,-140.0,-76.8,-140.0,-30.0,-30.0,-30.0,-30.0,-30.0,-30.0,-30.0,-10.4,-30.0,23.0,0.0,27,150.0,0.0,96544.21,10.0,0.0,0.0,79.0,0.0,1.0,10.0,4.0,0.0,0.0,0.0,0,0,0,0.0,0,0,0,0,0,0,0,0,5GSA,Unknown_ReEstResult
41.10748,29.01903,-140.0,-140.0,-118.4,-140.0,-113.6,-140.0,-140.0,-116.7,-108.4,-30.0,-30.0,-19.7,-30.0,-16.3,-30.0,-30.0,-18.9,-13.1,-0.8,0.0,27,150.0,98897.92,71496.22,8.0,0.0,0.0,110.0,0.0,1.0,8.0,4.0,0.0,0.0,0.0,0,0,0,0.0,0,0,0,0,0,0,0,0,5GSA,Unknown_ReEstResult
41.10753,29.02274,-140.0,-140.0,-140.0,-82.1,-84.6,-140.0,-140.0,-140.0,-140.0,-30.0,-30.0,-30.0,-11.7,-12.9,-30.0,-30.0,-30.0,-30.0,5.2,0.0,27,101.1,96460.8,0.0,0.0,0.0,0.0,70.0,0.0,1.0,0.0,4.0,17.5,0.0,0.0,0,0,0,0.0,0,0,0,0,0,0,0,0,5GSA,Unknown_ReEstResult
41.10761,29.02344,-140.0,-140.0,-140.0,-64.2,-140.0,-140.0,-140.0,-140.0,-140.0,-30.0,-30.0,-30.0,-10.3,-30.0,-30.0,-30.0,-30.0,-30.0,35.5,0.0,27,86.5,90310.45,0.0,2.6,0.0,0.0,23.0,0.0,1.0,2.6,4.0,17.5,0.0,1.2,0,0,0,0.0,0,0,0,0,0,0,0,0,5GSA,Unknown_ReEstResult
41.10763,29.02352,-140.0,-140.0,-140.0,-61.3,-140.0,-140.0,-140.0,-140.0,-140.0,-30.0,-30.0,-30.0,-10.4,-30.0,-30.0,-30.0,-30.0,-30.0,35.3,0.0,27,83.1,92369.64,0.0,0.1,0.0,0.0,24.0,0.0,1.0,0.1,4.0,16.6,0.0,0.0,0,0,0,0.0,0,0,0,0,0,0,0,0,5GSA,Unknown_ReEstResult
41.10784,29.02512,-140.0,-140.0,-140.0,-89.3,-140.0,-140.0,-96.2,-140.0,-140.0,-30.0,-30.0,-30.0,-10.8,-30.0,-30.0,-18.0,-30.0,-30.0,15.2,0.0,27,106.0,96517.18,0.0,0.0,0.0,0.0,0.0,0.0,1.0,0.0,4.0,17.5,0.0,0.0,0,0,0,0.0,0,0,0,0,0,0,0,0,5GSA,Unknown_ReEstResult
41.0992,29.02666,-140.0,-140.0,-140.0,-140.0,-140.0,-140.0,-140.0,-145.3,-140.0,-30.0,-30.0,-30.0,-30.0,-30.0,-30.0,-30.0,-32.4,-30.0,-16.2,0.0,28,150.0,0.0,0.0,0.0,0.0,0.0,0.0,0.0,1.0,0.0,4.0,0.0,0.0,0.0,0,0,0,0.0,0,0,0,0,0,0,0,0,5GSA,Unknown_ReEstResult
41.09975,29.03094,-140.0,-140.0,-140.0,-140.0,-140.0,-140.0,-140.0,-140.0,-140.0,-30.0,-30.0,-30.0,-30.0,-30.0,-30.0,-30.0,-30.0,-30.0,-20.0,0.0,28,121.0,0.86,0.0,0.0,0.0,0.0,32.0,0.0,1.0,0.0,4.0,22.3,0.0,0.0,0,0,0,0.0,0,0,0,0,0,0,0,0,5GSA,Unknown_ReEstResult
41.10468,29.02277,-79.3,-90.9,-140.0,-140.0,-140.0,-140.0,-140.0,-99.5,-140.0,-11.2,-20.1,-30.0,-30.0,-30.0,-30.0,-30.0,-23.4,-30.0,10.4,0.0,28,150.0,97566.72,94133.21,8.9,0.0,0.0,69.0,0.0,1.0,8.9,4.0,0.0,0.0,0.0,0,0,0,0.0,0,0,0,0,0,0,0,0,5GSA,Unknown_ReEstResult
41.10753,29.02295,-140.0,-140.0,-140.0,-85.0,-87.2,-140.0,-140.0,-140.0,-140.0,-30.0,-30.0,-30.0,-11.6,-14.1,-30.0,-30.0,-30.0,-30.0,9.9,0.0,28,103.6,94919.82,0.0,11.1,0.0,0.0,64.0,0.0,1.0,11.1,4.0,17.5,0.0,0.0,0,0,0,0.0,0,0,0,0,0,0,0,0,5GSA,Unknown_ReEstResult
41.10761,29.02341,-140.0,-140.0,-140.0,-68.3,-84.6,-140.0,-140.0,-140.0,-140.0,-30.0,-30.0,-30.0,-10.4,-21.5,-30.0,-30.0,-30.0,-30.0,-17.2,0.0,28,152.0,0.0,0.0,0.0,0.0,0.0,0.0,0.0,1.0,0.0,4.0,22.5,0.0,0.0,0,0,0,0.0,0,0,0,0,0,0,0,0,5GSA,Unknown_ReEstResult
41.10782,29.02543,-140.0,-140.0,-140.0,-94.2,-140.0,-140.0,-93.0,-140.0,-102.0,-30.0,-30.0,-30.0,-12.9,-30.0,-30.0,-13.5,-30.0,-17.3,1.2,0.0,28,111.6,88802.51,0.0,6.9,0.0,0.0,37.0,0.0,1.0,6.9,4.0,18.2,0.0,7.0,0,0,0,0.0,0,0,0,0,0,0,0,0,5GSA,Unknown_ReEstResult
41.10802,29.02155,-140.0,-140.0,-140.0,-96.9,-91.6,-140.0,-140.0,-140.0,-140.0,-30.0,-30.0,-30.0,-14.2,-11.5,-30.0,-30.0,-30.0,-30.0,6.9,0.0,28,150.0,0.0,92788.98,6.9,0.0,0.0,87.0,0.0,1.0,6.9,4.0,0.0,0.0,0.0,0,0,0,0.0,0,0,0,0,0,0,0,0,5GSA,Unknown_ReEstResult
41.10496,29.02502,-140.0,-140.0,-140.0,-140.0,-140.0,-140.0,-140.0,-76.6,-140.0,-30.0,-30.0,-30.0,-30.0,-30.0,-30.0,-30.0,-10.4,-30.0,22.1,0.0,29,150.0,0.0,92962.71,12.8,0.0,0.0,81.0,0.0,1.0,12.8,4.0,0.0,0.0,0.0,0,0,0,0.0,0,0,0,0,0,0,0,0,5GSA,Unknown_ReEstResult
41.10532,29.02746,-140.0,-140.0,-140.0,-140.0,-140.0,-140.0,-140.0,-63.2,-140.0,-30.0,-30.0,-30.0,-30.0,-30.0,-30.0,-30.0,-10.4,-30.0,27.3,0.0,29,79.1,98590.72,0.0,10.9,0.0,0.0,33.0,0.0,1.0,10.9,4.0,14.8,0.0,0.0,0,0,0,0.0,0,0,0,0,0,0,0,0,5GSA,Unknown_ReEstResult
41.09929,29.02344,-140.0,-140.0,-140.0,-140.0,-140.0,-140.0,-140.0,-123.0,-140.0,-30.0,-30.0,-30.0,-30.0,-30.0,-30.0,-30.0,-13.7,-30.0,0.6,0.0,30,140.3,0.0,0.0,0.0,0.0,0.0,16.0,0.0,1.0,0.0,4.0,22.5,0.0,17.9,0,0,0,0.0,0,0,0,0,0,0,0,0,5GSA,Unknown_ReEstResult
41.10486,29.02433,-105.1,-140.0,-140.0,-140.0,-140.0,-140.0,-140.0,-86.5,-140.0,-26.7,-30.0,-30.0,-30.0,-30.0,-30.0,-30.0,-10.8,-30.0,11.3,0.0,30,150.0,95718.49,92858.34,4.1,0.0,0.0,107.0,0.0,1.0,4.1,4.0,0.0,0.0,0.0,0,0,0,0.0,0,0,0,0,0,0,0,0,5GSA,Unknown_ReEstResult
41.10686,29.02151,-140.0,-140.0,-140.0,-140.0,-76.4,-140.0,-140.0,-140.0,-140.0,-30.0,-30.0,-30.0,-30.0,-10.4,-30.0,-30.0,-30.0,-30.0,29.9,0.0,30,93.3,96337.92,0.0,8.6,0.0,0.0,63.0,0.0,1.0,8.6,4.0,17.5,0.0,0.0,0,0,0,0.0,0,0,0,0,0,0,0,0,5GSA,Unknown_ReEstResult
41.10802,29.02178,-140.0,-140.0,-140.0,-91.6,-86.3,-140.0,-140.0,-140.0,-140.0,-30.0,-30.0,-30.0,-15.2,-11.1,-30.0,-30.0,-30.0,-30.0,7.9,0.0,30,150.0,117938.13,93404.68,7.3,0.0,0.0,51.0,0.0,1.0,7.3,4.0,0.0,0.0,0.0,0,0,0,0.0,0,0,0,0,0,0,0,0,5GSA,Unknown_ReEstResult
41.09895,29.02557,-140.0,-140.0,-140.0,-140.0,-140.0,-140.0,-140.0,-135.2,-140.0,-30.0,-30.0,-30.0,-30.0,-30.0,-30.0,-30.0,-22.9,-30.0,-12.0,0.0,31,152.4,0.0,4829.57,0.0,0.0,0.0,0.0,0.0,1.0,0.0,4.0,22.5,0.0,50.0,0,0,0,0.0,0,0,0,0,0,0,0,0,5GSA,Unknown_ReEstResult
41.09896,29.02569,-140.0,-140.0,-140.0,-140.0,-140.0,-140.0,-140.0,-132.4,-140.0,-30.0,-30.0,-30.0,-30.0,-30.0,-30.0,-30.0,-20.3,-30.0,-10.3,0.0,31,151.3,0.0,1448.09,0.0,0.0,0.0,0.0,0.0,1.0,0.0,4.0,22.5,0.0,60.9,0,0,0,0.0,0,0,0,0,0,0,0,0,5GSA,Unknown_ReEstResult
41.09923,29.02425,-140.0,-140.0,-140.0,-140.0,-140.0,-140.0,-140.0,-122.9,-140.0,-30.0,-30.0,-30.0,-30.0,-30.0,-30.0,-30.0,-13.5,-30.0,2.7,0.0,31,138.2,0.0,16268.45,0.0,0.0,0.0,0.0,0.0,1.0,0.0,4.0,22.1,0.0,10.6,0,0,0,0.0,0,0,0,0,0,0,0,0,5GSA,Unknown_ReEstResult
41.10508,29.02583,-140.0,-140.0,-140.0,-140.0,-140.0,-140.0,-140.0,-73.8,-140.0,-30.0,-30.0,-30.0,-30.0,-30.0,-30.0,-30.0,-10.4,-30.0,24.3,0.0,31,150.0,97034.24,94262.23,3.1,0.0,0.0,83.0,0.0,1.0,3.1,4.0,0.0,0.0,0.0,0,0,0,0.0,0,0,0,0,0,0,0,0,5GSA,Unknown_ReEstResult
41.10511,29.02603,-140.0,-140.0,-140.0,-140.0,-140.0,-140.0,-140.0,-70.8,-140.0,-30.0,-30.0,-30.0,-30.0,-30.0,-30.0,-30.0,-10.4,-30.0,29.1,0.0,31,150.0,97382.4,94963.33,13.8,0.0,0.0,86.0,0.0,1.0,13.8,4.0,0.0,0.0,0.0,0,0,0,0.0,0,0,0,0,0,0,0,0,5GSA,Unknown_ReEstResult
41.10571,29.02781,-140.0,-140.0,-140.0,-140.0,-140.0,-140.0,-140.0,-140.0,-69.2,-30.0,-30.0,-30.0,-30.0,-30.0,-30.0,-30.0,-30.0,-10.6,20.2,0.0,31,88.3,81309.87,0.0,5.2,0.0,0.0,24.0,0.0,1.0,5.2,4.0,17.5,0.0,0.0,0,0,0,0.0,0,0,0,0,0,0,0,0,5GSA,Unknown_ReEstResult
41.10614,29.02781,-140.0,-140.0,-140.0,-140.0,-140.0,-140.0,-140.0,-140.0,-71.9,-30.0,-30.0,-30.0,-30.0,-30.0,-30.0,-30.0,-30.0,-10.4,26.6,0.0,31,86.8,97326.05,0.0,13.7,0.0,0.0,67.0,0.0,1.0,13.7,4.0,17.5,0.0,0.0,0,0,0,0.0,0,0,0,0,0,0,0,0,5GSA,Unknown_ReEstResult
41.10617,29.02784,-140.0,-140.0,-140.0,-140.0,-140.0,-140.0,-140.0,-140.0,-73.0,-30.0,-30.0,-30.0,-30.0,-30.0,-30.0,-30.0,-30.0,-10.3,27.0,0.0,31,89.4,97505.28,0.0,9.4,0.0,0.0,62.0,0.0,1.0,9.4,4.0,17.5,0.0,0.5,0,0,0,0.0,0,0,0,0,0,0,0,0,5GSA,Unknown_ReEstResult
41.10627,29.02798,-140.0,-140.0,-140.0,-140.0,-140.0,-93.2,-140.0,-140.0,-84.3,-30.0,-30.0,-30.0,-30.0,-30.0,-18.5,-30.0,-30.0,-10.7,17.3,0.0,31,97.6,96977.88,0.0,9.8,0.0,0.0,81.0,0.0,1.0,9.8,4.0,17.5,0.0,0.0,0,0,0,0.0,0,0,0,0,0,0,0,0,5GSA,Unknown_ReEstResult
41.10632,29.02805,-140.0,-140.0,-140.0,-140.0,-140.0,-89.8,-140.0,-140.0,-79.3,-30.0,-30.0,-30.0,-30.0,-30.0,-22.2,-30.0,-30.0,-10.5,20.5,0.0,31,94.9,95518.72,0.0,12.9,0.0,0.0,68.0,0.0,1.0,12.9,4.0,17.5,0.0,0.5,0,0,0,0.0,0,0,0,0,0,0,0,0,5GSA,Unknown_ReEstResult
41.09905,29.02486,-140.0,-140.0,-140.0,-140.0,-140.0,-140.0,-140.0,-126.9,-140.0,-30.0,-30.0,-30.0,-30.0,-30.0,-30.0,-30.0,-15.8,-30.0,-3.0,0.0,32,144.3,0.0,8301.64,0.0,0.0,0.0,0.0,0.0,1.0,0.0,4.0,22.4,0.0,12.9,0,0,0,0.0,0,0,0,0,0,0,0,0,5GSA,Unknown_ReEstResult
41.09931,29.02392,-140.0,-140.0,-140.0,-140.0,-140.0,-140.0,-129.8,-124.1,-140.0,-30.0,-30.0,-30.0,-30.0,-30.0,-30.0,-19.6,-14.5,-30.0,-1.9,0.0,32,141.1,0.0,11098.3,0.0,0.0,0.0,0.0,0.0,1.0,0.0,4.0,22.3,0.0,11.9,0,0,0,0.0,0,0,0,0,0,0,0,0,5GSA,Unknown_ReEstResult
41.09978,29.02227,-140.0,-140.0,-140.0,-140.0,-140.0,-140.0,-140.0,-119.7,-140.0,-30.0,-30.0,-30.0,-30.0,-30.0,-30.0,-30.0,-12.6,-30.0,2.6,0.0,32,136.2,0.0,0.0,0.0,0.0,0.0,16.0,0.0,1.0,0.0,4.0,22.3,0.0,10.6,0,0,0,0.0,0,0,0,0,0,0,0,0,5GSA,Unknown_ReEstResult
41.1003,29.02157,-140.0,-140.0,-140.0,-140.0,-140.0,-140.0,-125.3,-120.6,-140.0,-30.0,-30.0,-30.0,-30.0,-30.0,-30.0,-18.3,-14.0,-30.0,-1.1,0.0,32,137.5,16916.48,0.0,10.2,14.0,0.0,151.0,0.0,1.0,10.2,4.0,22.2,0.0,12.2,0,0,0,0.0,0,0,0,0,0,0,0,0,5GSA,Unknown_ReEstResult
41.10077,29.02079,-140.0,-140.0,-140.0,-140.0,-140.0,-140.0,-116.9,-116.4,-140.0,-30.0,-30.0,-30.0,-30.0,-30.0,-30.0,-14.0,-14.1,-30.0,-0.7,0.0,32,133.6,59023.46,0.0,6.1,0.0,0.0,267.0,0.0,1.0,6.1,4.0,22.0,0.0,10.4,0,0,0,0.0,0,0,0,0,0,0,0,0,5GSA,Unknown_ReEstResult
41.10492,29.0248,-140.0,-140.0,-140.0,-140.0,-140.0,-140.0,-140.0,-78.7,-140.0,-30.0,-30.0,-30.0,-30.0,-30.0,-30.0,-30.0,-10.4,-30.0,16.4,0.0,32,150.0,96005.21,92965.88,3.4,0.0,0.0,98.0,0.0,1.0,3.4,4.0,0.0,0.0,0.0,0,0,0,0.0,0,0,0,0,0,0,0,0,5GSA,Unknown_ReEstResult
41.10514,29.02625,-140.0,-140.0,-140.0,-140.0,-140.0,-140.0,-140.0,-72.9,-140.0,-30.0,-30.0,-30.0,-30.0,-30.0,-30.0,-30.0,-10.4,-30.0,23.4,0.0,32,150.0,98268.2,92517.05,9.8,0.0,0.0,29.0,0.0,1.0,9.8,4.0,0.0,0.0,0.0,0,0,0,0.0,0,0,0,0,0,0,0,0,5GSA,Unknown_ReEstResult
41.10525,29.027,-140.0,-140.0,-140.0,-140.0,-140.0,-140.0,-140.0,-73.6,-140.0,-30.0,-30.0,-30.0,-30.0,-30.0,-30.0,-30.0,-10.4,-30.0,26.7,0.0,32,150.0,97566.72,94225.05,9.0,0.0,0.0,28.0,0.0,1.0,9.0,4.0,0.0,0.0,0.0,0,0,0,0.0,0,0,0,0,0,0,0,0,5GSA,Unknown_ReEstResult
41.10558,29.02777,-140.0,-140.0,-140.0,-140.0,-140.0,-140.0,-140.0,-82.9,-79.3,-30.0,-30.0,-30.0,-30.0,-30.0,-30.0,-30.0,-15.7,-11.4,6.9,0.0,32,96.0,83869.99,0.0,9.1,0.0,0.0,27.0,0.0,1.0,9.1,4.0,17.5,0.0,0.0,0,0,0,0.0,0,0,0,0,0,0,0,0,5GSA,Unknown_ReEstResult
41.1059,29.02779,-140.0,-140.0,-140.0,-140.0,-140.0,-140.0,-140.0,-140.0,-79.2,-30.0,-30.0,-30.0,-30.0,-30.0,-30.0,-30.0,-30.0,-10.5,20.3,0.0,32,93.8,71827.12,0.0,9.9,0.0,0.0,26.0,0.0,1.0,9.9,4.0,17.5,0.0,2.2,0,0,0,0.0,0,0,0,0,0,0,0,0,5GSA,Unknown_ReEstResult
41.10669,29.02154,-140.0,-140.0,-140.0,-140.0,-80.1,-140.0,-140.0,-140.0,-140.0,-30.0,-30.0,-30.0,-30.0,-10.4,-30.0,-30.0,-30.0,-30.0,25.8,0.0,32,99.8,95871.91,0.0,9.5,0.0,0.0,68.0,0.0,1.0,9.5,4.0,17.5,0.0,0.0,0,0,0,0.0,0,0,0,0,0,0,0,0,5GSA,Unknown_ReEstResult
41.10721,29.0176,-140.0,-140.0,-117.4,-140.0,-121.4,-140.0,-140.0,-118.1,-119.6,-30.0,-30.0,-15.6,-30.0,-19.4,-30.0,-30.0,-15.5,-17.2,-6.5,0.0,32,150.0,0.0,89473.29,13.7,4.0,0.0,212.0,0.0,1.0,13.7,4.0,0.0,0.0,0.0,0,0,0,0.0,0,0,0,0,0,0,0,0,5GSA,Unknown_ReEstResult
41.10733,29.02627,-140.0,-140.0,-140.0,-140.0,-140.0,-140.0,-99.9,-140.0,-102.1,-30.0,-30.0,-30.0,-30.0,-30.0,-30.0,-12.3,-30.0,-14.3,6.3,0.0,32,116.9,96476.92,0.0,13.1,0.0,0.0,177.0,0.0,1.0,13.1,4.0,19.3,0.0,7.6,0,0,0,0.0,0,0,0,0,0,0,0,0,5GSA,Unknown_ReEstResult
41.10799,29.0221,-140.0,-140.0,-140.0,-90.2,-90.6,-140.0,-140.0,-140.0,-140.0,-30.0,-30.0,-30.0,-12.1,-12.5,-30.0,-30.0,-30.0,-30.0,4.2,0.0,32,111.2,96722.02,92711.47,0.0,0.0,0.0,0.0,0.0,1.0,0.0,4.0,17.5,0.0,1.0,0,0,0,0.0,0,0,0,0,0,0,0,0,5GSA,Unknown_ReEstResult
41.10801,29.0219,-140.0,-140.0,-140.0,-90.7,-89.8,-140.0,-140.0,-140.0,-140.0,-30.0,-30.0,-30.0,-12.6,-11.8,-30.0,-30.0,-30.0,-30.0,2.0,0.0,32,111.4,95283.48,91837.02,0.0,0.0,0.0,0.0,0.0,1.0,0.0,4.0,17.5,0.0,0.0,0,0,0,0.0,0,0,0,0,0,0,0,0,5GSA,Unknown_ReEstResult
41.09898,29.02523,-140.0,-140.0,-140.0,-140.0,-133.2,-140.0,-140.0,-130.9,-140.0,-30.0,-30.0,-30.0,-30.0,-21.6,-30.0,-30.0,-19.3,-30.0,-7.0,0.0,33,147.9,0.0,10446.66,0.0,0.0,0.0,0.0,0.0,1.0,0.0,4.0,22.5,0.0,28.6,0,0,0,0.0,0,0,0,0,0,0,0,0,5GSA,Unknown_ReEstResult
41.0994,29.02343,-140.0,-140.0,-140.0,-140.0,-140.0,-140.0,-140.0,-122.3,-140.0,-30.0,-30.0,-30.0,-30.0,-30.0,-30.0,-30.0,-13.4,-30.0,0.4,0.0,33,138.2,0.0,13207.11,0.0,0.0,0.0,0.0,0.0,1.0,0.0,4.0,22.4,0.0,9.8,0,0,0,0.0,0,0,0,0,0,0,0,0,5GSA,Unknown_ReEstResult
41.09952,29.02286,-140.0,-140.0,-140.0,-140.0,-140.0,-140.0,-140.0,-117.6,-140.0,-30.0,-30.0,-30.0,-30.0,-30.0,-30.0,-30.0,-11.9,-30.0,2.7,0.0,33,133.8,0.0,60660.27,0.0,0.0,0.0,0.0,0.0,1.0,0.0,4.0,22.2,0.0,11.1,0,0,0,0.0,0,0,0,0,0,0,0,0,5GSA,Unknown_ReEstResult
41.09989,29.02215,-140.0,-140.0,-140.0,-140.0,-140.0,-140.0,-129.6,-117.9,-140.0,-30.0,-30.0,-30.0,-30.0,-30.0,-30.0,-22.5,-12.1,-30.0,2.3,0.0,33,134.4,33648.64,0.0,17.1,0.0,0.0,129.0,0.0,1.0,17.1,4.0,22.2,0.0,9.2,0,0,0,0.0,0,0,0,0,0,0,0,0,5GSA,Unknown_ReEstResult
41.10501,29.02538,-140.0,-140.0,-140.0,-140.0,-140.0,-140.0,-140.0,-77.3,-140.0,-30.0,-30.0,-30.0,-30.0,-30.0,-30.0,-30.0,-10.4,-30.0,22.5,0.0,33,150.0,95232.0,92963.8,7.2,0.0,0.0,79.0,0.0,1.0,7.2,4.0,0.0,0.0,0.0,0,0,0,0.0,0,0,0,0,0,0,0,0,5GSA,Unknown_ReEstResult
41.10519,29.02654,-140.0,-140.0,-140.0,-140.0,-140.0,-140.0,-140.0,-71.1,-140.0,-30.0,-30.0,-30.0,-30.0,-30.0,-30.0,-30.0,-10.4,-30.0,32.0,0.0,33,150.0,97525.76,94118.13,10.2,0.0,0.0,28.0,0.0,1.0,10.2,4.0,0.0,0.0,0.0,0,0,0,0.0,0,0,0,0,0,0,0,0,5GSA,Unknown_ReEstResult
41.10523,29.02681,-140.0,-140.0,-140.0,-140.0,-140.0,-140.0,-140.0,-73.6,-140.0,-30.0,-30.0,-30.0,-30.0,-30.0,-30.0,-30.0,-10.4,-30.0,29.3,0.0,33,150.0,97525.76,94849.08,8.8,0.0,0.0,28.0,0.0,1.0,8.8,4.0,0.0,0.0,0.0,0,0,0,0.0,0,0,0,0,0,0,0,0,5GSA,Unknown_ReEstResult
41.10524,29.02691,-140.0,-140.0,-140.0,-140.0,-140.0,-140.0,-140.0,-74.5,-140.0,-30.0,-30.0,-30.0,-30.0,-30.0,-30.0,-30.0,-10.4,-30.0,29.7,0.0,33,150.0,97198.08,94845.64,10.2,0.0,0.0,29.0,0.0,1.0,10.2,4.0,0.0,0.0,0.0,0,0,0,0.0,0,0,0,0,0,0,0,0,5GSA,Unknown_ReEstResult
41.10528,29.02718,-140.0,-140.0,-140.0,-140.0,-140.0,-140.0,-140.0,-72.4,-140.0,-30.0,-30.0,-30.0,-30.0,-30.0,-30.0,-30.0,-10.4,-30.0,20.3,0.0,33,150.0,97566.72,89948.9,6.9,0.0,0.0,29.0,0.0,1.0,6.9,4.0,0.0,0.0,0.0,0,0,0,0.0,0,0,0,0,0,0,0,0,5GSA,Unknown_ReEstResult
41.10531,29.02743,-140.0,-140.0,-140.0,-140.0,-140.0,-140.0,-140.0,-63.3,-140.0,-30.0,-30.0,-30.0,-30.0,-30.0,-30.0,-30.0,-10.4,-30.0,26.3,0.0,33,150.0,98119.75,95597.89,10.0,0.0,0.0,32.0,0.0,1.0,10.0,4.0,0.0,0.0,0.0,0,0,0,0.0,0,0,0,0,0,0,0,0,5GSA,Unknown_ReEstResult
41.10564,29.0278,-140.0,-140.0,-140.0,-140.0,-140.0,-140.0,-140.0,-83.2,-76.7,-30.0,-30.0,-30.0,-30.0,-30.0,-30.0,-30.0,-15.6,-11.4,11.7,0.0,33,94.0,81096.55,0.0,6.5,0.0,0.0,25.0,0.0,1.0,6.5,4.0,17.5,0.0,0.0,0,0,0,0.0,0,0,0,0,0,0,0,0,5GSA,Unknown_ReEstResult
41.10613,29.02779,-140.0,-140.0,-140.0,-140.0,-140.0,-140.0,-140.0,-140.0,-70.2,-30.0,-30.0,-30.0,-30.0,-30.0,-30.0,-30.0,-30.0,-10.4,26.4,0.0,33,150.0,96701.48,94017.74,11.5,0.0,0.0,70.0,0.0,1.0,11.5,4.0,0.0,0.0,0.0,0,0,0,0.0,0,0,0,0,0,0,0,0,5GSA,Unknown_ReEstResult
41.10684,29.02639,-140.0,-140.0,-140.0,-140.0,-140.0,-140.0,-88.3,-140.0,-96.5,-30.0,-30.0,-30.0,-30.0,-30.0,-30.0,-10.9,-30.0,-14.7,8.2,0.0,33,112.4,96501.76,0.0,14.0,0.0,0.0,145.0,0.0,1.0,14.0,4.0,18.6,0.0,13.7,0,0,0,0.0,0,0,0,0,0,0,0,0,5GSA,Unknown_ReEstResult
41.10714,29.02894,-140.0,-140.0,-140.0,-140.0,-140.0,-87.9,-140.0,-140.0,-88.5,-30.0,-30.0,-30.0,-30.0,-30.0,-12.8,-30.0,-30.0,-12.6,4.5,0.0,33,103.6,0.0,78318.27,0.0,0.0,0.0,0.0,0.0,1.0,0.0,4.0,17.5,0.0,0.0,0,0,0,0.0,0,0,0,0,0,0,0,0,5GSA,Unknown_ReEstResult
41.10783,29.02517,-140.0,-140.0,-140.0,-90.2,-140.0,-140.0,-96.0,-140.0,-140.0,-30.0,-30.0,-30.0,-11.5,-30.0,-30.0,-15.4,-30.0,-30.0,-0.6,0.0,33,121.1,97356.81,82023.18,0.0,0.0,0.0,0.0,0.0,1.0,0.0,4.0,17.8,0.0,8.8,0,0,0,0.0,0,0,0,0,0,0,0,0,5GSA,Unknown_ReEstResult
41.10798,29.02123,-140.0,-140.0,-140.0,-97.6,-102.8,-140.0,-140.0,-140.0,-140.0,-30.0,-30.0,-30.0,-11.2,-15.6,-30.0,-30.0,-30.0,-30.0,-4.3,0.0,33,128.0,90824.04,0.0,12.1,0.0,0.0,157.0,0.0,1.0,12.1,4.0,18.3,0.0,8.3,0,0,0,0.0,0,0,0,0,0,0,0,0,5GSA,Unknown_ReEstResult
41.09939,29.02351,-140.0,-140.0,-140.0,-140.0,-140.0,-140.0,-140.0,-123.9,-140.0,-30.0,-30.0,-30.0,-30.0,-30.0,-30.0,-30.0,-14.2,-30.0,-1.3,0.0,34,139.2,10485.76,0.0,1.8,2.0,0.0,105.0,0.0,1.0,1.8,4.0,22.3,0.0,10.8,0,0,0,0.0,0,0,0,0,0,0,0,0,5GSA,Unknown_ReEstResult
41.10022,29.0216,-140.0,-140.0,-140.0,-140.0,-140.0,-140.0,-122.8,-121.1,-140.0,-30.0,-30.0,-30.0,-30.0,-30.0,-30.0,-15.7,-14.3,-30.0,-0.6,0.0,34,137.6,0.0,0.0,0.0,0.0,0.0,16.0,0.0,1.0,0.0,4.0,22.3,0.0,8.6,0,0,0,0.0,0,0,0,0,0,0,0,0,5GSA,Unknown_ReEstResult
41.10073,29.02089,-140.0,-140.0,-140.0,-140.0,-140.0,-140.0,-117.0,-115.9,-140.0,-30.0,-30.0,-30.0,-30.0,-30.0,-30.0,-14.7,-13.6,-30.0,0.1,0.0,34,133.2,57159.74,0.0,3.8,1.0,0.0,267.0,0.0,1.0,3.8,4.0,21.9,0.0,10.3,0,0,0,0.0,0,0,0,0,0,0,0,0,5GSA,Unknown_ReEstResult
41.10089,29.02052,-140.0,-140.0,-140.0,-140.0,-140.0,-140.0,-117.7,-116.2,-140.0,-30.0,-30.0,-30.0,-30.0,-30.0,-30.0,-14.9,-14.1,-30.0,1.0,0.0,34,132.0,15538.34,0.0,0.0,4.0,0.0,266.0,0.0,1.0,0.0,4.0,21.8,0.0,13.5,0,0,0,0.0,0,0,0,0,0,0,0,0,5GSA,Unknown_ReEstResult
41.10106,29.01993,-140.0,-140.0,-122.9,-140.0,-140.0,-140.0,-122.3,-115.4,-140.0,-30.0,-30.0,-20.3,-30.0,-30.0,-30.0,-19.7,-13.5,-30.0,0.9,0.0,34,132.0,92405.76,0.0,8.4,0.0,0.0,269.0,0.0,1.0,8.4,4.0,22.0,0.0,10.4,0,0,0,0.0,0,0,0,0,0,0,0,0,5GSA,Unknown_ReEstResult
41.10112,29.01969,-140.0,-140.0,-115.0,-140.0,-140.0,-140.0,-120.4,-116.3,-140.0,-30.0,-30.0,-14.8,-30.0,-30.0,-30.0,-17.7,-14.9,-30.0,-1.6,0.0,34,132.1,3710.75,0.0,0.0,8.0,0.0,260.0,0.0,1.0,0.0,4.0,22.2,0.0,7.9,0,0,0,0.0,0,0,0,0,0,0,0,0,5GSA,Unknown_ReEstResult
41.10113,29.01963,-140.0,-140.0,-117.7,-140.0,-140.0,-140.0,-121.7,-116.3,-140.0,-30.0,-30.0,-16.6,-30.0,-30.0,-30.0,-19.8,-15.3,-30.0,-1.4,0.0,34,133.2,4836.42,0.0,0.0,8.0,0.0,261.0,0.0,1.0,0.0,4.0,22.2,0.0,10.0,0,0,0,0.0,0,0,0,0,0,0,0,0,5GSA,Unknown_ReEstResult
41.10536,29.02755,-140.0,-140.0,-140.0,-140.0,-140.0,-140.0,-140.0,-65.9,-93.4,-30.0,-30.0,-30.0,-30.0,-30.0,-30.0,-30.0,-10.4,-25.1,24.5,0.0,34,150.0,98586.62,77561.0,10.6,12.0,0.0,34.0,0.0,1.0,10.6,4.0,0.0,0.0,0.0,0,0,0,0.0,0,0,0,0,0,0,0,0,5GSA,Unknown_ReEstResult
41.10746,29.02624,-140.0,-140.0,-140.0,-103.1,-140.0,-140.0,-99.2,-140.0,-100.9,-30.0,-30.0,-30.0,-16.3,-30.0,-30.0,-13.1,-30.0,-14.7,2.2,0.0,34,117.1,97131.55,0.0,10.2,0.0,0.0,168.0,0.0,1.0,10.2,4.0,19.9,0.0,8.4,0,0,0,0.0,0,0,0,0,0,0,0,0,5GSA,Unknown_ReEstResult
41.10782,29.02523,-140.0,-140.0,-140.0,-90.8,-140.0,-140.0,-98.3,-140.0,-140.0,-30.0,-30.0,-30.0,-11.5,-30.0,-30.0,-16.4,-30.0,-30.0,-0.3,0.0,34,121.6,89047.04,0.0,9.4,2.0,0.0,88.0,0.0,1.0,9.4,4.0,18.2,0.0,9.1,0,0,0,0.0,0,0,0,0,0,0,0,0,5GSA,Unknown_ReEstResult
41.09925,29.02416,-140.0,-140.0,-140.0,-140.0,-140.0,-140.0,-140.0,-120.9,-140.0,-30.0,-30.0,-30.0,-30.0,-30.0,-30.0,-30.0,-12.8,-30.0,0.4,0.0,35,138.6,17879.04,0.0,9.1,2.0,0.0,67.0,0.0,1.0,9.1,4.0,22.3,0.0,13.2,0,0,0,0.0,0,0,0,0,0,0,0,0,5GSA,Unknown_ReEstResult
41.09929,29.024,-140.0,-140.0,-140.0,-140.0,-140.0,-140.0,-133.1,-123.1,-140.0,-30.0,-30.0,-30.0,-30.0,-30.0,-30.0,-23.2,-14.2,-30.0,1.0,0.0,35,139.2,13351.57,0.0,7.3,5.0,0.0,97.0,0.0,1.0,7.3,4.0,22.3,0.0,11.9,0,0,0,0.0,0,0,0,0,0,0,0,0,5GSA,Unknown_ReEstResult
41.09945,29.02306,-140.0,-140.0,-140.0,-140.0,-140.0,-140.0,-140.0,-119.7,-140.0,-30.0,-30.0,-30.0,-30.0,-30.0,-30.0,-30.0,-12.7,-30.0,1.7,0.0,35,136.3,35718.98,0.0,11.3,6.0,0.0,87.0,0.0,1.0,11.3,4.0,22.3,0.0,10.8,0,0,0,0.0,0,0,0,0,0,0,0,0,5GSA,Unknown_ReEstResult
41.09951,29.02732,-130.4,-140.0,-140.0,-140.0,-140.0,-140.0,-140.0,-140.0,-140.0,-17.6,-30.0,-30.0,-30.0,-30.0,-30.0,-30.0,-30.0,-30.0,-20.0,0.0,35,150.0,0.0,0.0,100.0,0.0,0.0,30.0,0.0,1.0,100.0,4.0,0.0,0.0,0.0,0,0,0,0.0,0,0,0,0,0,0,0,0,5GSA,Unknown_ReEstResult
41.10004,29.02193,-140.0,-140.0,-140.0,-140.0,-140.0,-140.0,-124.6,-119.9,-140.0,-30.0,-30.0,-30.0,-30.0,-30.0,-30.0,-16.9,-12.9,-30.0,0.9,0.0,35,136.3,25640.96,0.0,8.7,4.0,0.0,96.0,0.0,1.0,8.7,4.0,22.2,0.0,10.1,0,0,0,0.0,0,0,0,0,0,0,0,0,5GSA,Unknown_ReEstResult
41.10033,29.02154,-140.0,-140.0,-140.0,-140.0,-140.0,-140.0,-121.6,-119.1,-140.0,-30.0,-30.0,-30.0,-30.0,-30.0,-30.0,-16.1,-13.6,-30.0,-1.6,0.0,35,137.1,13271.04,0.0,12.6,7.0,0.0,136.0,0.0,1.0,12.6,4.0,22.3,0.0,10.7,0,0,0,0.0,0,0,0,0,0,0,0,0,5GSA,Unknown_ReEstResult
41.10069,29.02098,-140.0,-140.0,-140.0,-140.0,-140.0,-140.0,-117.9,-115.7,-140.0,-30.0,-30.0,-30.0,-30.0,-30.0,-30.0,-14.9,-12.9,-30.0,-0.3,0.0,35,133.5,55506.64,0.0,8.0,0.0,0.0,267.0,0.0,1.0,8.0,4.0,22.0,0.0,10.9,0,0,0,0.0,0,0,0,0,0,0,0,0,5GSA,Unknown_ReEstResult
41.10095,29.02037,-140.0,-140.0,-140.0,-140.0,-140.0,-140.0,-116.0,-115.2,-140.0,-30.0,-30.0,-30.0,-30.0,-30.0,-30.0,-14.1,-13.8,-30.0,-0.2,0.0,35,132.0,39463.61,0.0,4.6,6.0,0.0,268.0,0.0,1.0,4.6,4.0,21.9,0.0,11.5,0,0,0,0.0,0,0,0,0,0,0,0,0,5GSA,Unknown_ReEstResult
41.10101,29.0201,-140.0,-140.0,-122.0,-140.0,-140.0,-140.0,-117.1,-115.8,-140.0,-30.0,-30.0,-20.2,-30.0,-30.0,-30.0,-15.3,-14.3,-30.0,-0.7,0.0,35,134.1,56835.69,0.0,13.7,0.0,0.0,250.0,0.0,1.0,13.7,4.0,22.1,0.0,9.4,0,0,0,0.0,0,0,0,0,0,0,0,0,5GSA,Unknown_ReEstResult
41.10109,29.0198,-140.0,-140.0,-117.0,-140.0,-140.0,-140.0,-119.8,-114.2,-140.0,-30.0,-30.0,-15.8,-30.0,-30.0,-30.0,-19.3,-14.1,-30.0,-0.9,0.0,35,131.5,22920.58,0.0,0.0,3.0,0.0,267.0,0.0,1.0,0.0,4.0,21.9,0.0,8.5,0,0,0,0.0,0,0,0,0,0,0,0,0,5GSA,Unknown_ReEstResult
41.10489,29.0246,-140.0,-140.0,-140.0,-140.0,-140.0,-140.0,-140.0,-81.1,-140.0,-30.0,-30.0,-30.0,-30.0,-30.0,-30.0,-30.0,-10.5,-30.0,14.9,0.0,35,150.0,95477.76,92458.9,12.2,0.0,0.0,97.0,0.0,1.0,12.2,4.0,0.0,0.0,0.0,0,0,0,0.0,0,0,0,0,0,0,0,0,5GSA,Unknown_ReEstResult
41.10757,29.02301,-140.0,-140.0,-140.0,-76.3,-140.0,-140.0,-140.0,-140.0,-140.0,-30.0,-30.0,-30.0,-10.5,-30.0,-30.0,-30.0,-30.0,-30.0,19.5,0.0,35,97.3,97448.91,0.0,4.5,0.0,0.0,26.0,0.0,1.0,4.5,4.0,17.5,0.0,0.0,0,0,0,0.0,0,0,0,0,0,0,0,0,5GSA,Unknown_ReEstResult
41.10774,29.0226,-140.0,-140.0,-140.0,-82.2,-86.4,-140.0,-140.0,-140.0,-140.0,-30.0,-30.0,-30.0,-11.0,-14.6,-30.0,-30.0,-30.0,-30.0,6.2,0.0,35,102.5,95723.52,92904.94,0.0,0.0,0.0,0.0,0.0,1.0,0.0,4.0,17.5,0.0,0.0,0,0,0,0.0,0,0,0,0,0,0,0,0,5GSA,Unknown_ReEstResult
41.10782,29.02247,-140.0,-140.0,-140.0,-84.5,-85.8,-140.0,-140.0,-140.0,-140.0,-30.0,-30.0,-30.0,-11.8,-13.5,-30.0,-30.0,-30.0,-30.0,4.5,0.0,35,104.5,95605.65,92676.38,0.0,0.0,0.0,0.0,0.0,1.0,0.0,4.0,17.5,0.0,0.0,0,0,0,0.0,0,0,0,0,0,0,0,0,5GSA,Unknown_ReEstResult
41.10787,29.02239,-140.0,-140.0,-140.0,-86.7,-84.2,-140.0,-140.0,-140.0,-140.0,-30.0,-30.0,-30.0,-15.1,-11.4,-30.0,-30.0,-30.0,-30.0,0.1,0.0,35,107.6,96906.32,93572.67,0.0,0.0,0.0,0.0,0.0,1.0,0.0,4.0,17.5,0.0,0.0,0,0,0,0.0,0,0,0,0,0,0,0,0,5GSA,Unknown_ReEstResult
41.108,29.02196,-140.0,-140.0,-140.0,-89.2,-90.3,-140.0,-140.0,-140.0,-140.0,-30.0,-30.0,-30.0,-11.9,-13.7,-30.0,-30.0,-30.0,-30.0,2.7,0.0,35,108.0,95109.12,92814.37,0.0,0.0,0.0,0.0,0.0,1.0,0.0,4.0,17.5,0.0,0.0,0,0,0,0.0,0,0,0,0,0,0,0,0,5GSA,Unknown_ReEstResult
41.0991,29.02637,-140.0,-140.0,-140.0,-140.0,-140.0,-140.0,-140.0,-129.3,-140.0,-30.0,-30.0,-30.0,-30.0,-30.0,-30.0,-30.0,-17.4,-30.0,-6.2,0.0,36,148.9,409.6,0.0,0.0,3.0,0.0,191.0,0.0,1.0,0.0,4.0,22.5,0.0,45.8,0,0,0,0.0,0,0,0,0,0,0,0,0,5GSA,Unknown_ReEstResult
41.09914,29.0267,-146.3,-140.0,-140.0,-140.0,-140.0,-140.0,-140.0,-140.0,-140.0,-33.4,-30.0,-30.0,-30.0,-30.0,-30.0,-30.0,-30.0,-30.0,-11.3,0.0,36,157.1,2.05,0.0,0.0,0.0,0.0,16.0,0.0,1.0,0.0,4.0,22.5,0.0,16.7,0,0,0,0.0,0,0,0,0,0,0,0,0,5GSA,Unknown_ReEstResult
41.09967,29.02253,-140.0,-140.0,-140.0,-140.0,-140.0,-140.0,-128.0,-117.1,-140.0,-30.0,-30.0,-30.0,-30.0,-30.0,-30.0,-20.9,-11.9,-30.0,3.5,0.0,36,133.6,98570.24,0.0,6.0,0.0,0.0,201.0,0.0,1.0,6.0,4.0,22.1,0.0,10.2,0,0,0,0.0,0,0,0,0,0,0,0,0,5GSA,Unknown_ReEstResult
41.10538,29.02661,-140.0,-140.0,-140.0,-140.0,-140.0,-140.0,-140.0,-76.0,-140.0,-30.0,-30.0,-30.0,-30.0,-30.0,-30.0,-30.0,-10.4,-30.0,29.6,0.0,36,93.1,97382.4,94921.84,0.0,0.0,0.0,0.0,0.0,1.0,0.0,4.0,17.5,0.0,0.5,0,0,0,0.0,0,0,0,0,0,0,0,0,5GSA,Unknown_ReEstResult
41.10771,29.02383,-140.0,-140.0,-140.0,-67.8,-140.0,-140.0,-140.0,-140.0,-140.0,-30.0,-30.0,-30.0,-10.4,-30.0,-30.0,-30.0,-30.0,-30.0,36.5,0.0,36,84.9,68058.58,0.0,1.4,0.0,0.0,21.0,0.0,1.0,1.4,4.0,17.5,0.0,1.2,0,0,0,0.0,0,0,0,0,0,0,0,0,5GSA,Unknown_ReEstResult
41.09935,29.02709,-128.7,-140.0,-140.0,-140.0,-140.0,-140.0,-140.0,-140.0,-140.0,-17.4,-30.0,-30.0,-30.0,-30.0,-30.0,-30.0,-30.0,-30.0,-4.5,0.0,37,145.8,25.65,0.0,32.6,4.0,0.0,17.0,0.0,1.0,32.6,4.0,22.4,0.0,26.4,0,0,0,0.0,0,0,0,0,0,0,0,0,5GSA,Unknown_ReEstResult
41.10493,29.02485,-140.0,-140.0,-140.0,-140.0,-140.0,-140.0,-140.0,-80.8,-140.0,-30.0,-30.0,-30.0,-30.0,-30.0,-30.0,-30.0,-10.4,-30.0,17.9,0.0,37,96.2,95503.24,0.0,5.7,0.0,0.0,83.0,0.0,1.0,5.7,4.0,17.5,0.0,0.0,0,0,0,0.0,0,0,0,0,0,0,0,0,5GSA,Unknown_ReEstResult
41.10519,29.02659,-140.0,-140.0,-140.0,-140.0,-140.0,-140.0,-140.0,-70.6,-140.0,-30.0,-30.0,-30.0,-30.0,-30.0,-30.0,-30.0,-10.3,-30.0,31.6,0.0,37,86.6,97157.12,0.0,7.6,0.0,0.0,28.0,0.0,1.0,7.6,4.0,17.5,0.0,0.9,0,0,0,0.0,0,0,0,0,0,0,0,0,5GSA,Unknown_ReEstResult
41.1054,29.02661,-140.0,-140.0,-140.0,-140.0,-140.0,-140.0,-140.0,-76.1,-140.0,-30.0,-30.0,-30.0,-30.0,-30.0,-30.0,-30.0,-10.4,-30.0,25.7,0.0,37,92.6,97382.4,0.0,7.1,0.0,0.0,69.0,0.0,1.0,7.1,4.0,17.5,0.0,0.0,0,0,0,0.0,0,0,0,0,0,0,0,0,5GSA,Unknown_ReEstResult
41.10577,29.02781,-140.0,-140.0,-140.0,-140.0,-140.0,-140.0,-140.0,-140.0,-69.4,-30.0,-30.0,-30.0,-30.0,-30.0,-30.0,-30.0,-30.0,-10.4,24.3,0.0,37,85.5,67915.24,0.0,6.6,0.0,0.0,22.0,0.0,1.0,6.6,4.0,17.5,0.0,0.0,0,0,0,0.0,0,0,0,0,0,0,0,0,5GSA,Unknown_ReEstResult
41.10596,29.0265,-140.0,-140.0,-140.0,-140.0,-140.0,-140.0,-104.8,-96.1,-99.1,-30.0,-30.0,-30.0,-30.0,-30.0,-30.0,-20.6,-11.8,-14.8,-3.2,0.0,37,115.7,96399.36,93644.73,0.0,0.0,0.0,0.0,0.0,1.0,0.0,4.0,18.3,0.0,9.2,0,0,0,0.0,0,0,0,0,0,0,0,0,5GSA,Unknown_ReEstResult
41.10596,29.02778,-140.0,-140.0,-140.0,-140.0,-140.0,-140.0,-140.0,-140.0,-77.5,-30.0,-30.0,-30.0,-30.0,-30.0,-30.0,-30.0,-30.0,-10.6,18.9,0.0,37,93.2,53555.2,0.0,10.0,0.0,0.0,23.0,0.0,1.0,10.0,4.0,17.5,0.0,2.3,0,0,0,0.0,0,0,0,0,0,0,0,0,5GSA,Unknown_ReEstResult
41.10612,29.02778,-140.0,-140.0,-140.0,-140.0,-140.0,-140.0,-140.0,-140.0,-71.0,-30.0,-30.0,-30.0,-30.0,-30.0,-30.0,-30.0,-30.0,-10.4,24.6,0.0,37,87.0,96931.84,0.0,4.4,0.0,0.0,68.0,0.0,1.0,4.4,4.0,17.5,0.0,0.5,0,0,0,0.0,0,0,0,0,0,0,0,0,5GSA,Unknown_ReEstResult
41.10657,29.02825,-140.0,-140.0,-140.0,-140.0,-140.0,-85.5,-140.0,-140.0,-78.2,-30.0,-30.0,-30.0,-30.0,-30.0,-15.4,-30.0,-30.0,-10.9,8.6,0.0,37,95.5,96030.72,98073.98,0.0,0.0,0.0,0.0,0.0,1.0,0.0,4.0,17.5,0.0,0.0,0,0,0,0.0,0,0,0,0,0,0,0,0,5GSA,Unknown_ReEstResult
41.10703,29.02635,-140.0,-140.0,-140.0,-140.0,-140.0,-140.0,-91.4,-140.0,-100.8,-30.0,-30.0,-30.0,-30.0,-30.0,-30.0,-10.7,-30.0,-17.7,12.3,0.0,37,112.1,97254.41,0.0,7.6,0.0,0.0,143.0,0.0,1.0,7.6,4.0,18.2,0.0,9.5,0,0,0,0.0,0,0,0,0,0,0,0,0,5GSA,Unknown_ReEstResult
41.10763,29.02349,-140.0,-140.0,-140.0,-67.3,-140.0,-140.0,-140.0,-140.0,-140.0,-30.0,-30.0,-30.0,-10.4,-30.0,-30.0,-30.0,-30.0,-30.0,35.0,0.0,37,85.9,88555.52,0.0,1.3,0.0,0.0,24.0,0.0,1.0,1.3,4.0,17.5,0.0,0.0,0,0,0,0.0,0,0,0,0,0,0,0,0,5GSA,Unknown_ReEstResult
41.10787,29.02473,-140.0,-140.0,-140.0,-73.3,-140.0,-140.0,-140.0,-140.0,-140.0,-30.0,-30.0,-30.0,-10.4,-30.0,-30.0,-30.0,-30.0,-30.0,30.3,0.0,37,92.2,97034.24,0.0,8.0,0.0,0.0,28.0,0.0,1.0,8.0,4.0,17.5,0.0,0.0,0,0,0,0.0,0,0,0,0,0,0,0,0,5GSA,Unknown_ReEstResult
41.09895,29.02551,-140.0,-140.0,-140.0,-140.0,-136.9,-140.0,-140.0,-135.5,-140.0,-30.0,-30.0,-30.0,-30.0,-25.0,-30.0,-30.0,-23.3,-30.0,-8.3,0.0,38,153.1,5570.56,0.0,3.3,145.0,0.0,253.0,0.0,1.0,3.3,4.0,22.5,0.0,52.3,0,0,0,0.0,0,0,0,0,0,0,0,0,5GSA,Unknown_ReEstResult
41.09927,29.02408,-140.0,-140.0,-140.0,-140.0,-140.0,-140.0,-138.8,-123.1,-140.0,-30.0,-30.0,-30.0,-30.0,-30.0,-30.0,-27.9,-13.9,-30.0,-0.1,0.0,38,139.9,16609.28,12860.54,10.3,2.0,0.0,67.0,0.0,1.0,10.3,4.0,22.2,0.0,10.5,0,0,0,0.0,0,0,0,0,0,0,0,0,5GSA,Unknown_ReEstResult
41.09938,29.02359,-140.0,-140.0,-140.0,-140.0,-140.0,-140.0,-140.0,-123.8,-140.0,-30.0,-30.0,-30.0,-30.0,-30.0,-30.0,-30.0,-14.3,-30.0,-1.4,0.0,38,139.4,0.0,10930.06,3.8,6.0,0.0,96.0,0.0,1.0,3.8,4.0,22.3,0.0,13.7,0,0,0,0.0,0,0,0,0,0,0,0,0,5GSA,Unknown_ReEstResult
41.1049,29.02465,-140.0,-140.0,-140.0,-140.0,-140.0,-140.0,-140.0,-79.9,-140.0,-30.0,-30.0,-30.0,-30.0,-30.0,-30.0,-30.0,-10.5,-30.0,15.0,0.0,38,95.2,95846.4,0.0,7.3,0.0,0.0,99.0,0.0,1.0,7.3,4.0,17.5,0.0,0.0,0,0,0,0.0,0,0,0,0,0,0,0,0,5GSA,Unknown_ReEstResult
41.10509,29.02588,-140.0,-140.0,-140.0,-140.0,-140.0,-140.0,-140.0,-71.6,-140.0,-30.0,-30.0,-30.0,-30.0,-30.0,-30.0,-30.0,-10.4,-30.0,25.2,0.0,38,87.1,97259.52,0.0,8.2,0.0,0.0,77.0,0.0,1.0,8.2,4.0,17.5,0.0,0.0,0,0,0,0.0,0,0,0,0,0,0,0,0,5GSA,Unknown_ReEstResult
41.10512,29.02608,-140.0,-140.0,-140.0,-140.0,-140.0,-140.0,-140.0,-72.4,-140.0,-30.0,-30.0,-30.0,-30.0,-30.0,-30.0,-30.0,-10.4,-30.0,27.2,0.0,38,91.6,96773.07,0.0,12.3,0.0,0.0,71.0,0.0,1.0,12.3,4.0,17.5,0.0,0.0,0,0,0,0.0,0,0,0,0,0,0,0,0,5GSA,Unknown_ReEstResult
41.10515,29.0263,-140.0,-140.0,-140.0,-140.0,-140.0,-140.0,-140.0,-71.5,-140.0,-30.0,-30.0,-30.0,-30.0,-30.0,-30.0,-30.0,-10.4,-30.0,26.8,0.0,38,89.3,93015.28,0.0,6.7,0.0,0.0,46.0,0.0,1.0,6.7,4.0,17.5,0.0,0.9,0,0,0,0.0,0,0,0,0,0,0,0,0,5GSA,Unknown_ReEstResult
41.10525,29.02696,-140.0,-140.0,-140.0,-140.0,-140.0,-140.0,-140.0,-74.4,-140.0,-30.0,-30.0,-30.0,-30.0,-30.0,-30.0,-30.0,-10.4,-30.0,25.6,0.0,38,90.8,97177.6,0.0,10.4,0.0,0.0,28.0,0.0,1.0,10.4,4.0,17.5,0.0,0.0,0,0,0,0.0,0,0,0,0,0,0,0,0,5GSA,Unknown_ReEstResult
41.10526,29.02705,-140.0,-140.0,-140.0,-140.0,-140.0,-140.0,-140.0,-73.1,-140.0,-30.0,-30.0,-30.0,-30.0,-30.0,-30.0,-30.0,-10.4,-30.0,23.4,0.0,38,88.7,97607.68,0.0,10.4,0.0,0.0,29.0,0.0,1.0,10.4,4.0,17.5,0.0,0.8,0,0,0,0.0,0,0,0,0,0,0,0,0,5GSA,Unknown_ReEstResult
41.10528,29.02723,-140.0,-140.0,-140.0,-140.0,-140.0,-140.0,-140.0,-69.2,-140.0,-30.0,-30.0,-30.0,-30.0,-30.0,-30.0,-30.0,-10.4,-30.0,21.5,0.0,38,93.0,97689.6,0.0,10.0,0.0,0.0,29.0,0.0,1.0,10.0,4.0,17.5,0.0,0.0,0,0,0,0.0,0,0,0,0,0,0,0,0,5GSA,Unknown_ReEstResult
41.1053,29.0274,-140.0,-140.0,-140.0,-140.0,-140.0,-140.0,-140.0,-63.2,-140.0,-30.0,-30.0,-30.0,-30.0,-30.0,-30.0,-30.0,-10.4,-30.0,28.6,0.0,38,78.7,98461.01,0.0,8.4,0.0,0.0,32.0,0.0,1.0,8.4,4.0,14.5,0.0,0.0,0,0,0,0.0,0,0,0,0,0,0,0,0,5GSA,Unknown_ReEstResult
41.10614,29.02647,-140.0,-140.0,-140.0,-140.0,-140.0,-140.0,-99.8,-97.8,-94.2,-30.0,-30.0,-30.0,-30.0,-30.0,-30.0,-18.6,-16.1,-12.2,5.2,0.0,38,111.3,96829.44,0.0,3.9,0.0,0.0,159.0,0.0,1.0,3.9,4.0,18.0,0.0,6.6,0,0,0,0.0,0,0,0,0,0,0,0,0,5GSA,Unknown_ReEstResult
41.10726,29.02628,-140.0,-140.0,-140.0,-140.0,-140.0,-140.0,-97.4,-140.0,-102.2,-30.0,-30.0,-30.0,-30.0,-30.0,-30.0,-11.4,-30.0,-14.7,6.1,0.0,38,117.2,96481.28,0.0,8.7,0.0,0.0,165.0,0.0,1.0,8.7,4.0,19.5,0.0,8.9,0,0,0,0.0,0,0,0,0,0,0,0,0,5GSA,Unknown_ReEstResult
41.1075,29.02623,-140.0,-140.0,-140.0,-102.4,-140.0,-140.0,-98.0,-140.0,-101.9,-30.0,-30.0,-30.0,-16.1,-30.0,-30.0,-12.6,-30.0,-15.2,2.0,0.0,38,117.3,96835.47,93895.34,0.0,0.0,0.0,0.0,0.0,1.0,0.0,4.0,19.4,0.0,9.7,0,0,0,0.0,0,0,0,0,0,0,0,0,5GSA,Unknown_ReEstResult
41.10764,29.02277,-140.0,-140.0,-140.0,-75.9,-84.3,-140.0,-140.0,-140.0,-140.0,-30.0,-30.0,-30.0,-10.6,-17.3,-30.0,-30.0,-30.0,-30.0,11.1,0.0,38,95.0,97320.96,0.0,2.9,0.0,0.0,25.0,0.0,1.0,2.9,4.0,17.5,0.0,0.0,0,0,0,0.0,0,0,0,0,0,0,0,0,5GSA,Unknown_ReEstResult
41.108,29.02193,-140.0,-140.0,-140.0,-90.5,-90.5,-140.0,-140.0,-140.0,-140.0,-30.0,-30.0,-30.0,-12.9,-12.9,-30.0,-30.0,-30.0,-30.0,3.1,0.0,38,108.9,96691.1,0.0,11.8,0.0,0.0,113.0,0.0,1.0,11.8,4.0,17.5,0.0,0.5,0,0,0,0.0,0,0,0,0,0,0,0,0,5GSA,Unknown_ReEstResult
41.09895,29.02564,-140.0,-140.0,-140.0,-140.0,-140.0,-140.0,-140.0,-135.2,-140.0,-30.0,-30.0,-30.0,-30.0,-30.0,-30.0,-30.0,-22.8,-30.0,-9.3,0.0,39,154.8,3010.66,0.0,2.3,163.0,0.0,267.0,0.0,1.0,2.3,4.0,22.5,0.0,56.0,0,0,0,0.0,0,0,0,0,0,0,0,0,5GSA,Unknown_ReEstResult
41.1004,29.02145,-140.0,-140.0,-140.0,-140.0,-140.0,-140.0,-121.0,-118.0,-140.0,-30.0,-30.0,-30.0,-30.0,-30.0,-30.0,-15.3,-13.3,-30.0,-0.2,0.0,39,134.9,23879.74,0.0,7.0,25.0,0.0,267.0,0.0,1.0,7.0,4.0,22.2,0.0,16.0,0,0,0,0.0,0,0,0,0,0,0,0,0,5GSA,Unknown_ReEstResult
41.10524,29.02686,-140.0,-140.0,-140.0,-140.0,-140.0,-140.0,-140.0,-71.4,-140.0,-30.0,-30.0,-30.0,-30.0,-30.0,-30.0,-30.0,-10.4,-30.0,28.1,0.0,39,88.3,97177.6,0.0,8.9,0.0,0.0,29.0,0.0,1.0,8.9,4.0,17.5,0.0,0.0,0,0,0,0.0,0,0,0,0,0,0,0,0,5GSA,Unknown_ReEstResult
41.10557,29.02658,-140.0,-140.0,-140.0,-140.0,-140.0,-140.0,-140.0,-73.4,-85.0,-30.0,-30.0,-30.0,-30.0,-30.0,-30.0,-30.0,-10.5,-17.4,16.2,0.0,39,95.0,97607.68,94733.22,0.0,0.0,0.0,0.0,0.0,1.0,0.0,4.0,17.5,0.0,0.0,0,0,0,0.0,0,0,0,0,0,0,0,0,5GSA,Unknown_ReEstResult
41.1058,29.02656,-140.0,-140.0,-140.0,-140.0,-140.0,-140.0,-140.0,-92.2,-95.1,-30.0,-30.0,-30.0,-30.0,-30.0,-30.0,-30.0,-11.6,-14.5,7.4,0.0,39,108.0,97613.87,94856.48,0.0,0.0,0.0,0.0,0.0,1.0,0.0,4.0,17.5,0.0,0.0,0,0,0,0.0,0,0,0,0,0,0,0,0,5GSA,Unknown_ReEstResult
41.10593,29.02779,-140.0,-140.0,-140.0,-140.0,-140.0,-140.0,-140.0,-140.0,-79.4,-30.0,-30.0,-30.0,-30.0,-30.0,-30.0,-30.0,-30.0,-10.5,17.7,0.0,39,95.7,50196.48,66593.18,8.9,0.0,0.0,21.0,0.0,1.0,8.9,4.0,17.5,0.0,0.0,0,0,0,0.0,0,0,0,0,0,0,0,0,5GSA,Unknown_ReEstResult
41.10606,29.02647,-140.0,-140.0,-140.0,-140.0,-140.0,-140.0,-100.4,-96.2,-94.9,-30.0,-30.0,-30.0,-30.0,-30.0,-30.0,-17.4,-13.9,-13.6,2.0,0.0,39,111.4,96993.28,93902.01,0.0,0.0,0.0,0.0,0.0,1.0,0.0,4.0,17.5,0.0,2.6,0,0,0,0.0,0,0,0,0,0,0,0,0,5GSA,Unknown_ReEstResult
41.10616,29.02782,-140.0,-140.0,-140.0,-140.0,-140.0,-140.0,-140.0,-140.0,-71.9,-30.0,-30.0,-30.0,-30.0,-30.0,-30.0,-30.0,-30.0,-10.4,26.4,0.0,39,90.9,97049.63,94102.84,6.0,0.0,0.0,63.0,0.0,1.0,6.0,4.0,17.5,0.0,0.0,0,0,0,0.0,0,0,0,0,0,0,0,0,5GSA,Unknown_ReEstResult
41.10663,29.02643,-140.0,-140.0,-140.0,-140.0,-140.0,-140.0,-96.8,-140.0,-100.1,-30.0,-30.0,-30.0,-30.0,-30.0,-30.0,-11.8,-30.0,-14.2,5.0,0.0,39,118.6,97095.68,0.0,7.6,0.0,0.0,165.0,0.0,1.0,7.6,4.0,20.1,0.0,6.8,0,0,0,0.0,0,0,0,0,0,0,0,0,5GSA,Unknown_ReEstResult
41.10754,29.02622,-140.0,-140.0,-140.0,-140.0,-140.0,-140.0,-98.8,-140.0,-102.1,-30.0,-30.0,-30.0,-30.0,-30.0,-30.0,-12.5,-30.0,-15.6,2.5,0.0,39,117.0,96527.3,0.0,7.5,0.0,0.0,170.0,0.0,1.0,7.5,4.0,18.8,0.0,7.5,0,0,0,0.0,0,0,0,0,0,0,0,0,5GSA,Unknown_ReEstResult
41.1076,29.02338,-140.0,-140.0,-140.0,-75.3,-89.4,-140.0,-140.0,-140.0,-140.0,-30.0,-30.0,-30.0,-10.4,-19.4,-30.0,-30.0,-30.0,-30.0,-15.2,0.0,39,143.8,0.0,0.0,87.5,0.0,0.0,26.0,0.0,1.0,87.5,4.0,18.3,0.0,11.8,0,0,0,0.0,0,0,0,0,0,0,0,0,5GSA,Unknown_ReEstResult
41.10781,29.02249,-140.0,-140.0,-140.0,-84.5,-86.2,-140.0,-140.0,-140.0,-140.0,-30.0,-30.0,-30.0,-11.4,-13.5,-30.0,-30.0,-30.0,-30.0,4.0,0.0,39,105.3,95698.02,0.0,0.0,0.0,0.0,71.0,0.0,1.0,0.0,4.0,17.5,0.0,0.0,0,0,0,0.0,0,0,0,0,0,0,0,0,5GSA,Unknown_ReEstResult
41.10786,29.02241,-140.0,-140.0,-140.0,-83.2,-82.6,-140.0,-140.0,-140.0,-140.0,-30.0,-30.0,-30.0,-12.9,-11.8,-30.0,-30.0,-30.0,-30.0,-2.5,0.0,39,103.7,97223.62,0.0,2.1,0.0,0.0,74.0,0.0,1.0,2.1,4.0,17.5,0.0,0.0,0,0,0,0.0,0,0,0,0,0,0,0,0,5GSA,Unknown_ReEstResult
41.108,29.022,-140.0,-140.0,-140.0,-90.1,-88.8,-140.0,-140.0,-140.0,-140.0,-30.0,-30.0,-30.0,-12.5,-12.8,-30.0,-30.0,-30.0,-30.0,3.4,0.0,39,109.6,96194.56,0.0,8.6,0.0,0.0,124.0,0.0,1.0,8.6,4.0,17.5,0.0,0.5,0,0,0,0.0,0,0,0,0,0,0,0,0,5GSA,Unknown_ReEstResult
41.09933,29.02383,-140.0,-140.0,-140.0,-140.0,-140.0,-140.0,-131.6,-124.2,-140.0,-30.0,-30.0,-30.0,-30.0,-30.0,-30.0,-20.9,-14.5,-30.0,-0.7,0.0,40,140.8,13065.56,0.0,16.7,3.0,0.0,90.0,0.0,1.0,16.7,4.0,22.3,0.0,10.3,0,0,0,0.0,0,0,0,0,0,0,0,0,5GSA,Unknown_ReEstResult
41.1,29.02198,-140.0,-140.0,-140.0,-140.0,-140.0,-140.0,-124.8,-119.5,-140.0,-30.0,-30.0,-30.0,-30.0,-30.0,-30.0,-17.7,-12.8,-30.0,0.5,0.0,40,135.9,0.0,26012.15,16.4,4.0,0.0,132.0,0.0,1.0,16.4,4.0,22.2,0.0,11.1,0,0,0,0.0,0,0,0,0,0,0,0,0,5GSA,Unknown_ReEstResult
41.10028,29.02161,-140.0,-140.0,-140.0,-140.0,-140.0,-140.0,-123.9,-119.7,-140.0,-30.0,-30.0,-30.0,-30.0,-30.0,-30.0,-17.0,-13.2,-30.0,-1.8,0.0,40,137.0,0.0,18576.89,21.0,12.0,0.0,161.0,0.0,1.0,21.0,4.0,22.3,0.0,10.7,0,0,0,0.0,0,0,0,0,0,0,0,0,5GSA,Unknown_ReEstResult
41.10056,29.02123,-140.0,-140.0,-140.0,-140.0,-140.0,-140.0,-119.3,-117.3,-140.0,-30.0,-30.0,-30.0,-30.0,-30.0,-30.0,-15.1,-13.2,-30.0,0.4,0.0,40,133.6,37378.01,0.0,7.9,12.0,0.0,267.0,0.0,1.0,7.9,4.0,21.9,0.0,12.6,0,0,0,0.0,0,0,0,0,0,0,0,0,5GSA,Unknown_ReEstResult
41.10067,29.02101,-140.0,-140.0,-140.0,-140.0,-140.0,-140.0,-119.2,-116.3,-140.0,-30.0,-30.0,-30.0,-30.0,-30.0,-30.0,-15.7,-13.4,-30.0,0.6,0.0,40,134.7,0.0,59718.05,10.4,0.0,0.0,266.0,0.0,1.0,10.4,4.0,22.0,0.0,12.2,0,0,0,0.0,0,0,0,0,0,0,0,0,5GSA,Unknown_ReEstResult
41.10502,29.02544,-140.0,-140.0,-140.0,-140.0,-140.0,-140.0,-140.0,-77.9,-140.0,-30.0,-30.0,-30.0,-30.0,-30.0,-30.0,-30.0,-10.4,-30.0,23.1,0.0,40,98.1,95298.43,0.0,6.2,0.0,0.0,84.0,0.0,1.0,6.2,4.0,17.5,0.0,0.0,0,0,0,0.0,0,0,0,0,0,0,0,0,5GSA,Unknown_ReEstResult
41.1053,29.02736,-140.0,-140.0,-140.0,-140.0,-140.0,-140.0,-140.0,-68.2,-140.0,-30.0,-30.0,-30.0,-30.0,-30.0,-30.0,-30.0,-10.4,-30.0,26.8,0.0,40,90.3,97233.94,95493.91,6.9,0.0,0.0,31.0,0.0,1.0,6.9,4.0,17.5,0.0,0.0,0,0,0,0.0,0,0,0,0,0,0,0,0,5GSA,Unknown_ReEstResult
41.10561,29.02778,-140.0,-140.0,-140.0,-140.0,-140.0,-140.0,-140.0,-82.7,-76.9,-30.0,-30.0,-30.0,-30.0,-30.0,-30.0,-30.0,-15.2,-11.1,8.8,0.0,40,96.5,88576.0,73404.71,7.1,0.0,0.0,27.0,0.0,1.0,7.1,4.0,17.5,0.0,0.0,0,0,0,0.0,0,0,0,0,0,0,0,0,5GSA,Unknown_ReEstResult
41.10567,29.02781,-140.0,-140.0,-140.0,-140.0,-140.0,-140.0,-140.0,-85.0,-72.5,-30.0,-30.0,-30.0,-30.0,-30.0,-30.0,-30.0,-16.6,-10.6,16.2,0.0,40,91.8,74178.56,68137.58,3.4,0.0,0.0,22.0,0.0,1.0,3.4,4.0,17.5,0.0,0.8,0,0,0,0.0,0,0,0,0,0,0,0,0,5GSA,Unknown_ReEstResult
41.10574,29.02781,-140.0,-140.0,-140.0,-140.0,-140.0,-140.0,-140.0,-140.0,-72.9,-30.0,-30.0,-30.0,-30.0,-30.0,-30.0,-30.0,-30.0,-10.6,25.1,0.0,40,88.0,65655.44,64630.85,3.9,0.0,0.0,22.0,0.0,1.0,3.9,4.0,17.5,0.0,0.0,0,0,0,0.0,0,0,0,0,0,0,0,0,5GSA,Unknown_ReEstResult
41.1061,29.02778,-140.0,-140.0,-140.0,-140.0,-140.0,-140.0,-140.0,-140.0,-72.3,-30.0,-30.0,-30.0,-30.0,-30.0,-30.0,-30.0,-30.0,-10.4,23.2,0.0,40,92.4,95247.56,94139.23,11.1,0.0,0.0,66.0,0.0,1.0,11.1,4.0,17.5,0.0,0.0,0,0,0,0.0,0,0,0,0,0,0,0,0,5GSA,Unknown_ReEstResult
41.10625,29.02795,-140.0,-140.0,-140.0,-140.0,-140.0,-98.0,-140.0,-140.0,-82.2,-30.0,-30.0,-30.0,-30.0,-30.0,-22.5,-30.0,-30.0,-10.5,18.6,0.0,40,96.7,97418.25,93518.05,7.3,0.0,0.0,80.0,0.0,1.0,7.3,4.0,17.5,0.0,0.0,0,0,0,0.0,0,0,0,0,0,0,0,0,5GSA,Unknown_ReEstResult
41.1063,29.02802,-140.0,-140.0,-140.0,-140.0,-140.0,-90.5,-140.0,-140.0,-79.1,-30.0,-30.0,-30.0,-30.0,-30.0,-18.5,-30.0,-30.0,-10.5,17.3,0.0,40,99.5,97361.92,93210.37,11.7,0.0,0.0,78.0,0.0,1.0,11.7,4.0,17.5,0.0,0.0,0,0,0,0.0,0,0,0,0,0,0,0,0,5GSA,Unknown_ReEstResult
41.10757,29.0231,-140.0,-140.0,-140.0,-72.2,-140.0,-140.0,-140.0,-140.0,-140.0,-30.0,-30.0,-30.0,-10.4,-30.0,-30.0,-30.0,-30.0,-30.0,29.3,0.0,40,91.4,97520.69,0.0,5.4,0.0,0.0,26.0,0.0,1.0,5.4,4.0,17.5,0.0,0.0,0,0,0,0.0,0,0,0,0,0,0,0,0,5GSA,Unknown_ReEstResult
41.1076,29.02332,-140.0,-140.0,-140.0,-71.1,-140.0,-140.0,-140.0,-140.0,-140.0,-30.0,-30.0,-30.0,-10.4,-30.0,-30.0,-30.0,-30.0,-30.0,30.5,0.0,40,91.7,97484.8,0.0,1.8,0.0,0.0,25.0,0.0,1.0,1.8,4.0,17.5,0.0,0.0,0,0,0,0.0,0,0,0,0,0,0,0,0,5GSA,Unknown_ReEstResult
41.10773,29.02263,-140.0,-140.0,-140.0,-79.4,-84.7,-140.0,-140.0,-140.0,-140.0,-30.0,-30.0,-30.0,-10.8,-15.2,-30.0,-30.0,-30.0,-30.0,9.5,0.0,40,102.1,95815.41,0.0,1.0,0.0,0.0,71.0,0.0,1.0,1.0,4.0,17.5,0.0,0.0,0,0,0,0.0,0,0,0,0,0,0,0,0,5GSA,Unknown_ReEstResult
41.10798,29.02213,-140.0,-140.0,-140.0,-88.5,-89.6,-140.0,-140.0,-140.0,-140.0,-30.0,-30.0,-30.0,-12.0,-13.0,-30.0,-30.0,-30.0,-30.0,3.5,0.0,40,109.1,95252.48,0.0,9.9,0.0,0.0,125.0,0.0,1.0,9.9,4.0,17.5,0.0,0.0,0,0,0,0.0,0,0,0,0,0,0,0,0,5GSA,Unknown_ReEstResult
41.09899,29.02517,-140.0,-140.0,-140.0,-140.0,-131.0,-140.0,-140.0,-128.3,-140.0,-30.0,-30.0,-30.0,-30.0,-19.6,-30.0,-30.0,-16.8,-30.0,-6.8,0.0,41,147.3,8601.15,0.0,15.1,14.0,0.0,160.0,0.0,1.0,15.1,4.0,22.5,0.0,27.1,0,0,0,0.0,0,0,0,0,0,0,0,0,5GSA,Unknown_ReEstResult
41.09944,29.02313,-140.0,-140.0,-140.0,-140.0,-140.0,-140.0,-140.0,-119.4,-140.0,-30.0,-30.0,-30.0,-30.0,-30.0,-30.0,-30.0,-12.5,-30.0,2.0,0.0,41,136.5,21155.38,40039.99,7.6,7.0,0.0,87.0,0.0,1.0,7.6,4.0,22.2,0.0,10.2,0,0,0,0.0,0,0,0,0,0,0,0,0,5GSA,Unknown_ReEstResult
41.10051,29.02131,-140.0,-140.0,-140.0,-140.0,-140.0,-140.0,-119.5,-116.8,-140.0,-30.0,-30.0,-30.0,-30.0,-30.0,-30.0,-15.6,-13.0,-30.0,-0.2,0.0,41,135.3,47902.79,0.0,6.0,11.0,0.0,268.0,0.0,1.0,6.0,4.0,22.2,0.0,13.0,0,0,0,0.0,0,0,0,0,0,0,0,0,5GSA,Unknown_ReEstResult
41.10555,29.02775,-140.0,-140.0,-140.0,-140.0,-140.0,-140.0,-140.0,-80.4,-80.4,-30.0,-30.0,-30.0,-30.0,-30.0,-30.0,-30.0,-13.1,-12.3,4.8,0.0,41,96.5,96010.24,84821.2,9.4,0.0,0.0,28.0,0.0,1.0,9.4,4.0,17.5,0.0,0.0,0,0,0,0.0,0,0,0,0,0,0,0,0,5GSA,Unknown_ReEstResult
41.1056,29.02658,-140.0,-140.0,-140.0,-140.0,-140.0,-140.0,-140.0,-75.7,-84.4,-30.0,-30.0,-30.0,-30.0,-30.0,-30.0,-30.0,-10.6,-18.9,15.9,0.0,41,93.6,97172.51,0.0,9.0,0.0,0.0,29.0,0.0,1.0,9.0,4.0,17.5,0.0,0.0,0,0,0,0.0,0,0,0,0,0,0,0,0,5GSA,Unknown_ReEstResult
41.10598,29.02649,-140.0,-140.0,-140.0,-140.0,-140.0,-140.0,-103.9,-95.2,-98.4,-30.0,-30.0,-30.0,-30.0,-30.0,-30.0,-20.2,-12.1,-14.7,-2.6,0.0,41,114.3,96768.0,0.0,10.3,0.0,0.0,102.0,0.0,1.0,10.3,4.0,18.0,0.0,7.1,0,0,0,0.0,0,0,0,0,0,0,0,0,5GSA,Unknown_ReEstResult
41.10684,29.02151,-140.0,-140.0,-140.0,-140.0,-75.4,-140.0,-140.0,-140.0,-140.0,-30.0,-30.0,-30.0,-30.0,-10.4,-30.0,-30.0,-30.0,-30.0,32.1,0.0,41,96.9,97078.59,94146.92,15.1,0.0,0.0,63.0,0.0,1.0,15.1,4.0,17.5,0.0,0.5,0,0,0,0.0,0,0,0,0,0,0,0,0,5GSA,Unknown_ReEstResult
41.10798,29.02118,-140.0,-140.0,-140.0,-99.2,-102.4,-140.0,-140.0,-140.0,-140.0,-30.0,-30.0,-30.0,-11.6,-15.3,-30.0,-30.0,-30.0,-30.0,-5.2,0.0,41,129.5,54745.91,95144.83,4.3,5.0,0.0,184.0,0.0,1.0,4.3,4.0,18.6,0.0,20.3,0,0,0,0.0,0,0,0,0,0,0,0,0,5GSA,Unknown_ReEstResult
41.09907,29.0248,-140.0,-140.0,-140.0,-140.0,-140.0,-140.0,-140.0,-126.7,-140.0,-30.0,-30.0,-30.0,-30.0,-30.0,-30.0,-30.0,-15.7,-30.0,-3.4,0.0,42,143.6,8499.2,0.0,6.6,4.0,0.0,106.0,0.0,1.0,6.6,4.0,22.4,0.0,12.1,0,0,0,0.0,0,0,0,0,0,0,0,0,5GSA,Unknown_ReEstResult
41.09935,29.02699,-140.0,-140.0,-140.0,-140.0,-140.0,-140.0,-140.0,-140.0,-140.0,-30.0,-30.0,-30.0,-30.0,-30.0,-30.0,-30.0,-30.0,-30.0,-20.0,0.0,42,150.0,0.0,0.0,0.0,0.0,0.0,36.0,0.0,1.0,0.0,4.0,0.0,0.0,0.0,0,0,0,0.0,0,0,0,0,0,0,0,0,5GSA,Unknown_ReEstResult
41.09938,29.02304,-140.0,-140.0,-140.0,-140.0,-140.0,-140.0,-140.0,-121.0,-140.0,-30.0,-30.0,-30.0,-30.0,-30.0,-30.0,-30.0,-12.7,-30.0,2.6,0.0,42,136.2,0.0,0.0,33.3,0.0,0.0,16.0,0.0,1.0,33.3,4.0,22.3,0.0,11.5,0,0,0,0.0,0,0,0,0,0,0,0,0,5GSA,Unknown_ReEstResult
41.0994,29.02334,-140.0,-140.0,-140.0,-140.0,-140.0,-140.0,-130.3,-122.3,-140.0,-30.0,-30.0,-30.0,-30.0,-30.0,-30.0,-21.1,-13.5,-30.0,-0.1,0.0,42,138.3,13065.56,0.0,9.7,10.0,0.0,100.0,0.0,1.0,9.7,4.0,22.3,0.0,10.5,0,0,0,0.0,0,0,0,0,0,0,0,0,5GSA,Unknown_ReEstResult
41.09955,29.02279,-140.0,-140.0,-140.0,-140.0,-140.0,-140.0,-126.7,-118.6,-140.0,-30.0,-30.0,-30.0,-30.0,-30.0,-30.0,-19.5,-12.3,-30.0,3.1,0.0,42,134.7,62726.98,0.0,9.8,0.0,0.0,105.0,0.0,1.0,9.8,4.0,22.1,0.0,10.9,0,0,0,0.0,0,0,0,0,0,0,0,0,5GSA,Unknown_ReEstResult
41.09964,29.0226,-140.0,-140.0,-140.0,-140.0,-140.0,-140.0,-125.5,-118.5,-140.0,-30.0,-30.0,-30.0,-30.0,-30.0,-30.0,-18.9,-12.4,-30.0,2.7,0.0,42,134.0,76038.29,88546.9,7.3,5.0,0.0,146.0,0.0,1.0,7.3,4.0,22.1,0.0,10.6,0,0,0,0.0,0,0,0,0,0,0,0,0,5GSA,Unknown_ReEstResult
41.10058,29.02119,-140.0,-140.0,-140.0,-140.0,-140.0,-140.0,-118.9,-117.8,-140.0,-30.0,-30.0,-30.0,-30.0,-30.0,-30.0,-14.9,-14.1,-30.0,-0.7,0.0,42,135.2,29574.72,0.0,7.5,0.0,0.0,266.0,0.0,1.0,7.5,4.0,22.0,0.0,12.7,0,0,0,0.0,0,0,0,0,0,0,0,0,5GSA,Unknown_ReEstResult
41.10071,29.02093,-140.0,-140.0,-140.0,-140.0,-140.0,-140.0,-118.6,-116.5,-140.0,-30.0,-30.0,-30.0,-30.0,-30.0,-30.0,-15.3,-13.4,-30.0,1.2,0.0,42,133.5,61624.38,55900.14,6.9,0.0,0.0,269.0,0.0,1.0,6.9,4.0,22.1,0.0,8.5,0,0,0,0.0,0,0,0,0,0,0,0,0,5GSA,Unknown_ReEstResult
41.10092,29.02045,-140.0,-140.0,-140.0,-140.0,-140.0,-140.0,-116.7,-115.4,-140.0,-30.0,-30.0,-30.0,-30.0,-30.0,-30.0,-14.7,-13.8,-30.0,0.6,0.0,42,131.8,19313.38,35636.46,2.7,4.0,0.0,266.0,0.0,1.0,2.7,4.0,21.9,0.0,11.5,0,0,0,0.0,0,0,0,0,0,0,0,0,5GSA,Unknown_ReEstResult
41.10587,29.0278,-140.0,-140.0,-140.0,-140.0,-140.0,-140.0,-140.0,-140.0,-75.4,-30.0,-30.0,-30.0,-30.0,-30.0,-30.0,-30.0,-30.0,-10.4,24.3,0.0,42,91.1,64266.24,52775.23,8.6,0.0,0.0,23.0,0.0,1.0,8.6,4.0,17.5,0.0,1.1,0,0,0,0.0,0,0,0,0,0,0,0,0,5GSA,Unknown_ReEstResult
41.10594,29.02651,-140.0,-140.0,-140.0,-140.0,-140.0,-140.0,-101.1,-94.7,-98.6,-30.0,-30.0,-30.0,-30.0,-30.0,-30.0,-20.9,-11.7,-15.2,-5.7,0.0,42,116.0,95150.08,0.0,7.3,0.0,0.0,108.0,0.0,1.0,7.3,4.0,17.9,0.0,11.0,0,0,0,0.0,0,0,0,0,0,0,0,0,5GSA,Unknown_ReEstResult
41.10698,29.02151,-140.0,-140.0,-140.0,-140.0,-73.3,-140.0,-140.0,-140.0,-140.0,-30.0,-30.0,-30.0,-30.0,-10.3,-30.0,-30.0,-30.0,-30.0,30.7,0.0,42,94.1,95754.18,93136.48,8.3,0.0,0.0,58.0,0.0,1.0,8.3,4.0,17.5,0.0,0.0,0,0,0,0.0,0,0,0,0,0,0,0,0,5GSA,Unknown_ReEstResult
41.10709,29.02633,-140.0,-140.0,-140.0,-140.0,-140.0,-140.0,-97.4,-140.0,-104.8,-30.0,-30.0,-30.0,-30.0,-30.0,-30.0,-11.3,-30.0,-16.0,6.7,0.0,42,115.0,97387.51,0.0,14.7,0.0,0.0,175.0,0.0,1.0,14.7,4.0,18.7,0.0,7.0,0,0,0,0.0,0,0,0,0,0,0,0,0,5GSA,Unknown_ReEstResult
41.10769,29.02268,-140.0,-140.0,-140.0,-77.3,-84.9,-140.0,-140.0,-140.0,-140.0,-30.0,-30.0,-30.0,-10.8,-15.5,-30.0,-30.0,-30.0,-30.0,8.4,0.0,42,98.7,96179.08,0.0,1.2,0.0,0.0,25.0,0.0,1.0,1.2,4.0,17.5,0.0,0.0,0,0,0,0.0,0,0,0,0,0,0,0,0,5GSA,Unknown_ReEstResult
41.10031,29.02155,-140.0,-140.0,-140.0,-140.0,-140.0,-140.0,-122.1,-120.2,-140.0,-30.0,-30.0,-30.0,-30.0,-30.0,-30.0,-15.9,-14.4,-30.0,-2.3,0.0,43,139.0,20848.64,20271.34,9.8,2.0,0.0,135.0,0.0,1.0,9.8,4.0,22.3,0.0,9.7,0,0,0,0.0,0,0,0,0,0,0,0,0,5GSA,Unknown_ReEstResult
41.10055,29.02125,-140.0,-140.0,-140.0,-140.0,-140.0,-140.0,-119.4,-116.8,-140.0,-30.0,-30.0,-30.0,-30.0,-30.0,-30.0,-16.1,-12.9,-30.0,0.8,0.0,43,133.4,61975.7,31102.96,2.2,20.0,0.0,269.0,0.0,1.0,2.2,4.0,22.1,0.0,15.2,0,0,0,0.0,0,0,0,0,0,0,0,0,5GSA,Unknown_ReEstResult
41.10086,29.0206,-140.0,-140.0,-140.0,-140.0,-140.0,-140.0,-116.7,-117.0,-140.0,-30.0,-30.0,-30.0,-30.0,-30.0,-30.0,-14.1,-14.0,-30.0,1.3,0.0,43,132.7,36556.86,20550.7,0.0,0.0,0.0,270.0,0.0,1.0,0.0,4.0,22.0,0.0,9.6,0,0,0,0.0,0,0,0,0,0,0,0,0,5GSA,Unknown_ReEstResult
41.101,29.02016,-140.0,-140.0,-137.5,-140.0,-140.0,-140.0,-115.7,-115.6,-140.0,-30.0,-30.0,-30.4,-30.0,-30.0,-30.0,-14.0,-14.1,-30.0,-1.2,0.0,43,133.3,41201.52,70242.62,7.8,4.0,0.0,266.0,0.0,1.0,7.8,4.0,22.0,0.0,6.8,0,0,0,0.0,0,0,0,0,0,0,0,0,5GSA,Unknown_ReEstResult
41.10105,29.01997,-140.0,-140.0,-140.0,-140.0,-140.0,-140.0,-120.4,-115.0,-140.0,-30.0,-30.0,-30.0,-30.0,-30.0,-30.0,-19.0,-13.4,-30.0,1.1,0.0,43,131.1,80281.6,78513.62,9.9,0.0,0.0,237.0,0.0,1.0,9.9,4.0,22.0,0.0,10.0,0,0,0,0.0,0,0,0,0,0,0,0,0,5GSA,Unknown_ReEstResult
41.10108,29.01983,-140.0,-140.0,-122.1,-140.0,-140.0,-140.0,-140.0,-114.0,-140.0,-30.0,-30.0,-20.3,-30.0,-30.0,-30.0,-30.0,-13.8,-30.0,0.1,0.0,43,131.4,13917.25,19396.26,0.0,7.0,0.0,266.0,0.0,1.0,0.0,4.0,21.9,0.0,16.0,0,0,0,0.0,0,0,0,0,0,0,0,0,5GSA,Unknown_ReEstResult
41.10538,29.02758,-140.0,-140.0,-140.0,-140.0,-140.0,-140.0,-140.0,-67.4,-84.1,-30.0,-30.0,-30.0,-30.0,-30.0,-30.0,-30.0,-10.4,-21.8,24.3,0.0,43,83.2,98590.72,0.0,10.0,0.0,0.0,37.0,0.0,1.0,10.0,4.0,17.5,0.0,0.0,0,0,0,0.0,0,0,0,0,0,0,0,0,5GSA,Unknown_ReEstResult
41.10609,29.02647,-140.0,-140.0,-140.0,-140.0,-140.0,-140.0,-105.2,-92.4,-91.4,-30.0,-30.0,-30.0,-30.0,-30.0,-30.0,-21.1,-12.9,-12.4,2.0,0.0,43,108.0,96784.47,0.0,10.6,6.0,0.0,118.0,0.0,1.0,10.6,4.0,17.5,0.0,3.0,0,0,0,0.0,0,0,0,0,0,0,0,0,5GSA,Unknown_ReEstResult
41.1068,29.0264,-140.0,-140.0,-140.0,-140.0,-140.0,-140.0,-95.9,-140.0,-97.6,-30.0,-30.0,-30.0,-30.0,-30.0,-30.0,-12.0,-30.0,-13.1,5.6,0.0,43,115.5,96890.88,94007.87,11.8,0.0,0.0,156.0,0.0,1.0,11.8,4.0,18.6,0.0,8.7,0,0,0,0.0,0,0,0,0,0,0,0,0,5GSA,Unknown_ReEstResult
41.10759,29.02287,-140.0,-140.0,-140.0,-83.0,-87.6,-140.0,-140.0,-140.0,-140.0,-30.0,-30.0,-30.0,-11.0,-14.9,-30.0,-30.0,-30.0,-30.0,10.9,0.0,43,102.1,97520.69,0.0,0.4,0.0,0.0,31.0,0.0,1.0,0.4,4.0,17.5,0.0,0.0,0,0,0,0.0,0,0,0,0,0,0,0,0,5GSA,Unknown_ReEstResult
41.10761,29.02282,-140.0,-140.0,-140.0,-75.9,-83.7,-140.0,-140.0,-140.0,-140.0,-30.0,-30.0,-30.0,-10.6,-16.7,-30.0,-30.0,-30.0,-30.0,10.8,0.0,43,96.4,97526.4,0.0,1.8,0.0,0.0,28.0,0.0,1.0,1.8,4.0,17.5,0.0,0.0,0,0,0,0.0,0,0,0,0,0,0,0,0,5GSA,Unknown_ReEstResult
41.10785,29.02443,-140.0,-140.0,-140.0,-73.0,-140.0,-140.0,-140.0,-140.0,-140.0,-30.0,-30.0,-30.0,-10.4,-30.0,-30.0,-30.0,-30.0,-30.0,30.8,0.0,43,92.4,98790.98,95501.12,3.0,0.0,0.0,25.0,0.0,1.0,3.0,4.0,17.5,0.0,0.0,0,0,0,0.0,0,0,0,0,0,0,0,0,5GSA,Unknown_ReEstResult
41.09985,29.02221,-140.0,-140.0,-140.0,-140.0,-140.0,-140.0,-125.1,-118.5,-140.0,-30.0,-30.0,-30.0,-30.0,-30.0,-30.0,-18.4,-12.4,-30.0,1.5,0.0,44,135.2,33955.84,34114.31,9.2,0.0,0.0,122.0,0.0,1.0,9.2,4.0,22.2,0.0,8.8,0,0,0,0.0,0,0,0,0,0,0,0,0,5GSA,Unknown_ReEstResult
41.10075,29.02084,-140.0,-140.0,-140.0,-140.0,-140.0,-140.0,-117.2,-117.4,-140.0,-30.0,-30.0,-30.0,-30.0,-30.0,-30.0,-14.1,-14.4,-30.0,-1.0,0.0,44,135.0,59985.95,54242.79,7.9,0.0,0.0,268.0,0.0,1.0,7.9,4.0,21.9,0.0,10.8,0,0,0,0.0,0,0,0,0,0,0,0,0,5GSA,Unknown_ReEstResult
41.10111,29.01972,-140.0,-140.0,-118.5,-140.0,-140.0,-140.0,-118.2,-116.0,-140.0,-30.0,-30.0,-17.0,-30.0,-30.0,-30.0,-16.2,-15.3,-30.0,-1.5,0.0,44,132.0,14929.98,5007.17,0.0,10.0,0.0,263.0,0.0,1.0,0.0,4.0,22.0,0.0,10.4,0,0,0,0.0,0,0,0,0,0,0,0,0,5GSA,Unknown_ReEstResult
41.10113,29.01966,-140.0,-140.0,-117.3,-140.0,-140.0,-140.0,-120.7,-116.8,-140.0,-30.0,-30.0,-16.6,-30.0,-30.0,-30.0,-18.3,-15.2,-30.0,-1.8,0.0,44,133.4,7931.46,16401.7,0.0,10.0,0.0,259.0,0.0,1.0,0.0,4.0,22.2,0.0,10.4,0,0,0,0.0,0,0,0,0,0,0,0,0,5GSA,Unknown_ReEstResult
41.10469,29.02281,-76.4,-94.1,-140.0,-140.0,-140.0,-140.0,-140.0,-95.1,-140.0,-10.6,-23.5,-30.0,-30.0,-30.0,-30.0,-30.0,-22.7,-30.0,11.3,0.0,44,95.5,97136.64,0.0,9.4,0.0,0.0,62.0,0.0,1.0,9.4,4.0,17.5,0.0,0.5,0,0,0,0.0,0,0,0,0,0,0,0,0,5GSA,Unknown_ReEstResult
41.10497,29.02508,-140.0,-140.0,-140.0,-140.0,-140.0,-140.0,-140.0,-76.2,-140.0,-30.0,-30.0,-30.0,-30.0,-30.0,-30.0,-30.0,-10.4,-30.0,22.4,0.0,44,91.8,95559.68,0.0,12.8,0.0,0.0,77.0,0.0,1.0,12.8,4.0,17.5,0.0,0.0,0,0,0,0.0,0,0,0,0,0,0,0,0,5GSA,Unknown_ReEstResult
41.10544,29.0266,-140.0,-140.0,-140.0,-140.0,-140.0,-140.0,-140.0,-77.0,-92.3,-30.0,-30.0,-30.0,-30.0,-30.0,-30.0,-30.0,-10.5,-18.2,23.4,0.0,44,97.7,97438.73,0.0,11.9,0.0,0.0,31.0,0.0,1.0,11.9,4.0,17.5,0.0,0.0,0,0,0,0.0,0,0,0,0,0,0,0,0,5GSA,Unknown_ReEstResult
41.10583,29.02655,-140.0,-140.0,-140.0,-140.0,-140.0,-140.0,-140.0,-92.4,-96.8,-30.0,-30.0,-30.0,-30.0,-30.0,-30.0,-30.0,-11.5,-15.5,7.2,0.0,44,108.6,97766.39,0.0,5.6,0.0,0.0,59.0,0.0,1.0,5.6,4.0,17.5,0.0,0.0,0,0,0,0.0,0,0,0,0,0,0,0,0,5GSA,Unknown_ReEstResult
41.10659,29.02643,-140.0,-140.0,-140.0,-140.0,-140.0,-140.0,-99.9,-107.2,-103.4,-30.0,-30.0,-30.0,-30.0,-30.0,-30.0,-11.9,-18.6,-15.0,5.5,0.0,44,119.5,96599.09,93949.94,4.8,0.0,0.0,169.0,0.0,1.0,4.8,4.0,20.0,0.0,11.3,0,0,0,0.0,0,0,0,0,0,0,0,0,5GSA,Unknown_ReEstResult
41.10667,29.02154,-140.0,-140.0,-140.0,-140.0,-78.7,-140.0,-140.0,-140.0,-140.0,-30.0,-30.0,-30.0,-30.0,-10.4,-30.0,-30.0,-30.0,-30.0,23.7,0.0,44,100.0,95595.62,92737.7,12.2,0.0,0.0,69.0,0.0,1.0,12.2,4.0,17.5,0.0,0.0,0,0,0,0.0,0,0,0,0,0,0,0,0,5GSA,Unknown_ReEstResult
41.10753,29.02291,-140.0,-140.0,-140.0,-85.7,-88.4,-140.0,-140.0,-140.0,-140.0,-30.0,-30.0,-30.0,-11.4,-13.0,-30.0,-30.0,-30.0,-30.0,8.8,0.0,44,105.5,95825.92,92624.22,5.2,0.0,0.0,67.0,0.0,1.0,5.2,4.0,17.5,0.0,0.0,0,0,0,0.0,0,0,0,0,0,0,0,0,5GSA,Unknown_ReEstResult
41.10757,29.02327,-140.0,-140.0,-140.0,-72.1,-81.3,-140.0,-140.0,-140.0,-140.0,-30.0,-30.0,-30.0,-10.4,-18.9,-30.0,-30.0,-30.0,-30.0,-14.1,0.0,44,150.0,0.0,0.0,100.0,0.0,0.0,16.0,0.0,1.0,100.0,4.0,0.0,0.0,0.0,0,0,0,0.0,0,0,0,0,0,0,0,0,5GSA,Unknown_ReEstResult
41.10761,29.02342,-140.0,-140.0,-140.0,-67.1,-140.0,-140.0,-140.0,-140.0,-140.0,-30.0,-30.0,-30.0,-10.4,-30.0,-30.0,-30.0,-30.0,-30.0,32.7,0.0,44,87.0,86657.8,68961.88,1.9,0.0,0.0,25.0,0.0,1.0,1.9,4.0,17.5,0.0,0.0,0,0,0,0.0,0,0,0,0,0,0,0,0,5GSA,Unknown_ReEstResult
41.10763,29.0235,-140.0,-140.0,-140.0,-57.4,-140.0,-140.0,-140.0,-140.0,-140.0,-30.0,-30.0,-30.0,-10.3,-30.0,-30.0,-30.0,-30.0,-30.0,36.8,0.0,44,77.1,96819.3,85045.69,1.3,0.0,0.0,24.0,0.0,1.0,1.3,4.0,14.8,0.0,0.0,0,0,0,0.0,0,0,0,0,0,0,0,0,5GSA,Unknown_ReEstResult
41.10765,29.02359,-140.0,-140.0,-140.0,-66.8,-140.0,-140.0,-140.0,-140.0,-140.0,-30.0,-30.0,-30.0,-10.3,-30.0,-30.0,-30.0,-30.0,-30.0,36.2,0.0,44,87.3,97342.27,78017.46,0.1,0.0,0.0,24.0,0.0,1.0,0.1,4.0,17.5,0.0,0.0,0,0,0,0.0,0,0,0,0,0,0,0,0,5GSA,Unknown_ReEstResult
41.10499,29.0252,-140.0,-140.0,-140.0,-140.0,-140.0,-140.0,-140.0,-76.3,-140.0,-30.0,-30.0,-30.0,-30.0,-30.0,-30.0,-30.0,-10.4,-30.0,21.6,0.0,45,91.7,95441.8,0.0,6.1,0.0,0.0,82.0,0.0,1.0,6.1,4.0,17.5,0.0,0.0,0,0,0,0.0,0,0,0,0,0,0,0,0,5GSA,Unknown_ReEstResult
41.10648,29.02648,-140.0,-140.0,-140.0,-140.0,-140.0,-140.0,-99.3,-108.7,-104.4,-30.0,-30.0,-30.0,-30.0,-30.0,-30.0,-11.6,-20.6,-17.8,7.4,0.0,45,117.3,96890.88,0.0,8.1,0.0,0.0,162.0,0.0,1.0,8.1,4.0,19.8,0.0,8.9,0,0,0,0.0,0,0,0,0,0,0,0,0,5GSA,Unknown_ReEstResult
41.10753,29.02272,-140.0,-140.0,-140.0,-84.0,-84.4,-140.0,-140.0,-140.0,-140.0,-30.0,-30.0,-30.0,-11.8,-14.3,-30.0,-30.0,-30.0,-30.0,6.3,0.0,45,101.6,95662.08,92907.3,6.9,0.0,0.0,109.0,0.0,1.0,6.9,4.0,17.5,0.0,0.0,0,0,0,0.0,0,0,0,0,0,0,0,0,5GSA,Unknown_ReEstResult
41.10765,29.02362,-140.0,-140.0,-140.0,-69.7,-140.0,-140.0,-140.0,-140.0,-140.0,-30.0,-30.0,-30.0,-10.4,-30.0,-30.0,-30.0,-30.0,-30.0,35.3,0.0,45,88.8,82866.38,0.0,0.3,0.0,0.0,23.0,0.0,1.0,0.3,4.0,17.5,0.0,0.0,0,0,0,0.0,0,0,0,0,0,0,0,0,5GSA,Unknown_ReEstResult
41.10773,29.02389,-140.0,-140.0,-140.0,-65.8,-140.0,-140.0,-140.0,-140.0,-140.0,-30.0,-30.0,-30.0,-10.4,-30.0,-30.0,-30.0,-30.0,-30.0,35.4,0.0,45,86.3,97418.25,95631.23,0.2,0.0,0.0,24.0,0.0,1.0,0.2,4.0,17.5,0.0,0.0,0,0,0,0.0,0,0,0,0,0,0,0,0,5GSA,Unknown_ReEstResult
41.09903,29.02637,-150.6,-140.0,-140.0,-140.0,-140.0,-140.0,-140.0,-140.0,-140.0,-37.6,-30.0,-30.0,-30.0,-30.0,-30.0,-30.0,-30.0,-30.0,-17.4,0.0,46,150.0,0.0,0.0,0.0,1.0,0.0,36.0,0.0,1.0,0.0,4.0,0.0,0.0,0.0,0,0,0,40.0,0,0,0,0,0,0,0,0,5GSA,Unknown_ReEstResult
41.09932,29.0233,-140.0,-140.0,-140.0,-140.0,-140.0,-140.0,-140.0,-122.1,-140.0,-30.0,-30.0,-30.0,-30.0,-30.0,-30.0,-30.0,-13.3,-30.0,0.4,0.0,46,139.8,0.0,0.0,25.0,0.0,0.0,16.0,0.0,1.0,25.0,4.0,22.4,0.0,15.4,0,0,0,0.0,0,0,0,0,0,0,0,0,5GSA,Unknown_ReEstResult
41.09942,29.02293,-140.0,-140.0,-140.0,-140.0,-140.0,-140.0,-140.0,-119.1,-140.0,-30.0,-30.0,-30.0,-30.0,-30.0,-30.0,-30.0,-12.2,-30.0,3.5,0.0,46,135.1,0.0,0.0,0.0,0.0,0.0,16.0,0.0,1.0,0.0,4.0,22.3,0.0,8.5,0,0,0,0.0,0,0,0,0,0,0,0,0,5GSA,Unknown_ReEstResult
41.0999,29.02206,-140.0,-140.0,-140.0,-140.0,-140.0,-140.0,-125.6,-120.0,-140.0,-30.0,-30.0,-30.0,-30.0,-30.0,-30.0,-18.3,-12.6,-30.0,1.7,0.0,46,136.7,0.0,0.0,25.0,0.0,0.0,20.0,0.0,1.0,25.0,4.0,22.4,0.0,9.0,0,0,0,0.0,0,0,0,0,0,0,0,0,5GSA,Unknown_ReEstResult
41.10489,29.02455,-140.0,-140.0,-140.0,-140.0,-140.0,-140.0,-140.0,-79.8,-140.0,-30.0,-30.0,-30.0,-30.0,-30.0,-30.0,-30.0,-10.5,-30.0,15.5,0.0,46,95.3,96215.04,0.0,4.6,0.0,0.0,100.0,0.0,1.0,4.6,4.0,17.5,0.0,0.0,0,0,0,0.0,0,0,0,0,0,0,0,0,5GSA,Unknown_ReEstResult
41.10506,29.02568,-140.0,-140.0,-140.0,-140.0,-140.0,-140.0,-140.0,-78.5,-88.2,-30.0,-30.0,-30.0,-30.0,-30.0,-30.0,-30.0,-10.4,-20.2,27.2,0.0,46,94.0,96706.56,0.0,15.0,0.0,0.0,82.0,0.0,1.0,15.0,4.0,17.5,0.0,0.5,0,0,0,0.0,0,0,0,0,0,0,0,0,5GSA,Unknown_ReEstResult
41.10612,29.02647,-140.0,-140.0,-140.0,-140.0,-140.0,-140.0,-100.6,-97.0,-91.7,-30.0,-30.0,-30.0,-30.0,-30.0,-30.0,-19.4,-15.2,-12.0,4.4,0.0,46,108.7,97873.92,94519.81,18.1,0.0,0.0,131.0,0.0,1.0,18.1,4.0,17.5,0.0,2.5,0,0,0,0.0,0,0,0,0,0,0,0,0,5GSA,Unknown_ReEstResult
41.10784,29.02439,-140.0,-140.0,-140.0,-78.3,-140.0,-140.0,-140.0,-140.0,-140.0,-30.0,-30.0,-30.0,-10.5,-30.0,-30.0,-30.0,-30.0,-30.0,27.3,0.0,46,97.7,97295.18,0.0,7.5,0.0,0.0,28.0,0.0,1.0,7.5,4.0,17.5,0.0,0.0,0,0,0,0.0,0,0,0,0,0,0,0,0,5GSA,Unknown_ReEstResult
41.10784,29.02595,-140.0,-140.0,-140.0,-92.1,-140.0,-140.0,-91.5,-140.0,-91.5,-30.0,-30.0,-30.0,-14.9,-30.0,-30.0,-13.9,-30.0,-13.3,-3.3,0.0,46,114.6,95140.13,93489.7,8.4,0.0,0.0,122.0,0.0,1.0,8.4,4.0,17.5,0.0,0.0,0,0,0,0.0,0,0,0,0,0,0,0,0,5GSA,Unknown_ReEstResult
41.09915,29.02651,-140.0,-140.0,-140.0,-140.0,-140.0,-140.0,-140.0,-131.8,-140.0,-30.0,-30.0,-30.0,-30.0,-30.0,-30.0,-30.0,-19.4,-30.0,-10.4,0.0,47,151.7,40.96,0.0,11.1,3.0,0.0,207.0,0.0,1.0,11.1,4.0,22.5,0.0,54.5,0,0,0,0.0,0,0,0,0,0,0,0,0,5GSA,Unknown_ReEstResult
41.09952,29.0227,-140.0,-140.0,-140.0,-140.0,-140.0,-140.0,-126.8,-118.9,-140.0,-30.0,-30.0,-30.0,-30.0,-30.0,-30.0,-19.0,-12.1,-30.0,3.1,0.0,47,135.3,0.0,0.0,0.0,0.0,0.0,16.0,0.0,1.0,0.0,4.0,22.1,0.0,11.4,0,0,0,0.0,0,0,0,0,0,0,0,0,5GSA,Unknown_ReEstResult
41.09996,29.02197,-140.0,-140.0,-140.0,-140.0,-140.0,-140.0,-124.5,-120.7,-140.0,-30.0,-30.0,-30.0,-30.0,-30.0,-30.0,-17.0,-13.6,-30.0,1.4,0.0,47,137.3,0.0,0.0,50.0,0.0,0.0,20.0,0.0,1.0,50.0,4.0,22.3,0.0,9.5,0,0,0,0.0,0,0,0,0,0,0,0,0,5GSA,Unknown_ReEstResult
41.10456,29.02188,-56.5,-140.0,-140.0,-140.0,-140.0,-140.0,-140.0,-140.0,-140.0,-10.4,-30.0,-30.0,-30.0,-30.0,-30.0,-30.0,-30.0,-30.0,21.5,0.0,47,78.6,90716.9,0.0,3.7,0.0,0.0,25.0,0.0,1.0,3.7,4.0,15.1,0.0,0.0,0,0,0,0.0,0,0,0,0,0,0,0,0,5GSA,Unknown_ReEstResult
41.10468,29.02273,-82.8,-87.8,-140.0,-140.0,-140.0,-140.0,-140.0,-103.6,-140.0,-11.6,-18.6,-30.0,-30.0,-30.0,-30.0,-30.0,-24.4,-30.0,9.4,0.0,47,100.6,96824.36,0.0,8.7,0.0,0.0,66.0,0.0,1.0,8.7,4.0,17.5,0.0,1.0,0,0,0,0.0,0,0,0,0,0,0,0,0,5GSA,Unknown_ReEstResult
41.10655,29.02823,-140.0,-140.0,-140.0,-140.0,-140.0,-87.5,-140.0,-140.0,-81.7,-30.0,-30.0,-30.0,-30.0,-30.0,-15.2,-30.0,-30.0,-11.4,8.9,0.0,47,97.2,95472.75,0.0,8.3,0.0,0.0,66.0,0.0,1.0,8.3,4.0,17.5,0.0,0.0,0,0,0,0.0,0,0,0,0,0,0,0,0,5GSA,Unknown_ReEstResult
41.10743,29.02624,-140.0,-140.0,-140.0,-104.8,-140.0,-140.0,-98.5,-140.0,-100.0,-30.0,-30.0,-30.0,-18.7,-30.0,-30.0,-12.7,-30.0,-14.8,3.5,0.0,47,117.6,96803.88,94055.05,8.9,0.0,0.0,168.0,0.0,1.0,8.9,4.0,19.4,0.0,8.5,0,0,0,0.0,0,0,0,0,0,0,0,0,5GSA,Unknown_ReEstResult
41.09902,29.0261,-140.0,-140.0,-140.0,-140.0,-135.9,-140.0,-140.0,-131.4,-140.0,-30.0,-30.0,-30.0,-30.0,-23.1,-30.0,-30.0,-19.9,-30.0,-4.5,0.0,48,154.9,901.12,0.0,17.5,43.0,0.0,221.0,0.0,1.0,17.5,4.0,22.5,0.0,50.3,0,0,0,0.0,0,0,0,0,0,0,0,0,5GSA,Unknown_ReEstResult
41.09971,29.02238,-140.0,-140.0,-140.0,-140.0,-140.0,-140.0,-131.0,-119.5,-140.0,-30.0,-30.0,-30.0,-30.0,-30.0,-30.0,-22.1,-12.4,-30.0,2.5,0.0,48,135.5,0.0,0.0,50.0,0.0,0.0,16.0,0.0,1.0,50.0,4.0,22.2,0.0,7.6,0,0,0,0.0,0,0,0,0,0,0,0,0,5GSA,Unknown_ReEstResult
41.10007,29.02181,-140.0,-140.0,-140.0,-140.0,-140.0,-140.0,-125.8,-120.1,-140.0,-30.0,-30.0,-30.0,-30.0,-30.0,-30.0,-18.1,-13.2,-30.0,0.8,0.0,48,136.2,0.0,0.0,0.0,0.0,0.0,16.0,0.0,1.0,0.0,4.0,22.2,0.0,10.6,0,0,0,0.0,0,0,0,0,0,0,0,0,5GSA,Unknown_ReEstResult
41.10477,29.02377,-91.4,-140.0,-140.0,-140.0,-140.0,-140.0,-140.0,-87.0,-140.0,-13.8,-30.0,-30.0,-30.0,-30.0,-30.0,-30.0,-12.1,-30.0,6.3,0.0,48,99.8,95641.6,0.0,3.1,0.0,0.0,105.0,0.0,1.0,3.1,4.0,17.5,0.0,1.1,0,0,0,0.0,0,0,0,0,0,0,0,0,5GSA,Unknown_ReEstResult
41.10481,29.02409,-107.1,-140.0,-140.0,-140.0,-140.0,-140.0,-140.0,-86.2,-140.0,-23.1,-30.0,-30.0,-30.0,-30.0,-30.0,-30.0,-11.3,-30.0,8.5,0.0,48,99.9,95846.4,0.0,5.6,0.0,0.0,108.0,0.0,1.0,5.6,4.0,17.5,0.0,1.2,0,0,0,0.0,0,0,0,0,0,0,0,0,5GSA,Unknown_ReEstResult
41.10483,29.02298,-78.6,-140.0,-140.0,-140.0,-140.0,-140.0,-140.0,-88.7,-140.0,-11.3,-30.0,-30.0,-30.0,-30.0,-30.0,-30.0,-18.4,-30.0,13.2,0.0,48,98.0,95667.09,0.0,3.3,0.0,0.0,55.0,0.0,1.0,3.3,4.0,17.5,0.0,0.0,0,0,0,0.0,0,0,0,0,0,0,0,0,5GSA,Unknown_ReEstResult
41.10547,29.02281,-86.0,-140.0,-91.3,-140.0,-140.0,-140.0,-140.0,-140.0,-140.0,-12.6,-30.0,-16.4,-30.0,-30.0,-30.0,-30.0,-30.0,-30.0,4.9,0.0,48,105.3,95784.96,0.0,8.1,0.0,0.0,78.0,0.0,1.0,8.1,4.0,17.5,0.0,0.0,0,0,0,0.0,0,0,0,0,0,0,0,0,5GSA,Unknown_ReEstResult
41.10769,29.02226,-140.0,-140.0,-140.0,-85.4,-84.3,-140.0,-140.0,-140.0,-140.0,-30.0,-30.0,-30.0,-12.9,-11.9,-30.0,-30.0,-30.0,-30.0,7.6,0.0,48,105.5,96783.48,95442.71,9.1,0.0,0.0,79.0,0.0,1.0,9.1,4.0,17.5,0.0,0.0,0,0,0,0.0,0,0,0,0,0,0,0,0,5GSA,Unknown_ReEstResult
41.10778,29.02414,-140.0,-140.0,-140.0,-69.1,-140.0,-140.0,-140.0,-140.0,-140.0,-30.0,-30.0,-30.0,-10.4,-30.0,-30.0,-30.0,-30.0,-30.0,30.6,0.0,48,89.4,97193.03,0.0,5.4,0.0,0.0,26.0,0.0,1.0,5.4,4.0,17.5,0.0,0.0,0,0,0,0.0,0,0,0,0,0,0,0,0,5GSA,Unknown_ReEstResult
41.09899,29.02598,-140.0,-140.0,-140.0,-140.0,-133.5,-140.0,-140.0,-136.5,-140.0,-30.0,-30.0,-30.0,-30.0,-20.9,-30.0,-30.0,-24.3,-30.0,-10.6,0.0,49,155.0,1187.84,0.0,0.0,64.0,0.0,217.0,0.0,1.0,0.0,4.0,22.5,0.0,55.7,0,0,0,0.0,0,0,0,0,0,0,0,0,5GSA,Unknown_ReEstResult
41.10011,29.02175,-140.0,-140.0,-140.0,-140.0,-140.0,-140.0,-125.1,-120.9,-140.0,-30.0,-30.0,-30.0,-30.0,-30.0,-30.0,-17.9,-13.4,-30.0,0.8,0.0,49,137.2,0.0,0.0,0.0,0.0,0.0,16.0,0.0,1.0,0.0,4.0,22.3,0.0,10.4,0,0,0,0.0,0,0,0,0,0,0,0,0,5GSA,Unknown_ReEstResult
41.10457,29.02199,-55.7,-88.4,-140.0,-140.0,-140.0,-140.0,-140.0,-140.0,-140.0,-10.4,-26.5,-30.0,-30.0,-30.0,-30.0,-30.0,-30.0,-30.0,26.4,0.0,49,78.1,74997.76,0.0,1.7,0.0,0.0,22.0,0.0,1.0,1.7,4.0,14.9,0.0,0.0,0,0,0,0.0,0,0,0,0,0,0,0,0,5GSA,Unknown_ReEstResult
41.10475,29.02339,-86.7,-94.3,-102.0,-140.0,-140.0,-140.0,-140.0,-90.9,-140.0,-11.2,-20.4,-23.4,-30.0,-30.0,-30.0,-30.0,-16.3,-30.0,3.7,0.0,49,108.4,78282.76,93385.84,26.9,0.0,0.0,187.0,0.0,1.0,26.9,4.0,17.6,0.0,2.0,0,0,0,0.0,0,0,0,0,0,0,0,0,5GSA,Unknown_ReEstResult
41.10478,29.02302,-80.5,-92.8,-140.0,-140.0,-140.0,-140.0,-140.0,-85.1,-140.0,-12.4,-25.2,-30.0,-30.0,-30.0,-30.0,-30.0,-17.2,-30.0,9.6,0.0,49,100.5,95784.96,0.0,7.2,0.0,0.0,56.0,0.0,1.0,7.2,4.0,17.5,0.0,0.0,0,0,0,0.0,0,0,0,0,0,0,0,0,5GSA,Unknown_ReEstResult
41.1054,29.02282,-82.4,-140.0,-93.6,-140.0,-116.9,-140.0,-140.0,-140.0,-140.0,-11.5,-30.0,-19.6,-30.0,-27.8,-30.0,-30.0,-30.0,-30.0,7.9,0.0,49,101.4,95467.92,0.0,5.4,0.0,0.0,71.0,0.0,1.0,5.4,4.0,17.5,0.0,0.0,0,0,0,0.0,0,0,0,0,0,0,0,0,5GSA,Unknown_ReEstResult
41.10711,29.02891,-140.0,-140.0,-140.0,-140.0,-140.0,-88.5,-140.0,-140.0,-89.3,-30.0,-30.0,-30.0,-30.0,-30.0,-13.0,-30.0,-30.0,-12.6,3.8,0.0,49,104.3,97383.47,0.0,19.3,8.0,0.0,105.0,0.0,1.0,19.3,4.0,17.5,0.0,1.0,0,0,0,0.0,0,0,0,0,0,0,0,0,5GSA,Unknown_ReEstResult
41.10739,29.02182,-140.0,-140.0,-140.0,-140.0,-74.9,-140.0,-140.0,-140.0,-140.0,-30.0,-30.0,-30.0,-30.0,-10.4,-30.0,-30.0,-30.0,-30.0,24.9,0.0,49,95.8,95723.52,92584.52,9.5,0.0,0.0,66.0,0.0,1.0,9.5,4.0,17.5,0.0,0.0,0,0,0,0.0,0,0,0,0,0,0,0,0,5GSA,Unknown_ReEstResult
41.10764,29.02914,-140.0,-140.0,-140.0,-140.0,-140.0,-88.4,-140.0,-140.0,-84.5,-30.0,-30.0,-30.0,-30.0,-30.0,-12.6,-30.0,-30.0,-11.3,6.4,0.0,49,104.2,95841.38,91719.96,8.9,0.0,0.0,110.0,0.0,1.0,8.9,4.0,17.5,0.0,0.0,0,0,0,0.0,0,0,0,0,0,0,0,0,5GSA,Unknown_ReEstResult
41.09927,29.0236,-140.0,-140.0,-140.0,-140.0,-140.0,-140.0,-140.0,-123.6,-140.0,-30.0,-30.0,-30.0,-30.0,-30.0,-30.0,-30.0,-13.8,-30.0,-0.7,0.0,50,140.6,0.7,0.0,16.7,0.0,0.0,16.0,0.0,1.0,16.7,4.0,22.5,0.0,17.4,0,0,0,0.0,0,0,0,0,0,0,0,0,5GSA,Unknown_ReEstResult
41.09947,29.02282,-140.0,-140.0,-140.0,-140.0,-140.0,-140.0,-127.8,-119.9,-140.0,-30.0,-30.0,-30.0,-30.0,-30.0,-30.0,-19.5,-12.6,-30.0,2.0,0.0,50,135.4,0.0,0.0,0.0,0.0,0.0,16.0,0.0,1.0,0.0,4.0,22.2,0.0,8.5,0,0,0,0.0,0,0,0,0,0,0,0,0,5GSA,Unknown_ReEstResult
41.10019,29.02163,-140.0,-140.0,-140.0,-140.0,-140.0,-140.0,-124.3,-120.2,-140.0,-30.0,-30.0,-30.0,-30.0,-30.0,-30.0,-17.0,-13.4,-30.0,-0.3,0.0,50,136.8,0.0,0.0,0.0,0.0,0.0,16.0,0.0,1.0,0.0,4.0,22.3,0.0,8.0,0,0,0,0.0,0,0,0,0,0,0,0,0,5GSA,Unknown_ReEstResult
41.10026,29.02151,-140.0,-140.0,-140.0,-140.0,-140.0,-140.0,-121.8,-118.8,-140.0,-30.0,-30.0,-30.0,-30.0,-30.0,-30.0,-16.3,-13.0,-30.0,0.9,0.0,50,136.1,0.0,0.0,0.0,0.0,0.0,16.0,0.0,1.0,0.0,4.0,22.0,0.0,9.0,0,0,0,0.0,0,0,0,0,0,0,0,0,5GSA,Unknown_ReEstResult
41.10027,29.02147,-140.0,-140.0,-140.0,-140.0,-140.0,-140.0,-122.2,-119.3,-140.0,-30.0,-30.0,-30.0,-30.0,-30.0,-30.0,-15.6,-13.4,-30.0,0.7,0.0,50,133.3,1.09,0.0,0.0,0.0,0.0,16.0,0.0,1.0,0.0,4.0,22.0,0.0,10.1,0,0,0,0.0,0,0,0,0,0,0,0,0,5GSA,Unknown_ReEstResult
41.10446,29.02079,-140.0,-60.2,-140.0,-140.0,-140.0,-140.0,-140.0,-140.0,-140.0,-30.0,-10.4,-30.0,-30.0,-30.0,-30.0,-30.0,-30.0,-30.0,28.1,0.0,50,82.2,97443.84,0.0,0.0,0.0,0.0,24.0,0.0,1.0,0.0,4.0,16.9,0.0,0.0,0,0,0,0.0,0,0,0,0,0,0,0,0,5GSA,Unknown_ReEstResult
41.1049,29.02295,-79.5,-99.6,-91.1,-140.0,-140.0,-140.0,-140.0,-90.0,-140.0,-11.2,-24.6,-19.8,-30.0,-30.0,-30.0,-30.0,-15.0,-30.0,14.6,0.0,50,98.5,95165.65,0.0,5.6,0.0,0.0,56.0,0.0,1.0,5.6,4.0,17.5,0.0,0.0,0,0,0,0.0,0,0,0,0,0,0,0,0,5GSA,Unknown_ReEstResult
41.1052,29.02627,-140.0,-140.0,-140.0,-140.0,-140.0,-140.0,-140.0,-71.8,-140.0,-30.0,-30.0,-30.0,-30.0,-30.0,-30.0,-30.0,-10.3,-30.0,27.7,0.0,50,88.0,96793.55,0.0,8.5,0.0,0.0,30.0,0.0,1.0,8.5,4.0,17.5,0.0,1.0,0,0,0,0.0,0,0,0,0,0,0,0,0,5GSA,Unknown_ReEstResult
41.10524,29.02652,-140.0,-140.0,-140.0,-140.0,-140.0,-140.0,-140.0,-73.5,-140.0,-30.0,-30.0,-30.0,-30.0,-30.0,-30.0,-30.0,-10.4,-30.0,28.1,0.0,50,90.1,87881.09,0.0,8.1,0.0,0.0,25.0,0.0,1.0,8.1,4.0,17.5,0.0,0.0,0,0,0,0.0,0,0,0,0,0,0,0,0,5GSA,Unknown_ReEstResult
41.10533,29.02284,-81.2,-109.2,-86.1,-140.0,-140.0,-140.0,-140.0,-140.0,-140.0,-11.7,-27.4,-14.6,-30.0,-30.0,-30.0,-30.0,-30.0,-30.0,6.7,0.0,50,99.4,95298.43,0.0,8.1,0.0,0.0,63.0,0.0,1.0,8.1,4.0,17.5,0.0,0.0,0,0,0,0.0,0,0,0,0,0,0,0,0,5GSA,Unknown_ReEstResult
41.10542,29.02764,-140.0,-140.0,-140.0,-140.0,-140.0,-140.0,-140.0,-65.0,-82.0,-30.0,-30.0,-30.0,-30.0,-30.0,-30.0,-30.0,-10.4,-20.4,26.3,0.0,50,138.6,88845.31,61704.51,14.7,3.0,0.0,41.0,0.0,1.0,14.7,4.0,17.5,0.0,1.3,0,0,0,0.0,0,0,0,0,0,0,0,0,5GSA,Unknown_ReEstResult
41.10651,29.02256,-140.0,-140.0,-154.3,-140.0,-79.7,-140.0,-140.0,-140.0,-140.0,-30.0,-30.0,-42.3,-30.0,-10.5,-30.0,-30.0,-30.0,-30.0,20.7,0.0,50,99.9,97285.09,0.0,0.0,0.0,0.0,31.0,0.0,1.0,0.0,4.0,17.5,0.0,0.0,0,0,0,0.0,0,0,0,0,0,0,0,0,5GSA,Unknown_ReEstResult
41.10659,29.02255,-140.0,-140.0,-140.0,-140.0,-77.1,-140.0,-140.0,-140.0,-140.0,-30.0,-30.0,-30.0,-30.0,-10.3,-30.0,-30.0,-30.0,-30.0,24.3,0.0,50,95.2,79343.68,0.0,1.3,0.0,0.0,35.0,0.0,1.0,1.3,4.0,17.5,0.0,0.0,0,0,0,0.0,0,0,0,0,0,0,0,0,5GSA,Unknown_ReEstResult
41.10674,29.02251,-140.0,-140.0,-140.0,-140.0,-77.5,-140.0,-140.0,-140.0,-140.0,-30.0,-30.0,-30.0,-30.0,-10.4,-30.0,-30.0,-30.0,-30.0,27.4,0.0,50,97.2,96364.09,0.0,8.9,0.0,0.0,29.0,0.0,1.0,8.9,4.0,17.5,0.0,0.0,0,0,0,0.0,0,0,0,0,0,0,0,0,5GSA,Unknown_ReEstResult
41.10676,29.02862,-140.0,-140.0,-140.0,-140.0,-140.0,-88.1,-140.0,-140.0,-79.7,-30.0,-30.0,-30.0,-30.0,-30.0,-15.0,-30.0,-30.0,-11.1,-2.0,4.0,50,104.1,47226.88,0.0,15.3,0.0,0.0,135.0,0.0,1.0,15.3,4.0,17.5,-14.0,0.0,0,0,0,1.0,0,0,0,0,0,0,0,0,5GSA,Unknown_ReEstResult
41.10689,29.02251,-140.0,-140.0,-140.0,-140.0,-75.7,-140.0,-140.0,-140.0,-140.0,-30.0,-30.0,-30.0,-30.0,-10.4,-30.0,-30.0,-30.0,-30.0,30.1,0.0,50,94.1,77201.52,0.0,12.9,0.0,0.0,27.0,0.0,1.0,12.9,4.0,17.5,0.0,0.0,0,0,0,0.0,0,0,0,0,0,0,0,0,5GSA,Unknown_ReEstResult
41.10721,29.01766,-140.0,-125.0,-118.7,-140.0,-122.5,-140.0,-140.0,-121.8,-120.1,-30.0,-21.3,-15.7,-30.0,-19.2,-30.0,-30.0,-18.1,-17.0,-8.5,0.0,50,146.5,97469.38,0.0,7.8,0.0,0.0,181.0,0.0,1.0,7.8,4.0,22.2,0.0,10.6,0,0,0,0.0,0,0,0,0,0,0,0,0,5GSA,Unknown_ReEstResult
41.09966,29.02249,-140.0,-140.0,-140.0,-140.0,-140.0,-140.0,-125.7,-117.5,-140.0,-30.0,-30.0,-30.0,-30.0,-30.0,-30.0,-18.9,-12.0,-30.0,3.7,0.0,51,133.8,0.7,0.0,33.3,0.0,0.0,16.0,0.0,1.0,33.3,4.0,22.1,0.0,7.5,0,0,0,0.0,0,0,0,0,0,0,0,0,5GSA,Unknown_ReEstResult
41.10001,29.02188,-140.0,-140.0,-140.0,-140.0,-140.0,-140.0,-126.0,-121.6,-140.0,-30.0,-30.0,-30.0,-30.0,-30.0,-30.0,-18.3,-13.9,-30.0,0.6,0.0,51,137.0,0.0,0.0,0.0,0.0,0.0,16.0,0.0,1.0,0.0,4.0,22.2,0.0,9.5,0,0,0,0.0,0,0,0,0,0,0,0,0,5GSA,Unknown_ReEstResult
41.10015,29.02171,-140.0,-140.0,-140.0,-140.0,-140.0,-140.0,-123.2,-122.1,-140.0,-30.0,-30.0,-30.0,-30.0,-30.0,-30.0,-15.8,-14.3,-30.0,-1.8,0.0,51,138.9,0.0,0.0,0.0,0.0,0.0,16.0,0.0,1.0,0.0,4.0,22.1,0.0,10.0,0,0,0,0.0,0,0,0,0,0,0,0,0,5GSA,Unknown_ReEstResult
41.10018,29.02167,-140.0,-140.0,-140.0,-140.0,-140.0,-140.0,-122.7,-120.5,-140.0,-30.0,-30.0,-30.0,-30.0,-30.0,-30.0,-16.1,-13.8,-30.0,-0.9,0.0,51,137.5,0.0,0.0,0.0,0.0,0.0,16.0,0.0,1.0,0.0,4.0,22.2,0.0,8.5,0,0,0,0.0,0,0,0,0,0,0,0,0,5GSA,Unknown_ReEstResult
41.10439,29.02036,-91.4,-69.6,-140.0,-140.0,-140.0,-140.0,-140.0,-140.0,-140.0,-24.4,-10.5,-30.0,-30.0,-30.0,-30.0,-30.0,-30.0,-30.0,15.9,0.0,51,91.0,97443.84,0.0,0.0,0.0,0.0,24.0,0.0,1.0,0.0,4.0,17.5,0.0,0.0,0,0,0,0.0,0,0,0,0,0,0,0,0,5GSA,Unknown_ReEstResult
41.10443,29.02059,-140.0,-64.2,-140.0,-140.0,-140.0,-140.0,-140.0,-140.0,-140.0,-30.0,-10.4,-30.0,-30.0,-30.0,-30.0,-30.0,-30.0,-30.0,20.1,0.0,51,83.6,96220.08,0.0,0.1,0.0,0.0,24.0,0.0,1.0,0.1,4.0,17.5,0.0,0.0,0,0,0,0.0,0,0,0,0,0,0,0,0,5GSA,Unknown_ReEstResult
41.10477,29.02305,-80.3,-90.5,-140.0,-140.0,-140.0,-140.0,-140.0,-86.9,-140.0,-11.8,-18.4,-30.0,-30.0,-30.0,-30.0,-30.0,-18.0,-30.0,9.5,0.0,51,97.7,95236.99,0.0,7.8,0.0,0.0,60.0,0.0,1.0,7.8,4.0,17.5,0.0,0.0,0,0,0,0.0,0,0,0,0,0,0,0,0,5GSA,Unknown_ReEstResult
41.10487,29.02437,-114.0,-140.0,-140.0,-140.0,-140.0,-140.0,-140.0,-84.1,-140.0,-28.7,-30.0,-30.0,-30.0,-30.0,-30.0,-30.0,-10.6,-30.0,11.9,0.0,51,99.8,96296.96,0.0,0.7,0.0,0.0,105.0,0.0,1.0,0.7,4.0,17.5,0.0,3.4,0,0,0,0.0,0,0,0,0,0,0,0,0,5GSA,Unknown_ReEstResult
41.10498,29.02486,-140.0,-140.0,-140.0,-140.0,-140.0,-140.0,-140.0,-79.8,-140.0,-30.0,-30.0,-30.0,-30.0,-30.0,-30.0,-30.0,-10.5,-30.0,14.0,0.0,51,94.9,96051.2,0.0,3.7,0.0,0.0,93.0,0.0,1.0,3.7,4.0,17.5,0.0,0.0,0,0,0,0.0,0,0,0,0,0,0,0,0,5GSA,Unknown_ReEstResult
41.10637,29.0226,-140.0,-140.0,-117.0,-140.0,-82.3,-140.0,-140.0,-140.0,-140.0,-30.0,-30.0,-30.6,-30.0,-10.9,-30.0,-30.0,-30.0,-30.0,12.2,0.0,51,101.9,95093.62,0.0,0.7,0.0,0.0,71.0,0.0,1.0,0.7,4.0,17.5,0.0,0.0,0,0,0,0.0,0,0,0,0,0,0,0,0,5GSA,Unknown_ReEstResult
41.1073,29.02627,-140.0,-140.0,-140.0,-140.0,-140.0,-140.0,-97.4,-140.0,-104.3,-30.0,-30.0,-30.0,-30.0,-30.0,-30.0,-11.3,-30.0,-16.0,6.1,0.0,51,117.9,96998.36,93877.11,7.5,0.0,0.0,170.0,0.0,1.0,7.5,4.0,19.6,0.0,10.0,0,0,0,0.0,0,0,0,0,0,0,0,0,5GSA,Unknown_ReEstResult
41.10789,29.02696,-140.0,-140.0,-140.0,-140.0,-140.0,-145.9,-77.8,-140.0,-140.0,-30.0,-30.0,-30.0,-30.0,-30.0,-39.6,-10.6,-30.0,-30.0,14.6,0.0,51,97.1,97710.08,86359.11,5.4,0.0,0.0,26.0,0.0,1.0,5.4,4.0,17.5,0.0,0.0,0,0,0,0.0,0,0,0,0,0,0,0,0,5GSA,Unknown_ReEstResult
41.10789,29.02735,-140.0,-140.0,-140.0,-140.0,-140.0,-140.0,-68.2,-140.0,-72.9,-30.0,-30.0,-30.0,-30.0,-30.0,-30.0,-11.4,-30.0,-16.6,9.3,0.0,51,86.4,81674.24,94256.96,10.3,2.0,0.0,144.0,0.0,1.0,10.3,4.0,17.4,0.0,1.3,0,0,0,0.0,0,0,0,0,0,0,0,0,5GSA,Unknown_ReEstResult
41.10024,29.02156,-140.0,-140.0,-140.0,-140.0,-140.0,-140.0,-123.4,-120.8,-140.0,-30.0,-30.0,-30.0,-30.0,-30.0,-30.0,-16.0,-13.7,-30.0,-0.3,0.0,52,137.3,0.0,0.0,0.0,0.0,0.0,16.0,0.0,1.0,0.0,4.0,22.1,0.0,9.0,0,0,0,0.0,0,0,0,0,0,0,0,0,5GSA,Unknown_ReEstResult
41.10465,29.0225,-72.8,-95.0,-140.0,-140.0,-140.0,-140.0,-140.0,-93.1,-140.0,-10.7,-23.3,-30.0,-30.0,-30.0,-30.0,-30.0,-20.7,-30.0,15.6,0.0,52,93.0,96967.48,0.0,8.4,0.0,0.0,62.0,0.0,1.0,8.4,4.0,17.5,0.0,0.5,0,0,0,0.0,0,0,0,0,0,0,0,0,5GSA,Unknown_ReEstResult
41.10466,29.02258,-76.4,-91.6,-140.0,-140.0,-140.0,-140.0,-140.0,-92.0,-140.0,-10.8,-25.6,-30.0,-30.0,-30.0,-30.0,-30.0,-22.0,-30.0,10.9,0.0,52,95.1,97037.63,0.0,10.4,0.0,0.0,64.0,0.0,1.0,10.4,4.0,17.5,0.0,0.0,0,0,0,0.0,0,0,0,0,0,0,0,0,5GSA,Unknown_ReEstResult
41.1047,29.02288,-80.0,-89.9,-140.0,-140.0,-140.0,-140.0,-140.0,-102.2,-140.0,-11.0,-19.2,-30.0,-30.0,-30.0,-30.0,-30.0,-22.3,-30.0,11.1,0.0,52,98.4,97218.56,0.0,9.0,0.0,0.0,61.0,0.0,1.0,9.0,4.0,17.5,0.0,0.0,0,0,0,0.0,0,0,0,0,0,0,0,0,5GSA,Unknown_ReEstResult
41.10474,29.02328,-88.2,-94.6,-140.0,-140.0,-140.0,-140.0,-140.0,-90.1,-140.0,-12.9,-18.0,-30.0,-30.0,-30.0,-30.0,-30.0,-14.8,-30.0,0.7,0.0,52,106.6,95825.92,0.0,13.5,0.0,0.0,144.0,0.0,1.0,13.5,4.0,17.9,0.0,5.6,0,0,0,0.0,0,0,0,0,0,0,0,0,5GSA,Unknown_ReEstResult
41.10496,29.02465,-140.0,-140.0,-140.0,-140.0,-140.0,-140.0,-140.0,-79.4,-140.0,-30.0,-30.0,-30.0,-30.0,-30.0,-30.0,-30.0,-10.4,-30.0,20.0,0.0,52,95.0,95293.44,0.0,8.7,0.0,0.0,97.0,0.0,1.0,8.7,4.0,17.5,0.0,0.0,0,0,0,0.0,0,0,0,0,0,0,0,0,5GSA,Unknown_ReEstResult
41.10522,29.02633,-140.0,-140.0,-140.0,-140.0,-140.0,-140.0,-140.0,-70.4,-140.0,-30.0,-30.0,-30.0,-30.0,-30.0,-30.0,-30.0,-10.4,-30.0,31.2,0.0,52,91.0,97054.72,0.0,8.7,0.0,0.0,30.0,0.0,1.0,8.7,4.0,17.5,0.0,0.0,0,0,0,0.0,0,0,0,0,0,0,0,0,5GSA,Unknown_ReEstResult
41.10626,29.02263,-140.0,-140.0,-89.2,-140.0,-85.1,-140.0,-140.0,-140.0,-140.0,-30.0,-30.0,-16.7,-30.0,-11.8,-30.0,-30.0,-30.0,-30.0,7.9,0.0,52,103.1,97198.08,0.0,12.3,4.0,0.0,71.0,0.0,1.0,12.3,4.0,17.5,0.0,0.0,0,0,0,0.0,0,0,0,0,0,0,0,0,5GSA,Unknown_ReEstResult
41.10683,29.02856,-140.0,-140.0,-140.0,-140.0,-140.0,-87.1,-89.1,-140.0,-78.2,-30.0,-30.0,-30.0,-30.0,-30.0,-16.4,-19.9,-30.0,-11.0,-2.1,4.0,52,103.7,0.0,0.0,31.0,2.0,0.0,121.0,0.0,1.0,31.0,4.0,17.5,-14.0,1.6,0,0,0,21.0,0,0,0,0,0,0,0,0,5GSA,Unknown_ReEstResult
41.107,29.02635,-140.0,-140.0,-140.0,-140.0,-140.0,-140.0,-93.4,-140.0,-103.6,-30.0,-30.0,-30.0,-30.0,-30.0,-30.0,-10.8,-30.0,-21.9,12.3,0.0,52,109.9,96629.7,94496.3,13.7,0.0,0.0,148.0,0.0,1.0,13.7,4.0,18.4,0.0,9.6,0,0,0,0.0,0,0,0,0,0,0,0,0,5GSA,Unknown_ReEstResult
41.10714,29.02254,-140.0,-140.0,-140.0,-140.0,-79.1,-140.0,-140.0,-140.0,-140.0,-30.0,-30.0,-30.0,-30.0,-10.5,-30.0,-30.0,-30.0,-30.0,24.9,0.0,52,98.0,97807.35,0.0,8.0,0.0,0.0,29.0,0.0,1.0,8.0,4.0,17.5,0.0,0.0,0,0,0,0.0,0,0,0,0,0,0,0,0,5GSA,Unknown_ReEstResult
41.10762,29.02914,-140.0,-140.0,-140.0,-140.0,-140.0,-89.7,-140.0,-140.0,-81.7,-30.0,-30.0,-30.0,-30.0,-30.0,-14.4,-30.0,-30.0,-11.0,3.8,7.0,52,103.9,0.0,0.0,7.2,0.0,0.0,111.0,0.0,1.0,7.2,4.0,17.4,-11.0,3.8,0,0,0,19.0,0,0,0,0,0,0,0,0,5GSA,Unknown_ReEstResult
41.1078,29.02551,-140.0,-140.0,-140.0,-92.4,-140.0,-140.0,-95.4,-140.0,-140.0,-30.0,-30.0,-30.0,-12.2,-30.0,-30.0,-15.7,-30.0,-30.0,6.1,0.0,52,110.6,95969.28,103304.91,8.3,0.0,0.0,107.0,0.0,1.0,8.3,4.0,17.5,0.0,0.0,0,0,0,0.0,0,0,0,0,0,0,0,0,5GSA,Unknown_ReEstResult
41.10025,29.02153,-140.0,-140.0,-140.0,-140.0,-140.0,-140.0,-120.9,-119.5,-140.0,-30.0,-30.0,-30.0,-30.0,-30.0,-30.0,-15.3,-13.7,-30.0,-0.6,0.0,53,136.1,0.0,0.0,33.3,0.0,0.0,16.0,0.0,1.0,33.3,4.0,22.1,0.0,9.1,0,0,0,0.0,0,0,0,0,0,0,0,0,5GSA,Unknown_ReEstResult
41.10028,29.02146,-140.0,-140.0,-140.0,-140.0,-140.0,-140.0,-122.5,-118.0,-140.0,-30.0,-30.0,-30.0,-30.0,-30.0,-30.0,-17.1,-12.7,-30.0,3.4,0.0,53,134.2,0.0,0.0,0.0,0.0,0.0,16.0,0.0,1.0,0.0,4.0,22.0,0.0,9.6,0,0,0,0.0,0,0,0,0,0,0,0,0,5GSA,Unknown_ReEstResult
41.10438,29.02024,-91.2,-66.9,-140.0,-140.0,-140.0,-140.0,-140.0,-140.0,-140.0,-26.9,-10.4,-30.0,-30.0,-30.0,-30.0,-30.0,-30.0,-30.0,15.9,0.0,53,90.8,98606.02,0.0,0.0,0.0,0.0,24.0,0.0,1.0,0.0,4.0,17.5,0.0,1.5,0,0,0,0.0,0,0,0,0,0,0,0,0,5GSA,Unknown_ReEstResult
41.10457,29.0221,-56.0,-140.0,-140.0,-140.0,-140.0,-140.0,-140.0,-140.0,-140.0,-10.4,-30.0,-30.0,-30.0,-30.0,-30.0,-30.0,-30.0,-30.0,27.9,0.0,53,77.5,95436.8,0.0,9.4,0.0,0.0,54.0,0.0,1.0,9.4,4.0,14.5,0.0,0.0,0,0,0,0.0,0,0,0,0,0,0,0,0,5GSA,Unknown_ReEstResult
41.1046,29.02224,-66.7,-140.0,-140.0,-140.0,-140.0,-140.0,-140.0,-140.0,-140.0,-10.4,-30.0,-30.0,-30.0,-30.0,-30.0,-30.0,-30.0,-30.0,24.9,0.0,53,85.2,95928.32,0.0,7.7,0.0,0.0,60.0,0.0,1.0,7.7,4.0,17.5,0.0,0.7,0,0,0,0.0,0,0,0,0,0,0,0,0,5GSA,Unknown_ReEstResult
41.10471,29.0232,-87.2,-140.0,-95.8,-140.0,-140.0,-140.0,-140.0,-89.2,-140.0,-13.8,-30.0,-17.9,-30.0,-30.0,-30.0,-30.0,-14.1,-30.0,4.6,0.0,53,105.6,95477.76,0.0,2.1,0.0,0.0,67.0,0.0,1.0,2.1,4.0,17.5,0.0,0.0,0,0,0,0.0,0,0,0,0,0,0,0,0,5GSA,Unknown_ReEstResult
41.10473,29.02317,-87.9,-140.0,-99.1,-140.0,-140.0,-140.0,-140.0,-90.3,-140.0,-13.6,-30.0,-20.3,-30.0,-30.0,-30.0,-30.0,-14.8,-30.0,-3.4,0.0,53,106.3,95395.84,0.0,13.2,0.0,0.0,151.0,0.0,1.0,13.2,4.0,17.8,0.0,9.6,0,0,0,0.0,0,0,0,0,0,0,0,0,5GSA,Unknown_ReEstResult
41.10484,29.02408,-152.0,-140.0,-140.0,-140.0,-140.0,-140.0,-140.0,-82.0,-140.0,-41.4,-30.0,-30.0,-30.0,-30.0,-30.0,-30.0,-10.6,-30.0,10.2,0.0,53,98.0,96942.24,0.0,1.7,0.0,0.0,105.0,0.0,1.0,1.7,4.0,17.5,0.0,1.0,0,0,0,0.0,0,0,0,0,0,0,0,0,5GSA,Unknown_ReEstResult
41.10504,29.02519,-140.0,-140.0,-140.0,-140.0,-140.0,-140.0,-140.0,-78.2,-140.0,-30.0,-30.0,-30.0,-30.0,-30.0,-30.0,-30.0,-10.4,-30.0,22.2,0.0,53,92.9,95114.1,0.0,11.7,0.0,0.0,75.0,0.0,1.0,11.7,4.0,17.5,0.0,0.0,0,0,0,0.0,0,0,0,0,0,0,0,0,5GSA,Unknown_ReEstResult
41.10515,29.02602,-140.0,-140.0,-140.0,-140.0,-140.0,-140.0,-140.0,-69.0,-140.0,-30.0,-30.0,-30.0,-30.0,-30.0,-30.0,-30.0,-10.4,-30.0,27.5,0.0,53,88.6,95784.96,0.0,11.7,0.0,0.0,37.0,0.0,1.0,11.7,4.0,17.5,0.0,0.9,0,0,0,0.0,0,0,0,0,0,0,0,0,5GSA,Unknown_ReEstResult
41.10518,29.02288,-81.6,-93.8,-101.0,-140.0,-140.0,-140.0,-140.0,-140.0,-140.0,-11.2,-21.0,-25.9,-30.0,-30.0,-30.0,-30.0,-30.0,-30.0,11.1,0.0,53,100.7,95452.35,0.0,9.5,0.0,0.0,60.0,0.0,1.0,9.5,4.0,17.5,0.0,0.0,0,0,0,0.0,0,0,0,0,0,0,0,0,5GSA,Unknown_ReEstResult
41.10524,29.02646,-140.0,-140.0,-140.0,-140.0,-140.0,-140.0,-140.0,-71.5,-140.0,-30.0,-30.0,-30.0,-30.0,-30.0,-30.0,-30.0,-10.4,-30.0,30.0,0.0,53,90.0,97423.36,0.0,9.8,0.0,0.0,29.0,0.0,1.0,9.8,4.0,17.5,0.0,0.0,0,0,0,0.0,0,0,0,0,0,0,0,0,5GSA,Unknown_ReEstResult
41.10681,29.0164,-140.0,-140.0,-140.0,-140.0,-115.0,-140.0,-140.0,-120.9,-119.9,-30.0,-30.0,-30.0,-30.0,-13.5,-30.0,-30.0,-19.0,-18.2,-9.5,17.0,53,142.7,80569.6,0.0,17.3,4.0,0.0,206.0,0.0,1.0,17.3,4.0,22.1,27.0,9.0,0,0,0,31.0,0,0,0,0,0,0,0,0,5GSA,Unknown_ReEstResult
41.10741,29.02273,-140.0,-140.0,-140.0,-90.2,-84.7,-140.0,-140.0,-140.0,-140.0,-30.0,-30.0,-30.0,-15.0,-10.8,-30.0,-30.0,-30.0,-30.0,10.3,0.0,53,105.1,97653.76,0.0,8.7,0.0,0.0,36.0,0.0,1.0,8.7,4.0,17.5,0.0,0.0,0,0,0,0.0,0,0,0,0,0,0,0,0,5GSA,Unknown_ReEstResult
41.10784,29.02507,-140.0,-140.0,-140.0,-85.0,-140.0,-140.0,-93.7,-140.0,-140.0,-30.0,-30.0,-30.0,-10.6,-30.0,-30.0,-19.0,-30.0,-30.0,18.9,0.0,53,104.2,94950.26,92905.7,7.8,0.0,0.0,86.0,0.0,1.0,7.8,4.0,17.5,0.0,0.0,0,0,0,0.0,0,0,0,0,0,0,0,0,5GSA,Unknown_ReEstResult
41.10802,29.02159,-140.0,-140.0,-140.0,-93.8,-91.5,-140.0,-140.0,-140.0,-140.0,-30.0,-30.0,-30.0,-13.0,-12.2,-30.0,-30.0,-30.0,-30.0,6.5,0.0,53,111.8,96092.16,0.0,8.5,0.0,0.0,88.0,0.0,1.0,8.5,4.0,17.5,0.0,0.0,0,0,0,0.0,0,0,0,0,0,0,0,0,5GSA,Unknown_ReEstResult
41.09927,29.02697,-135.9,-140.0,-140.0,-140.0,-140.0,-140.0,-140.0,-140.0,-140.0,-23.7,-30.0,-30.0,-30.0,-30.0,-30.0,-30.0,-30.0,-30.0,-3.0,0.0,54,148.5,32.22,0.0,28.6,2.0,0.0,22.0,0.0,1.0,28.6,4.0,22.5,0.0,18.9,0,0,0,0.0,0,0,0,0,0,0,0,0,5GSA,Unknown_ReEstResult
41.10448,29.02088,-140.0,-63.8,-140.0,-140.0,-140.0,-140.0,-140.0,-140.0,-140.0,-30.0,-10.5,-30.0,-30.0,-30.0,-30.0,-30.0,-30.0,-30.0,24.0,0.0,54,83.6,93286.4,0.0,0.0,0.0,0.0,24.0,0.0,1.0,0.0,4.0,17.5,0.0,0.0,0,0,0,0.0,0,0,0,0,0,0,0,0,5GSA,Unknown_ReEstResult
41.10454,29.02151,-71.7,-60.2,-140.0,-140.0,-140.0,-140.0,-140.0,-140.0,-140.0,-16.2,-10.8,-30.0,-30.0,-30.0,-30.0,-30.0,-30.0,-30.0,16.5,0.0,54,87.4,109169.78,0.0,8.6,0.0,0.0,33.0,0.0,1.0,8.6,4.0,17.5,0.0,4.1,0,0,0,0.0,0,0,0,0,0,0,0,0,5GSA,Unknown_ReEstResult
41.10455,29.0217,-66.3,-73.2,-140.0,-140.0,-140.0,-140.0,-140.0,-140.0,-140.0,-11.1,-16.5,-30.0,-30.0,-30.0,-30.0,-30.0,-30.0,-30.0,7.0,0.0,54,87.2,97013.76,0.0,1.8,0.0,0.0,25.0,0.0,1.0,1.8,4.0,17.5,0.0,0.0,0,0,0,0.0,0,0,0,0,0,0,0,0,5GSA,Unknown_ReEstResult
41.10591,29.0227,-92.9,-140.0,-87.8,-140.0,-91.6,-140.0,-140.0,-140.0,-140.0,-19.0,-30.0,-13.9,-30.0,-16.4,-30.0,-30.0,-30.0,-30.0,4.0,0.0,54,104.9,96594.34,0.0,9.5,0.0,0.0,97.0,0.0,1.0,9.5,4.0,17.5,0.0,0.5,0,0,0,0.0,0,0,0,0,0,0,0,0,5GSA,Unknown_ReEstResult
41.10605,29.02267,-98.3,-140.0,-91.7,-140.0,-86.6,-140.0,-140.0,-140.0,-140.0,-19.3,-30.0,-16.2,-30.0,-12.6,-30.0,-30.0,-30.0,-30.0,0.9,0.0,54,109.8,97116.16,0.0,6.2,0.0,0.0,105.0,0.0,1.0,6.2,4.0,17.5,0.0,0.0,0,0,0,0.0,0,0,0,0,0,0,0,0,5GSA,Unknown_ReEstResult
41.10673,29.02858,-140.0,-140.0,-140.0,-140.0,-140.0,-84.5,-140.0,-140.0,-77.4,-30.0,-30.0,-30.0,-30.0,-30.0,-17.5,-30.0,-30.0,-10.8,9.9,0.0,54,101.5,103193.34,93948.88,8.7,2.0,0.0,52.0,0.0,1.0,8.7,4.0,17.5,0.0,0.7,0,0,0,0.0,0,0,0,0,0,0,0,0,5GSA,Unknown_ReEstResult
41.1078,29.02572,-140.0,-140.0,-140.0,-88.1,-140.0,-140.0,-93.3,-140.0,-95.0,-30.0,-30.0,-30.0,-11.8,-30.0,-30.0,-14.7,-30.0,-14.8,2.7,0.0,54,110.6,96527.3,93307.02,8.5,0.0,0.0,102.0,0.0,1.0,8.5,4.0,17.5,0.0,0.7,0,0,0,0.0,0,0,0,0,0,0,0,0,5GSA,Unknown_ReEstResult
41.10455,29.02164,-69.2,-69.1,-140.0,-140.0,-140.0,-140.0,-140.0,-140.0,-140.0,-12.7,-13.2,-30.0,-30.0,-30.0,-30.0,-30.0,-30.0,-30.0,5.6,0.0,55,88.8,97428.46,0.0,0.4,0.0,0.0,24.0,0.0,1.0,0.4,4.0,17.5,0.0,0.9,0,0,0,0.0,0,0,0,0,0,0,0,0,5GSA,Unknown_ReEstResult
41.10471,29.02303,-85.1,-89.6,-140.0,-140.0,-140.0,-140.0,-140.0,-90.3,-140.0,-12.4,-17.7,-30.0,-30.0,-30.0,-30.0,-30.0,-17.5,-30.0,6.1,0.0,55,103.0,95949.88,0.0,7.6,4.0,0.0,99.0,0.0,1.0,7.6,4.0,17.5,0.0,0.0,0,0,0,0.0,0,0,0,0,0,0,0,0,5GSA,Unknown_ReEstResult
41.10474,29.02335,-87.8,-92.9,-140.0,-140.0,-140.0,-140.0,-140.0,-91.4,-140.0,-12.7,-17.8,-30.0,-30.0,-30.0,-30.0,-30.0,-16.0,-30.0,-1.9,0.0,55,107.6,95662.08,0.0,13.8,0.0,0.0,142.0,0.0,1.0,13.8,4.0,18.1,0.0,9.6,0,0,0,0.0,0,0,0,0,0,0,0,0,5GSA,Unknown_ReEstResult
41.10475,29.02353,-92.0,-95.9,-140.0,-140.0,-140.0,-140.0,-140.0,-84.3,-140.0,-16.0,-20.5,-30.0,-30.0,-30.0,-30.0,-30.0,-11.5,-30.0,4.1,0.0,55,101.9,95784.96,0.0,12.1,0.0,0.0,122.0,0.0,1.0,12.1,4.0,17.5,0.0,1.5,0,0,0,0.0,0,0,0,0,0,0,0,0,5GSA,Unknown_ReEstResult
41.10504,29.02531,-140.0,-140.0,-140.0,-140.0,-140.0,-140.0,-140.0,-72.6,-140.0,-30.0,-30.0,-30.0,-30.0,-30.0,-30.0,-30.0,-10.4,-30.0,23.9,0.0,55,88.9,95334.4,0.0,9.9,0.0,0.0,80.0,0.0,1.0,9.9,4.0,17.5,0.0,0.0,0,0,0,0.0,0,0,0,0,0,0,0,0,5GSA,Unknown_ReEstResult
41.10511,29.02289,-78.7,-89.3,-103.2,-140.0,-140.0,-140.0,-140.0,-109.2,-140.0,-11.1,-19.6,-26.1,-30.0,-30.0,-30.0,-30.0,-26.8,-30.0,17.4,0.0,55,97.4,95257.47,0.0,2.7,0.0,0.0,63.0,0.0,1.0,2.7,4.0,17.5,0.0,0.0,0,0,0,0.0,0,0,0,0,0,0,0,0,5GSA,Unknown_ReEstResult
41.10512,29.02582,-140.0,-140.0,-140.0,-140.0,-140.0,-140.0,-140.0,-71.2,-82.5,-30.0,-30.0,-30.0,-30.0,-30.0,-30.0,-30.0,-10.4,-20.5,25.8,0.0,55,87.2,95498.24,0.0,1.7,0.0,0.0,88.0,0.0,1.0,1.7,4.0,17.5,0.0,0.0,0,0,0,0.0,0,0,0,0,0,0,0,0,5GSA,Unknown_ReEstResult
41.10717,29.02897,-140.0,-140.0,-140.0,-140.0,-140.0,-86.1,-140.0,-140.0,-89.7,-30.0,-30.0,-30.0,-30.0,-30.0,-12.0,-30.0,-30.0,-14.1,5.2,0.0,55,102.4,96583.68,94054.31,8.7,0.0,0.0,114.0,0.0,1.0,8.7,4.0,17.5,0.0,0.5,0,0,0,0.0,0,0,0,0,0,0,0,0,5GSA,Unknown_ReEstResult
41.10737,29.01881,-140.0,-140.0,-140.0,-123.3,-124.2,-140.0,-140.0,-127.5,-125.1,-30.0,-30.0,-30.0,-16.5,-17.3,-30.0,-30.0,-20.0,-18.5,-8.5,0.0,55,145.8,34693.82,0.0,9.8,0.0,0.0,183.0,0.0,1.0,9.8,4.0,22.2,0.0,12.0,0,0,0,0.0,0,0,0,0,0,0,0,0,5GSA,Unknown_ReEstResult
41.1076,29.02257,-140.0,-140.0,-140.0,-81.6,-85.6,-140.0,-140.0,-140.0,-140.0,-30.0,-30.0,-30.0,-11.5,-14.2,-30.0,-30.0,-30.0,-30.0,8.8,0.0,55,101.6,116680.67,93257.61,31.3,3.0,0.0,162.0,0.0,1.0,31.3,4.0,17.5,0.0,0.6,0,0,0,0.0,0,0,0,0,0,0,0,0,5GSA,Unknown_ReEstResult
41.10783,29.02429,-140.0,-140.0,-140.0,-73.0,-140.0,-140.0,-140.0,-140.0,-140.0,-30.0,-30.0,-30.0,-10.4,-30.0,-30.0,-30.0,-30.0,-30.0,30.1,0.0,55,93.9,98816.0,0.0,1.4,0.0,0.0,25.0,0.0,1.0,1.4,4.0,17.5,0.0,1.0,0,0,0,0.0,0,0,0,0,0,0,0,0,5GSA,Unknown_ReEstResult
41.09958,29.02259,-140.0,-140.0,-140.0,-140.0,-140.0,-140.0,-129.7,-119.9,-140.0,-30.0,-30.0,-30.0,-30.0,-30.0,-30.0,-22.8,-12.5,-30.0,3.4,0.0,56,135.3,0.0,0.0,50.0,0.0,0.0,20.0,0.0,1.0,50.0,4.0,22.1,0.0,9.5,0,0,0,0.0,0,0,0,0,0,0,0,0,5GSA,Unknown_ReEstResult
41.09984,29.02216,-140.0,-140.0,-140.0,-140.0,-140.0,-140.0,-122.8,-119.4,-140.0,-30.0,-30.0,-30.0,-30.0,-30.0,-30.0,-15.0,-12.5,-30.0,2.7,0.0,56,135.3,0.0,0.0,33.3,0.0,0.0,16.0,0.0,1.0,33.3,4.0,22.2,0.0,10.9,0,0,0,0.0,0,0,0,0,0,0,0,0,5GSA,Unknown_ReEstResult
41.10027,29.02149,-140.0,-140.0,-140.0,-140.0,-140.0,-140.0,-122.7,-118.6,-140.0,-30.0,-30.0,-30.0,-30.0,-30.0,-30.0,-16.1,-12.8,-30.0,1.2,0.0,56,135.1,0.0,0.0,0.0,0.0,0.0,16.0,0.0,1.0,0.0,4.0,22.0,0.0,8.5,0,0,0,0.0,0,0,0,0,0,0,0,0,5GSA,Unknown_ReEstResult
41.10451,29.02114,-74.8,-64.3,-140.0,-140.0,-140.0,-140.0,-140.0,-140.0,-140.0,-21.7,-10.5,-30.0,-30.0,-30.0,-30.0,-30.0,-30.0,-30.0,22.2,0.0,56,83.0,96691.14,0.0,0.2,0.0,0.0,28.0,0.0,1.0,0.2,4.0,17.5,0.0,0.0,0,0,0,0.0,0,0,0,0,0,0,0,0,5GSA,Unknown_ReEstResult
41.10452,29.02128,-71.8,-60.0,-140.0,-140.0,-140.0,-140.0,-140.0,-140.0,-140.0,-17.0,-10.5,-30.0,-30.0,-30.0,-30.0,-30.0,-30.0,-30.0,18.9,0.0,56,81.4,97264.62,0.0,0.0,0.0,0.0,24.0,0.0,1.0,0.0,4.0,16.8,0.0,0.0,0,0,0,0.0,0,0,0,0,0,0,0,0,5GSA,Unknown_ReEstResult
41.10475,29.02332,-89.7,-93.5,-140.0,-140.0,-140.0,-140.0,-140.0,-91.8,-140.0,-13.6,-17.5,-30.0,-30.0,-30.0,-30.0,-30.0,-17.5,-30.0,3.8,0.0,56,108.3,96358.4,0.0,12.3,0.0,0.0,173.0,0.0,1.0,12.3,4.0,17.5,0.0,0.0,0,0,0,0.0,0,0,0,0,0,0,0,0,5GSA,Unknown_ReEstResult
41.10486,29.02416,-113.7,-140.0,-140.0,-140.0,-140.0,-140.0,-140.0,-84.6,-140.0,-29.9,-30.0,-30.0,-30.0,-30.0,-30.0,-30.0,-10.7,-30.0,10.2,0.0,56,100.2,96931.84,0.0,5.7,0.0,0.0,104.0,0.0,1.0,5.7,4.0,17.5,0.0,1.5,0,0,0,0.0,0,0,0,0,0,0,0,0,5GSA,Unknown_ReEstResult
41.10507,29.02553,-130.5,-140.0,-140.0,-140.0,-140.0,-140.0,-140.0,-75.2,-86.5,-34.3,-30.0,-30.0,-30.0,-30.0,-30.0,-30.0,-10.4,-20.7,27.7,0.0,56,102.7,95605.65,0.0,6.8,0.0,0.0,84.0,0.0,1.0,6.8,4.0,17.5,0.0,0.0,0,0,0,0.0,0,0,0,0,0,0,0,0,5GSA,Unknown_ReEstResult
41.10585,29.02272,-94.8,-140.0,-88.6,-140.0,-89.7,-140.0,-140.0,-140.0,-140.0,-17.2,-30.0,-13.1,-30.0,-14.2,-30.0,-30.0,-30.0,-30.0,1.6,0.0,56,109.2,95846.4,0.0,5.2,0.0,0.0,100.0,0.0,1.0,5.2,4.0,17.5,0.0,0.0,0,0,0,0.0,0,0,0,0,0,0,0,0,5GSA,Unknown_ReEstResult
41.10683,29.01644,-140.0,-140.0,-140.0,-121.8,-117.7,-140.0,-140.0,-120.5,-119.1,-30.0,-30.0,-30.0,-18.1,-15.4,-30.0,-30.0,-17.0,-16.5,-7.6,0.0,56,138.9,97367.02,86199.02,13.6,0.0,0.0,220.0,0.0,1.0,13.6,4.0,21.9,0.0,9.5,0,0,0,0.0,0,0,0,0,0,0,0,0,5GSA,Unknown_ReEstResult
41.10705,29.02252,-140.0,-140.0,-140.0,-140.0,-75.2,-140.0,-140.0,-140.0,-140.0,-30.0,-30.0,-30.0,-30.0,-10.4,-30.0,-30.0,-30.0,-30.0,28.8,0.0,56,94.2,97628.16,0.0,9.4,0.0,0.0,29.0,0.0,1.0,9.4,4.0,17.5,0.0,0.7,0,0,0,0.0,0,0,0,0,0,0,0,0,5GSA,Unknown_ReEstResult
41.10728,29.0226,-140.0,-140.0,-140.0,-87.2,-80.0,-140.0,-140.0,-140.0,-140.0,-30.0,-30.0,-30.0,-17.2,-10.7,-30.0,-30.0,-30.0,-30.0,15.1,0.0,56,99.8,97531.58,0.0,8.6,0.0,0.0,32.0,0.0,1.0,8.6,4.0,17.5,0.0,0.0,0,0,0,0.0,0,0,0,0,0,0,0,0,5GSA,Unknown_ReEstResult
41.10731,29.01833,-140.0,-140.0,-123.0,-140.0,-117.8,-140.0,-140.0,-121.5,-120.5,-30.0,-30.0,-18.5,-30.0,-14.7,-30.0,-30.0,-17.9,-18.2,-3.1,0.0,56,139.4,98570.24,0.0,8.8,0.0,0.0,108.0,0.0,1.0,8.8,4.0,20.6,0.0,10.0,0,0,0,0.0,0,0,0,0,0,0,0,0,5GSA,Unknown_ReEstResult
41.10752,29.02304,-140.0,-140.0,-140.0,-84.4,-89.3,-140.0,-140.0,-140.0,-140.0,-30.0,-30.0,-30.0,-11.3,-14.0,-30.0,-30.0,-30.0,-30.0,0.3,0.0,56,109.6,98059.52,0.0,7.2,0.0,0.0,41.0,0.0,1.0,7.2,4.0,17.5,0.0,0.7,0,0,0,0.0,0,0,0,0,0,0,0,0,5GSA,Unknown_ReEstResult
41.10772,29.02392,-140.0,-140.0,-140.0,-65.9,-140.0,-140.0,-140.0,-140.0,-140.0,-30.0,-30.0,-30.0,-10.4,-30.0,-30.0,-30.0,-30.0,-30.0,36.2,0.0,56,86.6,98728.91,0.0,0.8,0.0,0.0,24.0,0.0,1.0,0.8,4.0,17.5,0.0,0.5,0,0,0,0.0,0,0,0,0,0,0,0,0,5GSA,Unknown_ReEstResult
41.1078,29.02017,-140.0,-140.0,-140.0,-112.0,-110.1,-140.0,-140.0,-140.0,-140.0,-30.0,-30.0,-30.0,-14.5,-13.2,-30.0,-30.0,-30.0,-30.0,2.5,0.0,56,129.6,99368.96,0.0,11.8,0.0,0.0,64.0,0.0,1.0,11.8,4.0,20.4,0.0,8.1,0,0,0,0.0,0,0,0,0,0,0,0,0,5GSA,Unknown_ReEstResult
41.10787,29.0291,-140.0,-140.0,-140.0,-140.0,-140.0,-83.9,-116.2,-140.0,-100.2,-30.0,-30.0,-30.0,-30.0,-30.0,-10.9,-26.1,-30.0,-20.0,14.0,0.0,56,99.7,95539.2,92445.4,5.5,0.0,0.0,75.0,0.0,1.0,5.5,4.0,17.5,0.0,0.0,0,0,0,0.0,0,0,0,0,0,0,0,0,5GSA,Unknown_ReEstResult
41.09921,29.02684,-130.4,-140.0,-140.0,-140.0,-140.0,-140.0,-140.0,-140.0,-140.0,-18.8,-30.0,-30.0,-30.0,-30.0,-30.0,-30.0,-30.0,-30.0,-10.1,0.0,57,154.4,0.0,0.0,0.0,0.0,0.0,16.0,0.0,1.0,0.0,4.0,22.5,0.0,30.1,0,0,0,0.0,0,0,0,0,0,0,0,0,5GSA,Unknown_ReEstResult
41.1044,29.02,-90.7,-67.9,-140.0,-140.0,-140.0,-140.0,-140.0,-140.0,-140.0,-24.1,-10.4,-30.0,-30.0,-30.0,-30.0,-30.0,-30.0,-30.0,20.0,0.0,57,87.7,94039.23,0.0,0.5,0.0,0.0,24.0,0.0,1.0,0.5,4.0,17.5,0.0,0.0,0,0,0,0.0,0,0,0,0,0,0,0,0,5GSA,Unknown_ReEstResult
41.10471,29.01993,-118.6,-86.5,-140.0,-140.0,-140.0,-140.0,-140.0,-140.0,-140.0,-30.2,-10.8,-30.0,-30.0,-30.0,-30.0,-30.0,-30.0,-30.0,20.3,0.0,57,106.3,97653.76,0.0,8.6,0.0,0.0,40.0,0.0,1.0,8.6,4.0,17.5,0.0,1.2,0,0,0,0.0,0,0,0,0,0,0,0,0,5GSA,Unknown_ReEstResult
41.10477,29.02358,-87.9,-140.0,-108.5,-140.0,-140.0,-140.0,-140.0,-82.1,-140.0,-15.8,-30.0,-25.2,-30.0,-30.0,-30.0,-30.0,-11.6,-30.0,6.1,0.0,57,97.0,95457.28,0.0,0.0,0.0,0.0,106.0,0.0,1.0,0.0,4.0,17.5,0.0,0.9,0,0,0,0.0,0,0,0,0,0,0,0,0,5GSA,Unknown_ReEstResult
41.10495,29.01985,-140.0,-98.3,-93.1,-140.0,-140.0,-140.0,-140.0,-140.0,-140.0,-30.0,-16.0,-11.5,-30.0,-30.0,-30.0,-30.0,-30.0,-30.0,0.8,0.0,57,117.8,96071.68,0.0,9.8,0.0,0.0,140.0,0.0,1.0,9.8,4.0,18.3,0.0,10.9,0,0,0,0.0,0,0,0,0,0,0,0,0,5GSA,Unknown_ReEstResult
41.10509,29.02563,-103.3,-140.0,-140.0,-140.0,-140.0,-140.0,-140.0,-76.0,-86.3,-21.6,-30.0,-30.0,-30.0,-30.0,-30.0,-30.0,-10.4,-20.7,27.5,0.0,57,98.1,96097.2,0.0,12.8,0.0,0.0,77.0,0.0,1.0,12.8,4.0,17.5,0.0,0.0,0,0,0,0.0,0,0,0,0,0,0,0,0,5GSA,Unknown_ReEstResult
41.10734,29.01855,-140.0,-124.1,-123.1,-140.0,-123.9,-140.0,-140.0,-123.3,-122.0,-30.0,-17.8,-17.4,-30.0,-18.3,-30.0,-30.0,-17.4,-16.4,-6.3,0.0,57,154.9,63020.94,0.0,10.3,4.0,0.0,146.0,0.0,1.0,10.3,4.0,22.1,0.0,21.7,0,0,0,0.0,0,0,0,0,0,0,0,0,5GSA,Unknown_ReEstResult
41.10761,29.01944,-140.0,-109.3,-108.8,-140.0,-117.8,-140.0,-140.0,-140.0,-140.0,-30.0,-15.2,-13.5,-30.0,-21.1,-30.0,-30.0,-30.0,-30.0,-2.9,0.0,57,156.7,95634.34,85304.67,11.4,2.0,0.0,145.0,0.0,1.0,11.4,4.0,20.1,0.0,18.4,0,0,0,0.0,0,0,0,0,0,0,0,0,5GSA,Unknown_ReEstResult
41.10766,29.02365,-140.0,-140.0,-140.0,-65.4,-140.0,-140.0,-140.0,-140.0,-140.0,-30.0,-30.0,-30.0,-10.3,-30.0,-30.0,-30.0,-30.0,-30.0,34.9,0.0,57,91.0,3091.12,0.0,0.0,0.0,0.0,18.0,0.0,1.0,0.0,4.0,18.2,0.0,0.0,0,0,0,0.0,0,0,0,0,0,0,0,0,5GSA,Unknown_ReEstResult
41.1078,29.0242,-140.0,-140.0,-140.0,-69.6,-140.0,-140.0,-140.0,-140.0,-140.0,-30.0,-30.0,-30.0,-10.3,-30.0,-30.0,-30.0,-30.0,-30.0,31.8,0.0,57,93.9,98631.68,0.0,1.5,0.0,0.0,25.0,0.0,1.0,1.5,4.0,17.5,0.0,0.5,0,0,0,0.0,0,0,0,0,0,0,0,0,5GSA,Unknown_ReEstResult
41.10787,29.02071,-140.0,-140.0,-140.0,-107.7,-105.7,-140.0,-140.0,-140.0,-140.0,-30.0,-30.0,-30.0,-15.0,-12.8,-30.0,-30.0,-30.0,-30.0,2.6,0.0,57,124.9,98324.48,0.0,12.1,0.0,0.0,57.0,0.0,1.0,12.1,4.0,19.9,0.0,6.8,0,0,0,0.0,0,0,0,0,0,0,0,0,5GSA,Unknown_ReEstResult
41.10438,29.02002,-88.8,-76.8,-140.0,-140.0,-140.0,-140.0,-140.0,-140.0,-140.0,-21.7,-10.7,-30.0,-30.0,-30.0,-30.0,-30.0,-30.0,-30.0,22.5,0.0,58,92.0,95288.44,0.0,0.0,0.0,0.0,56.0,0.0,1.0,0.0,4.0,17.5,0.0,0.0,0,0,0,0.0,0,0,0,0,0,0,0,0,5GSA,Unknown_ReEstResult
41.10448,29.01998,-87.5,-77.2,-140.0,-140.0,-140.0,-140.0,-140.0,-140.0,-140.0,-18.9,-10.6,-30.0,-30.0,-30.0,-30.0,-30.0,-30.0,-30.0,19.4,0.0,58,94.2,97397.77,0.0,0.6,0.0,0.0,24.0,0.0,1.0,0.6,4.0,17.5,0.0,0.0,0,0,0,0.0,0,0,0,0,0,0,0,0,5GSA,Unknown_ReEstResult
41.10453,29.02144,-69.8,-57.6,-140.0,-140.0,-140.0,-140.0,-140.0,-140.0,-140.0,-20.6,-10.6,-30.0,-30.0,-30.0,-30.0,-30.0,-30.0,-30.0,21.6,0.0,58,76.2,97255.48,0.0,4.5,6.0,0.0,27.0,0.0,1.0,4.5,4.0,14.0,0.0,4.0,0,0,0,0.0,0,0,0,0,0,0,0,0,5GSA,Unknown_ReEstResult
41.10476,29.02348,-87.7,-140.0,-134.3,-140.0,-140.0,-140.0,-140.0,-85.5,-140.0,-13.1,-30.0,-34.7,-30.0,-30.0,-30.0,-30.0,-12.3,-30.0,1.8,0.0,58,100.7,96046.16,0.0,9.4,0.0,0.0,118.0,0.0,1.0,9.4,4.0,17.5,0.0,3.0,0,0,0,0.0,0,0,0,0,0,0,0,0,5GSA,Unknown_ReEstResult
41.10479,29.02379,-93.1,-140.0,-140.0,-140.0,-140.0,-140.0,-140.0,-90.4,-140.0,-13.8,-30.0,-30.0,-30.0,-30.0,-30.0,-30.0,-12.5,-30.0,4.4,0.0,58,106.8,95820.9,0.0,10.7,0.0,0.0,118.0,0.0,1.0,10.7,4.0,17.6,0.0,3.5,0,0,0,0.0,0,0,0,0,0,0,0,0,5GSA,Unknown_ReEstResult
41.10479,29.02389,-94.8,-140.0,-140.0,-140.0,-140.0,-140.0,-140.0,-86.7,-140.0,-17.1,-30.0,-30.0,-30.0,-30.0,-30.0,-30.0,-11.6,-30.0,6.2,0.0,58,102.2,96891.52,0.0,11.9,0.0,0.0,111.0,0.0,1.0,11.9,4.0,17.5,0.0,0.0,0,0,0,0.0,0,0,0,0,0,0,0,0,5GSA,Unknown_ReEstResult
41.10487,29.02423,-95.8,-140.0,-140.0,-140.0,-140.0,-140.0,-140.0,-85.7,-140.0,-19.2,-30.0,-30.0,-30.0,-30.0,-30.0,-30.0,-10.8,-30.0,9.2,0.0,58,100.7,97223.66,0.0,1.1,0.0,0.0,106.0,0.0,1.0,1.1,4.0,17.5,0.0,0.0,0,0,0,0.0,0,0,0,0,0,0,0,0,5GSA,Unknown_ReEstResult
41.10501,29.01985,-140.0,-98.5,-94.8,-140.0,-140.0,-140.0,-140.0,-140.0,-140.0,-30.0,-14.5,-11.8,-30.0,-30.0,-30.0,-30.0,-30.0,-30.0,-0.1,0.0,58,118.9,96752.59,0.0,9.3,0.0,0.0,141.0,0.0,1.0,9.3,4.0,17.9,0.0,8.3,0,0,0,0.0,0,0,0,0,0,0,0,0,5GSA,Unknown_ReEstResult
41.10578,29.02272,-93.0,-140.0,-85.2,-140.0,-90.5,-140.0,-140.0,-140.0,-140.0,-17.5,-30.0,-12.9,-30.0,-15.2,-30.0,-30.0,-30.0,-30.0,4.5,0.0,58,103.9,96829.44,0.0,9.3,4.0,0.0,84.0,0.0,1.0,9.3,4.0,17.5,0.0,0.0,0,0,0,0.0,0,0,0,0,0,0,0,0,5GSA,Unknown_ReEstResult
41.10705,29.02754,-140.0,-140.0,-140.0,-140.0,-140.0,-140.0,-83.8,-140.0,-73.4,-30.0,-30.0,-30.0,-30.0,-30.0,-30.0,-17.8,-30.0,-10.4,24.5,0.0,58,96.7,97177.6,94088.9,6.2,0.0,0.0,90.0,0.0,1.0,6.2,4.0,17.5,0.0,0.0,0,0,0,0.0,0,0,0,0,0,0,0,0,5GSA,Unknown_ReEstResult
41.10783,29.02042,-140.0,-140.0,-140.0,-110.1,-106.9,-140.0,-140.0,-140.0,-140.0,-30.0,-30.0,-30.0,-14.8,-12.4,-30.0,-30.0,-30.0,-30.0,5.0,0.0,58,127.6,98467.84,0.0,10.8,0.0,0.0,76.0,0.0,1.0,10.8,4.0,20.1,0.0,8.6,0,0,0,0.0,0,0,0,0,0,0,0,0,5GSA,Unknown_ReEstResult
41.10783,29.02484,-140.0,-140.0,-140.0,-80.8,-140.0,-140.0,-140.0,-140.0,-140.0,-30.0,-30.0,-30.0,-10.6,-30.0,-30.0,-30.0,-30.0,-30.0,24.2,0.0,58,99.9,96808.96,93197.05,5.7,0.0,0.0,77.0,0.0,1.0,5.7,4.0,17.5,0.0,0.0,0,0,0,0.0,0,0,0,0,0,0,0,0,5GSA,Unknown_ReEstResult
41.10786,29.02057,-140.0,-140.0,-140.0,-109.6,-107.9,-140.0,-140.0,-140.0,-140.0,-30.0,-30.0,-30.0,-14.9,-13.1,-30.0,-30.0,-30.0,-30.0,3.7,0.0,58,126.8,98606.02,0.0,8.9,0.0,0.0,74.0,0.0,1.0,8.9,4.0,20.1,0.0,10.8,0,0,0,0.0,0,0,0,0,0,0,0,0,5GSA,Unknown_ReEstResult
41.10789,29.02079,-140.0,-140.0,-140.0,-106.4,-105.7,-140.0,-140.0,-140.0,-140.0,-30.0,-30.0,-30.0,-13.8,-13.0,-30.0,-30.0,-30.0,-30.0,2.8,0.0,58,127.0,98222.08,0.0,9.5,0.0,0.0,50.0,0.0,1.0,9.5,4.0,18.9,0.0,8.2,0,0,0,0.0,0,0,0,0,0,0,0,0,5GSA,Unknown_ReEstResult
41.1079,29.02472,-140.0,-140.0,-140.0,-75.5,-140.0,-140.0,-140.0,-140.0,-140.0,-30.0,-30.0,-30.0,-10.4,-30.0,-30.0,-30.0,-30.0,-30.0,32.1,0.0,58,94.7,97336.14,0.0,4.1,0.0,0.0,25.0,0.0,1.0,4.1,4.0,17.5,0.0,0.0,0,0,0,0.0,0,0,0,0,0,0,0,0,5GSA,Unknown_ReEstResult
41.10453,29.01996,-89.4,-72.4,-140.0,-140.0,-140.0,-140.0,-140.0,-140.0,-140.0,-22.6,-10.4,-30.0,-30.0,-30.0,-30.0,-30.0,-30.0,-30.0,22.6,0.0,59,94.1,97361.92,0.0,1.6,0.0,0.0,24.0,0.0,1.0,1.6,4.0,17.5,0.0,0.0,0,0,0,0.0,0,0,0,0,0,0,0,0,5GSA,Unknown_ReEstResult
41.10732,29.02907,-140.0,-140.0,-140.0,-140.0,-140.0,-86.4,-140.0,-140.0,-87.6,-30.0,-30.0,-30.0,-30.0,-30.0,-12.6,-30.0,-30.0,-13.5,5.8,0.0,59,102.2,96056.23,92607.63,13.4,0.0,0.0,172.0,0.0,1.0,13.4,4.0,17.5,0.0,0.0,0,0,0,0.0,0,0,0,0,0,0,0,0,5GSA,Unknown_ReEstResult
41.10755,29.02316,-140.0,-140.0,-140.0,-78.5,-87.8,-140.0,-140.0,-140.0,-140.0,-30.0,-30.0,-30.0,-10.6,-17.4,-30.0,-30.0,-30.0,-30.0,-9.5,0.0,59,123.2,0.0,37018.23,29.8,1.0,0.0,55.0,0.0,1.0,29.8,4.0,18.3,0.0,12.7,0,0,0,0.0,0,0,0,0,0,0,0,0,5GSA,Unknown_ReEstResult
41.10757,29.02263,-140.0,-140.0,-140.0,-81.4,-87.1,-140.0,-140.0,-140.0,-140.0,-30.0,-30.0,-30.0,-10.9,-13.9,-30.0,-30.0,-30.0,-30.0,7.2,0.0,59,100.9,96031.36,92267.95,12.1,3.0,0.0,166.0,0.0,1.0,12.1,4.0,17.5,0.0,0.5,0,0,0,0.0,0,0,0,0,0,0,0,0,5GSA,Unknown_ReEstResult
41.10782,29.02026,-140.0,-140.0,-140.0,-111.9,-110.0,-140.0,-140.0,-140.0,-140.0,-30.0,-30.0,-30.0,-15.7,-13.2,-30.0,-30.0,-30.0,-30.0,2.5,0.0,59,130.3,98513.96,0.0,7.5,0.0,0.0,70.0,0.0,1.0,7.5,4.0,20.4,0.0,9.1,0,0,0,0.0,0,0,0,0,0,0,0,0,5GSA,Unknown_ReEstResult
41.10793,29.0272,-140.0,-140.0,-140.0,-140.0,-140.0,-140.0,-75.1,-140.0,-79.9,-30.0,-30.0,-30.0,-30.0,-30.0,-30.0,-11.3,-30.0,-16.7,10.9,0.0,59,94.4,96808.96,108326.75,6.2,0.0,0.0,58.0,0.0,1.0,6.2,4.0,17.5,0.0,0.0,0,0,0,0.0,0,0,0,0,0,0,0,0,5GSA,Unknown_ReEstResult
41.10795,29.02104,-140.0,-140.0,-140.0,-105.8,-106.7,-140.0,-140.0,-140.0,-140.0,-30.0,-30.0,-30.0,-13.4,-14.9,-30.0,-30.0,-30.0,-30.0,-3.8,0.0,59,126.5,13393.92,0.0,0.0,1.0,0.0,149.0,0.0,1.0,0.0,4.0,18.2,0.0,16.0,0,0,0,0.0,0,0,0,0,0,0,0,0,5GSA,Unknown_ReEstResult
41.10517,29.01985,-140.0,-99.2,-92.1,-140.0,-140.0,-140.0,-140.0,-140.0,-140.0,-30.0,-18.5,-11.2,-30.0,-30.0,-30.0,-30.0,-30.0,-30.0,10.2,0.0,60,111.0,97832.96,0.0,7.9,0.0,0.0,55.0,0.0,1.0,7.9,4.0,17.6,0.0,2.0,0,0,0,0.0,0,0,0,0,0,0,0,0,5GSA,Unknown_ReEstResult
41.10637,29.02771,-140.0,-140.0,-140.0,-140.0,-140.0,-140.0,-140.0,-140.0,-65.9,-30.0,-30.0,-30.0,-30.0,-30.0,-30.0,-30.0,-30.0,-10.4,27.4,0.0,60,81.8,97402.88,94948.9,3.5,0.0,0.0,25.0,0.0,1.0,3.5,4.0,17.2,0.0,0.0,0,0,0,0.0,0,0,0,0,0,0,0,0,5GSA,Unknown_ReEstResult
41.10679,29.02866,-140.0,-140.0,-140.0,-140.0,-140.0,-78.8,-140.0,-140.0,-81.4,-30.0,-30.0,-30.0,-30.0,-30.0,-12.4,-30.0,-30.0,-13.2,0.8,0.0,60,102.5,97075.2,92821.52,17.1,0.0,0.0,117.0,0.0,1.0,17.1,4.0,17.5,0.0,0.0,0,0,0,0.0,0,0,0,0,0,0,0,0,5GSA,Unknown_ReEstResult
41.10686,29.02859,-140.0,-140.0,-140.0,-140.0,-140.0,-85.7,-140.0,-140.0,-82.7,-30.0,-30.0,-30.0,-30.0,-30.0,-13.9,-30.0,-30.0,-11.3,-1.3,0.0,60,106.1,96844.89,94354.13,13.3,0.0,0.0,91.0,0.0,1.0,13.3,4.0,17.5,0.0,2.5,0,0,0,0.0,0,0,0,0,0,0,0,0,5GSA,Unknown_ReEstResult
41.10705,29.01698,-140.0,-140.0,-140.0,-121.6,-118.7,-140.0,-140.0,-116.0,-116.1,-30.0,-30.0,-30.0,-19.4,-17.6,-30.0,-30.0,-15.3,-15.9,-1.9,0.0,60,136.3,98529.28,0.0,10.8,0.0,0.0,167.0,0.0,1.0,10.8,4.0,21.5,0.0,10.8,0,0,0,0.0,0,0,0,0,0,0,0,0,5GSA,Unknown_ReEstResult
41.10713,29.01726,-140.0,-140.0,-140.0,-118.6,-120.3,-140.0,-140.0,-123.1,-119.3,-30.0,-30.0,-30.0,-16.3,-17.0,-30.0,-30.0,-19.6,-16.8,-8.7,0.0,60,146.0,98954.22,0.0,14.7,0.0,0.0,253.0,0.0,1.0,14.7,4.0,21.9,0.0,12.9,0,0,0,0.0,0,0,0,0,0,0,0,0,5GSA,Unknown_ReEstResult
41.1072,29.01754,-140.0,-140.0,-118.1,-118.4,-119.5,-140.0,-140.0,-117.6,-118.0,-30.0,-30.0,-16.6,-17.3,-18.1,-30.0,-30.0,-15.8,-16.6,-9.5,0.0,60,150.2,98140.16,0.0,9.2,0.0,0.0,244.0,0.0,1.0,9.2,4.0,21.8,0.0,10.8,0,0,0,0.0,0,0,0,0,0,0,0,0,5GSA,Unknown_ReEstResult
41.1076,29.02201,-140.0,-140.0,-140.0,-87.6,-82.3,-140.0,-140.0,-140.0,-140.0,-30.0,-30.0,-30.0,-15.3,-11.2,-30.0,-30.0,-30.0,-30.0,12.8,0.0,60,101.5,95601.92,83808.49,3.6,0.0,0.0,69.0,0.0,1.0,3.6,4.0,17.5,0.0,0.0,0,0,0,0.0,0,0,0,0,0,0,0,0,5GSA,Unknown_ReEstResult
41.10782,29.02536,-140.0,-140.0,-140.0,-94.1,-140.0,-140.0,-97.6,-140.0,-101.8,-30.0,-30.0,-30.0,-12.1,-30.0,-30.0,-14.0,-30.0,-17.7,1.5,0.0,60,115.8,43332.69,0.0,10.9,0.0,0.0,34.0,0.0,1.0,10.9,4.0,17.8,0.0,10.0,0,0,0,0.0,0,0,0,0,0,0,0,0,5GSA,Unknown_ReEstResult
41.10786,29.02451,-140.0,-140.0,-140.0,-75.7,-140.0,-140.0,-140.0,-140.0,-140.0,-30.0,-30.0,-30.0,-10.4,-30.0,-30.0,-30.0,-30.0,-30.0,28.7,0.0,60,93.0,97525.76,94556.41,9.2,0.0,0.0,29.0,0.0,1.0,9.2,4.0,17.5,0.0,0.0,0,0,0,0.0,0,0,0,0,0,0,0,0,5GSA,Unknown_ReEstResult
41.09906,29.02623,-140.0,-140.0,-140.0,-140.0,-140.0,-140.0,-140.0,-135.4,-140.0,-30.0,-30.0,-30.0,-30.0,-30.0,-30.0,-30.0,-22.7,-30.0,-6.4,0.0,61,150.0,757.76,694.26,1.1,11.0,0.0,231.0,0.0,1.0,1.1,4.0,22.5,0.0,54.2,0,0,0,0.0,0,0,0,0,0,0,0,0,5GSA,Unknown_ReEstResult
41.10483,29.01991,-140.0,-92.4,-96.8,-140.0,-140.0,-140.0,-140.0,-140.0,-140.0,-30.0,-11.1,-19.3,-30.0,-30.0,-30.0,-30.0,-30.0,-30.0,7.8,0.0,61,110.5,96522.24,0.0,6.6,0.0,0.0,145.0,0.0,1.0,6.6,4.0,17.5,0.0,4.3,0,0,0,0.0,0,0,0,0,0,0,0,0,5GSA,Unknown_ReEstResult
41.10714,29.0291,-140.0,-140.0,-140.0,-140.0,-140.0,-87.3,-140.0,-140.0,-86.3,-30.0,-30.0,-30.0,-30.0,-30.0,-12.9,-30.0,-30.0,-13.0,2.9,0.0,61,102.8,97239.04,92992.8,18.8,0.0,0.0,100.0,0.0,1.0,18.8,4.0,17.5,0.0,0.0,0,0,0,0.0,0,0,0,0,0,0,0,0,5GSA,Unknown_ReEstResult
41.10722,29.02901,-140.0,-140.0,-140.0,-140.0,-140.0,-86.3,-140.0,-140.0,-87.8,-30.0,-30.0,-30.0,-30.0,-30.0,-12.5,-30.0,-30.0,-12.5,4.3,0.0,61,103.2,97326.05,93290.05,3.9,0.0,0.0,153.0,0.0,1.0,3.9,4.0,17.5,0.0,0.0,0,0,0,0.0,0,0,0,0,0,0,0,0,5GSA,Unknown_ReEstResult
41.10735,29.0186,-140.0,-121.0,-123.0,-131.5,-124.0,-140.0,-140.0,-122.7,-123.5,-30.0,-15.3,-17.6,-23.5,-17.7,-30.0,-30.0,-16.9,-16.9,-16.0,13.0,61,150.0,13271.73,7180.74,11.1,49.0,0.0,222.0,0.0,1.0,11.1,4.0,0.0,0.0,0.0,0,0,0,29.0,0,0,0,0,0,0,0,0,5GSA,Unknown_ReEstResult
41.10747,29.02914,-140.0,-140.0,-140.0,-140.0,-140.0,-84.0,-140.0,-140.0,-90.2,-30.0,-30.0,-30.0,-30.0,-30.0,-11.4,-30.0,-30.0,-15.0,-0.4,0.0,61,107.1,96025.73,93186.52,9.5,0.0,0.0,123.0,0.0,1.0,9.5,4.0,17.5,0.0,1.1,0,0,0,0.0,0,0,0,0,0,0,0,0,5GSA,Unknown_ReEstResult
41.10749,29.01906,-140.0,-140.0,-117.3,-119.9,-140.0,-140.0,-140.0,-118.6,-114.6,-30.0,-30.0,-18.6,-19.1,-30.0,-30.0,-30.0,-19.8,-14.2,-1.3,0.0,61,129.0,98058.24,0.0,0.0,2.0,0.0,263.0,0.0,1.0,0.0,4.0,20.8,0.0,5.9,0,0,0,0.0,0,0,0,0,0,0,0,0,5GSA,Unknown_ReEstResult
41.10766,29.02238,-140.0,-140.0,-140.0,-82.8,-86.7,-140.0,-140.0,-140.0,-140.0,-30.0,-30.0,-30.0,-12.0,-12.9,-30.0,-30.0,-30.0,-30.0,2.7,0.0,61,106.8,96814.03,92775.11,10.5,0.0,0.0,91.0,0.0,1.0,10.5,4.0,17.5,0.0,0.0,0,0,0,0.0,0,0,0,0,0,0,0,0,5GSA,Unknown_ReEstResult
41.10776,29.01998,-140.0,-140.0,-140.0,-115.9,-113.2,-140.0,-140.0,-140.0,-140.0,-30.0,-30.0,-30.0,-14.6,-12.8,-30.0,-30.0,-30.0,-30.0,1.4,0.0,61,134.0,98616.37,0.0,8.9,0.0,0.0,118.0,0.0,1.0,8.9,4.0,20.9,0.0,10.2,0,0,0,0.0,0,0,0,0,0,0,0,0,5GSA,Unknown_ReEstResult
41.10782,29.02426,-140.0,-140.0,-140.0,-76.0,-140.0,-140.0,-140.0,-140.0,-140.0,-30.0,-30.0,-30.0,-10.4,-30.0,-30.0,-30.0,-30.0,-30.0,30.2,0.0,61,94.8,97306.81,93845.63,9.5,0.0,0.0,27.0,0.0,1.0,9.5,4.0,17.5,0.0,0.0,0,0,0,0.0,0,0,0,0,0,0,0,0,5GSA,Unknown_ReEstResult
41.10784,29.02495,-140.0,-140.0,-140.0,-82.0,-140.0,-140.0,-90.7,-140.0,-140.0,-30.0,-30.0,-30.0,-10.5,-30.0,-30.0,-18.9,-30.0,-30.0,21.1,0.0,61,101.3,95580.16,94216.26,10.7,0.0,0.0,80.0,0.0,1.0,10.7,4.0,17.5,0.0,0.0,0,0,0,0.0,0,0,0,0,0,0,0,0,5GSA,Unknown_ReEstResult
41.10801,29.02903,-140.0,-140.0,-140.0,-140.0,-140.0,-83.4,-140.0,-140.0,-96.7,-30.0,-30.0,-30.0,-30.0,-30.0,-10.5,-30.0,-30.0,-20.8,13.9,0.0,61,100.3,95825.92,92341.84,9.0,0.0,0.0,75.0,0.0,1.0,9.0,4.0,17.5,0.0,0.0,0,0,0,0.0,0,0,0,0,0,0,0,0,5GSA,Unknown_ReEstResult
41.10454,29.01626,-140.0,-129.2,-140.0,-140.0,-128.6,-140.0,-140.0,-126.0,-140.0,-30.0,-20.1,-30.0,-30.0,-19.8,-30.0,-30.0,-16.9,-30.0,-8.0,0.0,62,143.7,17304.69,14646.21,8.6,4.0,0.0,113.0,0.0,1.0,8.6,4.0,22.4,0.0,15.7,0,0,0,0.0,0,0,0,0,0,0,0,0,5GSA,Unknown_ReEstResult
41.10465,29.01994,-114.5,-84.2,-140.0,-140.0,-140.0,-140.0,-140.0,-140.0,-140.0,-29.3,-10.8,-30.0,-30.0,-30.0,-30.0,-30.0,-30.0,-30.0,17.1,0.0,62,103.5,97623.04,0.0,9.1,0.0,0.0,38.0,0.0,1.0,9.1,4.0,17.5,0.0,0.0,0,0,0,0.0,0,0,0,0,0,0,0,0,5GSA,Unknown_ReEstResult
41.10529,29.02732,-140.0,-140.0,-140.0,-140.0,-140.0,-140.0,-140.0,-65.2,-140.0,-30.0,-30.0,-30.0,-30.0,-30.0,-30.0,-30.0,-10.4,-30.0,28.8,0.0,62,92.8,97141.73,94843.59,8.6,0.0,0.0,30.0,0.0,1.0,8.6,4.0,17.5,0.0,1.3,0,0,0,0.0,0,0,0,0,0,0,0,0,5GSA,Unknown_ReEstResult
41.1065,29.02767,-140.0,-140.0,-140.0,-140.0,-140.0,-140.0,-140.0,-140.0,-64.1,-30.0,-30.0,-30.0,-30.0,-30.0,-30.0,-30.0,-30.0,-10.4,31.2,0.0,62,79.7,97254.46,94498.87,7.6,0.0,0.0,28.0,0.0,1.0,7.6,4.0,16.5,0.0,0.0,0,0,0,0.0,0,0,0,0,0,0,0,0,5GSA,Unknown_ReEstResult
41.10659,29.02828,-140.0,-140.0,-140.0,-140.0,-140.0,-84.8,-140.0,-140.0,-75.0,-30.0,-30.0,-30.0,-30.0,-30.0,-19.7,-30.0,-30.0,-10.8,12.4,0.0,62,94.5,95411.39,88828.23,15.2,0.0,0.0,60.0,0.0,1.0,15.2,4.0,17.5,0.0,0.0,0,0,0,0.0,0,0,0,0,0,0,0,0,5GSA,Unknown_ReEstResult
41.10663,29.02764,-140.0,-140.0,-140.0,-140.0,-140.0,-140.0,-140.0,-140.0,-67.5,-30.0,-30.0,-30.0,-30.0,-30.0,-30.0,-30.0,-30.0,-10.4,26.4,0.0,62,82.9,95923.98,93228.13,13.1,0.0,0.0,65.0,0.0,1.0,13.1,4.0,17.5,0.0,0.9,0,0,0,0.0,0,0,0,0,0,0,0,0,5GSA,Unknown_ReEstResult
41.10668,29.02838,-140.0,-140.0,-140.0,-140.0,-140.0,-79.3,-87.1,-140.0,-82.1,-30.0,-30.0,-30.0,-30.0,-30.0,-12.3,-18.3,-30.0,-14.1,3.7,0.0,62,97.6,97848.3,106834.42,9.4,0.0,0.0,33.0,0.0,1.0,9.4,4.0,17.5,0.0,0.0,0,0,0,0.0,0,0,0,0,0,0,0,0,5GSA,Unknown_ReEstResult
41.10688,29.02152,-140.0,-140.0,-140.0,-140.0,-72.8,-140.0,-140.0,-140.0,-140.0,-30.0,-30.0,-30.0,-30.0,-10.4,-30.0,-30.0,-30.0,-30.0,32.5,0.0,62,89.4,96460.8,93955.94,10.1,0.0,0.0,64.0,0.0,1.0,10.1,4.0,17.5,0.0,0.0,0,0,0,0.0,0,0,0,0,0,0,0,0,5GSA,Unknown_ReEstResult
41.10695,29.0215,-140.0,-140.0,-140.0,-140.0,-67.7,-140.0,-140.0,-140.0,-140.0,-30.0,-30.0,-30.0,-30.0,-10.4,-30.0,-30.0,-30.0,-30.0,32.6,0.0,62,91.5,97792.0,92162.25,1.5,0.0,0.0,25.0,0.0,1.0,1.5,4.0,17.5,0.0,0.0,0,0,0,0.0,0,0,0,0,0,0,0,0,5GSA,Unknown_ReEstResult
41.10766,29.01961,-120.0,-115.8,-111.5,-140.0,-116.6,-140.0,-140.0,-140.0,-140.0,-20.1,-17.3,-13.5,-30.0,-18.8,-30.0,-30.0,-30.0,-30.0,-6.4,0.0,62,137.9,97101.47,0.0,7.5,0.0,0.0,224.0,0.0,1.0,7.5,4.0,20.9,0.0,8.0,0,0,0,0.0,0,0,0,0,0,0,0,0,5GSA,Unknown_ReEstResult
41.10785,29.02602,-140.0,-140.0,-140.0,-96.9,-140.0,-140.0,-88.7,-140.0,-89.6,-30.0,-30.0,-30.0,-18.7,-30.0,-30.0,-12.9,-30.0,-11.8,-6.6,5.0,62,120.2,49380.52,0.0,11.6,0.0,0.0,138.0,0.0,1.0,11.6,4.0,17.6,-1.0,1.8,0,0,0,17.0,0,0,0,0,0,0,0,0,5GSA,Unknown_ReEstResult
41.10789,29.02461,-140.0,-140.0,-140.0,-74.3,-140.0,-140.0,-140.0,-140.0,-140.0,-30.0,-30.0,-30.0,-10.4,-30.0,-30.0,-30.0,-30.0,-30.0,31.5,0.0,62,96.0,97198.08,94540.8,3.1,0.0,0.0,25.0,0.0,1.0,3.1,4.0,17.5,0.0,0.0,0,0,0,0.0,0,0,0,0,0,0,0,0,5GSA,Unknown_ReEstResult
41.10797,29.02113,-140.0,-140.0,-140.0,-99.8,-104.8,-140.0,-140.0,-140.0,-140.0,-30.0,-30.0,-30.0,-11.3,-16.5,-30.0,-30.0,-30.0,-30.0,-5.3,0.0,62,127.5,27545.6,0.0,0.0,8.0,0.0,224.0,0.0,1.0,0.0,4.0,18.3,0.0,10.5,0,0,0,0.0,0,0,0,0,0,0,0,0,5GSA,Unknown_ReEstResult
41.1036,29.01704,-140.0,-110.2,-140.0,-140.0,-140.0,-140.0,-140.0,-113.7,-140.0,-30.0,-12.9,-30.0,-30.0,-30.0,-30.0,-30.0,-15.9,-30.0,6.4,0.0,63,129.2,98304.0,89947.7,7.9,0.0,0.0,72.0,0.0,1.0,7.9,4.0,20.8,0.0,11.0,0,0,0,0.0,0,0,0,0,0,0,0,0,5GSA,Unknown_ReEstResult
41.10584,29.02781,-140.0,-140.0,-140.0,-140.0,-140.0,-140.0,-140.0,-140.0,-75.2,-30.0,-30.0,-30.0,-30.0,-30.0,-30.0,-30.0,-30.0,-10.5,25.6,0.0,63,86.5,56176.64,62083.67,9.4,0.0,0.0,21.0,0.0,1.0,9.4,4.0,17.5,0.0,0.0,0,0,0,0.0,0,0,0,0,0,0,0,0,5GSA,Unknown_ReEstResult
41.10623,29.01556,-140.0,-140.0,-140.0,-140.0,-140.0,-140.0,-140.0,-115.4,-116.1,-30.0,-30.0,-30.0,-30.0,-30.0,-30.0,-30.0,-13.4,-13.9,1.8,0.0,63,133.8,96890.88,94164.2,10.0,0.0,0.0,206.0,0.0,1.0,10.0,4.0,21.9,0.0,10.4,0,0,0,0.0,0,0,0,0,0,0,0,0,5GSA,Unknown_ReEstResult
41.10641,29.0277,-140.0,-140.0,-140.0,-140.0,-140.0,-140.0,-140.0,-140.0,-63.7,-30.0,-30.0,-30.0,-30.0,-30.0,-30.0,-30.0,-30.0,-10.3,31.6,0.0,63,79.4,96727.04,94888.63,3.8,0.0,0.0,25.0,0.0,1.0,3.8,4.0,16.3,0.0,1.0,0,0,0,0.0,0,0,0,0,0,0,0,0,5GSA,Unknown_ReEstResult
41.1065,29.01594,-140.0,-140.0,-140.0,-121.0,-119.6,-140.0,-140.0,-114.2,-118.2,-30.0,-30.0,-30.0,-19.8,-17.8,-30.0,-30.0,-13.4,-17.0,-2.2,0.0,63,153.3,0.0,95722.09,13.9,7.0,0.0,187.0,0.0,1.0,13.9,4.0,21.0,0.0,18.1,0,0,0,0.0,0,0,0,0,0,0,0,0,5GSA,Unknown_ReEstResult
41.10651,29.02818,-140.0,-140.0,-140.0,-140.0,-140.0,-86.9,-140.0,-140.0,-82.7,-30.0,-30.0,-30.0,-30.0,-30.0,-14.9,-30.0,-30.0,-11.9,9.2,0.0,63,97.9,96342.97,92879.92,9.7,0.0,0.0,76.0,0.0,1.0,9.7,4.0,17.5,0.0,0.0,0,0,0,0.0,0,0,0,0,0,0,0,0,5GSA,Unknown_ReEstResult
41.1067,29.02153,-140.0,-140.0,-140.0,-140.0,-80.4,-140.0,-140.0,-140.0,-140.0,-30.0,-30.0,-30.0,-30.0,-10.4,-30.0,-30.0,-30.0,-30.0,27.2,0.0,63,100.5,95805.44,92108.59,9.5,0.0,0.0,71.0,0.0,1.0,9.5,4.0,17.5,0.0,0.0,0,0,0,0.0,0,0,0,0,0,0,0,0,5GSA,Unknown_ReEstResult
41.10679,29.02852,-140.0,-140.0,-140.0,-140.0,-140.0,-83.8,-140.0,-140.0,-78.5,-30.0,-30.0,-30.0,-30.0,-30.0,-16.7,-30.0,-30.0,-11.2,11.8,0.0,63,100.6,92594.96,93639.64,8.2,2.0,0.0,78.0,0.0,1.0,8.2,4.0,17.5,0.0,0.9,0,0,0,0.0,0,0,0,0,0,0,0,0,5GSA,Unknown_ReEstResult
41.10704,29.02884,-140.0,-140.0,-140.0,-140.0,-140.0,-88.2,-140.0,-140.0,-87.7,-30.0,-30.0,-30.0,-30.0,-30.0,-12.8,-30.0,-30.0,-12.4,2.5,0.0,63,104.6,96768.0,102232.98,9.2,0.0,0.0,106.0,0.0,1.0,9.2,4.0,17.5,0.0,0.0,0,0,0,0.0,0,0,0,0,0,0,0,0,5GSA,Unknown_ReEstResult
41.10709,29.02158,-140.0,-140.0,-140.0,-140.0,-73.1,-140.0,-140.0,-140.0,-140.0,-30.0,-30.0,-30.0,-30.0,-10.3,-30.0,-30.0,-30.0,-30.0,33.6,0.0,63,93.0,95457.28,92115.2,8.7,0.0,0.0,56.0,0.0,1.0,8.7,4.0,17.5,0.0,0.0,0,0,0,0.0,0,0,0,0,0,0,0,0,5GSA,Unknown_ReEstResult
41.10719,29.02164,-140.0,-140.0,-140.0,-140.0,-75.2,-140.0,-140.0,-140.0,-140.0,-30.0,-30.0,-30.0,-30.0,-10.4,-30.0,-30.0,-30.0,-30.0,31.7,0.0,63,96.6,95887.36,92763.3,8.9,0.0,0.0,59.0,0.0,1.0,8.9,4.0,17.5,0.0,0.0,0,0,0,0.0,0,0,0,0,0,0,0,0,5GSA,Unknown_ReEstResult
41.10722,29.02922,-140.0,-140.0,-140.0,-140.0,-140.0,-87.1,-140.0,-140.0,-87.8,-30.0,-30.0,-30.0,-30.0,-30.0,-11.5,-30.0,-30.0,-13.8,7.0,0.0,63,103.1,96215.04,92934.9,8.9,0.0,0.0,102.0,0.0,1.0,8.9,4.0,17.5,0.0,0.0,0,0,0,0.0,0,0,0,0,0,0,0,0,5GSA,Unknown_ReEstResult
41.10727,29.0293,-140.0,-140.0,-140.0,-140.0,-140.0,-89.0,-140.0,-140.0,-91.8,-30.0,-30.0,-30.0,-30.0,-30.0,-11.9,-30.0,-30.0,-13.6,6.4,0.0,63,104.4,97689.6,94918.93,9.6,0.0,0.0,45.0,0.0,1.0,9.6,4.0,17.5,0.0,1.1,0,0,0,0.0,0,0,0,0,0,0,0,0,5GSA,Unknown_ReEstResult
41.10727,29.02938,-140.0,-140.0,-140.0,-140.0,-140.0,-92.8,-140.0,-140.0,-90.7,-30.0,-30.0,-30.0,-30.0,-30.0,-13.2,-30.0,-30.0,-13.3,4.7,0.0,63,107.2,97628.16,94984.13,8.4,0.0,0.0,51.0,0.0,1.0,8.4,4.0,17.5,0.0,0.0,0,0,0,0.0,0,0,0,0,0,0,0,0,5GSA,Unknown_ReEstResult
41.10729,29.01806,-140.0,-140.0,-123.3,-140.0,-119.9,-140.0,-140.0,-119.5,-118.6,-30.0,-30.0,-19.2,-30.0,-16.7,-30.0,-30.0,-16.6,-16.2,-4.9,0.0,63,140.7,98452.48,0.0,9.5,0.0,0.0,124.0,0.0,1.0,9.5,4.0,20.8,0.0,13.5,0,0,0,0.0,0,0,0,0,0,0,0,0,5GSA,Unknown_ReEstResult
41.10736,29.01864,-140.0,-140.0,-140.0,-128.2,-124.0,-140.0,-140.0,-124.8,-124.8,-30.0,-30.0,-30.0,-20.2,-16.8,-30.0,-30.0,-17.8,-17.7,-12.2,0.0,63,149.9,5201.92,0.0,29.6,1.0,0.0,179.0,0.0,1.0,29.6,4.0,22.4,0.0,13.0,0,0,0,0.0,0,0,0,0,0,0,0,0,5GSA,Unknown_ReEstResult
41.10784,29.02473,-140.0,-140.0,-140.0,-73.5,-140.0,-140.0,-140.0,-140.0,-140.0,-30.0,-30.0,-30.0,-10.4,-30.0,-30.0,-30.0,-30.0,-30.0,28.4,0.0,63,95.3,97464.32,94635.22,5.4,0.0,0.0,64.0,0.0,1.0,5.4,4.0,17.5,0.0,0.0,0,0,0,0.0,0,0,0,0,0,0,0,0,5GSA,Unknown_ReEstResult
41.10785,29.02452,-140.0,-140.0,-140.0,-73.8,-140.0,-140.0,-140.0,-140.0,-140.0,-30.0,-30.0,-30.0,-10.4,-30.0,-30.0,-30.0,-30.0,-30.0,31.1,0.0,63,93.8,96814.03,95034.81,12.3,0.0,0.0,62.0,0.0,1.0,12.3,4.0,17.5,0.0,0.0,0,0,0,0.0,0,0,0,0,0,0,0,0,5GSA,Unknown_ReEstResult
41.10533,29.01995,-140.0,-140.0,-87.0,-140.0,-140.0,-140.0,-140.0,-140.0,-140.0,-30.0,-30.0,-10.5,-30.0,-30.0,-30.0,-30.0,-30.0,-30.0,17.5,0.0,64,106.0,95764.48,0.0,9.7,0.0,0.0,83.0,0.0,1.0,9.7,4.0,17.5,0.0,0.0,0,0,0,0.0,0,0,0,0,0,0,0,0,5GSA,Unknown_ReEstResult
41.10537,29.02662,-140.0,-140.0,-140.0,-140.0,-140.0,-140.0,-140.0,-73.5,-140.0,-30.0,-30.0,-30.0,-30.0,-30.0,-30.0,-30.0,-10.4,-30.0,29.3,0.0,64,92.3,97203.18,93729.15,10.8,0.0,0.0,84.0,0.0,1.0,10.8,4.0,17.5,0.0,0.0,0,0,0,0.0,0,0,0,0,0,0,0,0,5GSA,Unknown_ReEstResult
41.10601,29.02777,-140.0,-140.0,-140.0,-140.0,-140.0,-140.0,-140.0,-140.0,-78.6,-30.0,-30.0,-30.0,-30.0,-30.0,-30.0,-30.0,-30.0,-10.5,17.5,0.0,64,92.8,81121.28,90783.15,9.3,0.0,0.0,25.0,0.0,1.0,9.3,4.0,17.5,0.0,0.0,0,0,0,0.0,0,0,0,0,0,0,0,0,5GSA,Unknown_ReEstResult
41.10636,29.01575,-140.0,-140.0,-140.0,-140.0,-140.0,-140.0,-140.0,-122.6,-115.6,-30.0,-30.0,-30.0,-30.0,-30.0,-30.0,-30.0,-17.7,-14.1,-4.2,0.0,64,136.8,98549.76,95261.37,9.4,2.0,0.0,197.0,0.0,1.0,9.4,4.0,21.9,0.0,14.2,0,0,0,0.0,0,0,0,0,0,0,0,0,5GSA,Unknown_ReEstResult
41.10649,29.02828,-140.0,-140.0,-140.0,-140.0,-140.0,-82.6,-140.0,-140.0,-75.7,-30.0,-30.0,-30.0,-30.0,-30.0,-16.1,-30.0,-30.0,-10.6,14.3,0.0,64,95.2,95201.55,92034.11,13.3,0.0,0.0,58.0,0.0,1.0,13.3,4.0,17.5,0.0,0.0,0,0,0,0.0,0,0,0,0,0,0,0,0,5GSA,Unknown_ReEstResult
41.10663,29.02832,-140.0,-140.0,-140.0,-140.0,-140.0,-82.7,-140.0,-140.0,-77.9,-30.0,-30.0,-30.0,-30.0,-30.0,-15.6,-30.0,-30.0,-12.4,8.0,0.0,64,95.7,97464.32,94294.88,10.5,0.0,0.0,28.0,0.0,1.0,10.5,4.0,17.5,0.0,0.0,0,0,0,0.0,0,0,0,0,0,0,0,0,5GSA,Unknown_ReEstResult
41.10678,29.0276,-140.0,-140.0,-140.0,-140.0,-140.0,-140.0,-140.0,-140.0,-68.8,-30.0,-30.0,-30.0,-30.0,-30.0,-30.0,-30.0,-30.0,-10.4,27.9,0.0,64,84.3,96789.76,92734.08,4.8,0.0,0.0,78.0,0.0,1.0,4.8,4.0,17.5,0.0,1.9,0,0,0,0.0,0,0,0,0,0,0,0,0,5GSA,Unknown_ReEstResult
41.10687,29.01653,-140.0,-140.0,-140.0,-120.2,-118.0,-140.0,-140.0,-121.3,-120.3,-30.0,-30.0,-30.0,-16.3,-15.2,-30.0,-30.0,-18.3,-17.1,-9.0,0.0,64,142.0,84480.0,95222.22,22.2,0.0,0.0,232.0,0.0,1.0,22.2,4.0,22.1,0.0,10.2,0,0,0,0.0,0,0,0,0,0,0,0,0,5GSA,Unknown_ReEstResult
41.10692,29.0215,-140.0,-140.0,-140.0,-140.0,-71.8,-140.0,-140.0,-140.0,-140.0,-30.0,-30.0,-30.0,-30.0,-10.3,-30.0,-30.0,-30.0,-30.0,33.9,0.0,64,90.4,97320.96,94368.54,1.1,0.0,0.0,58.0,0.0,1.0,1.1,4.0,17.5,0.0,0.5,0,0,0,0.0,0,0,0,0,0,0,0,0,5GSA,Unknown_ReEstResult
41.1071,29.01717,-140.0,-140.0,-140.0,-119.1,-119.0,-140.0,-140.0,-120.6,-117.9,-30.0,-30.0,-30.0,-16.8,-16.6,-30.0,-30.0,-17.1,-15.8,-7.8,0.0,64,139.9,97402.88,0.0,9.5,0.0,0.0,184.0,0.0,1.0,9.5,4.0,21.8,0.0,10.8,0,0,0,0.0,0,0,0,0,0,0,0,0,5GSA,Unknown_ReEstResult
41.1072,29.0275,-140.0,-140.0,-140.0,-140.0,-140.0,-140.0,-81.5,-140.0,-70.9,-30.0,-30.0,-30.0,-30.0,-30.0,-30.0,-15.7,-30.0,-10.4,20.2,0.0,64,99.3,96890.88,93898.82,18.0,0.0,0.0,83.0,0.0,1.0,18.0,4.0,17.5,0.0,0.0,0,0,0,0.0,0,0,0,0,0,0,0,0,5GSA,Unknown_ReEstResult
41.10728,29.02748,-140.0,-140.0,-140.0,-140.0,-140.0,-140.0,-84.2,-140.0,-71.4,-30.0,-30.0,-30.0,-30.0,-30.0,-30.0,-20.2,-30.0,-10.4,22.0,0.0,64,91.5,97935.36,79931.93,6.1,0.0,0.0,83.0,0.0,1.0,6.1,4.0,17.5,0.0,0.0,0,0,0,0.0,0,0,0,0,0,0,0,0,5GSA,Unknown_ReEstResult
41.10733,29.01843,-140.0,-127.5,-123.9,-140.0,-122.6,-140.0,-140.0,-123.7,-121.5,-30.0,-22.1,-18.5,-30.0,-17.5,-30.0,-30.0,-18.7,-17.4,-3.4,0.0,64,140.8,98181.12,0.0,8.8,0.0,0.0,120.0,0.0,1.0,8.8,4.0,20.6,0.0,8.4,0,0,0,0.0,0,0,0,0,0,0,0,0,5GSA,Unknown_ReEstResult
41.1078,29.02586,-140.0,-140.0,-140.0,-94.2,-140.0,-140.0,-86.6,-140.0,-88.8,-30.0,-30.0,-30.0,-17.5,-30.0,-30.0,-12.8,-30.0,-14.0,2.5,0.0,64,106.4,96215.04,93501.93,13.1,0.0,0.0,131.0,0.0,1.0,13.1,4.0,17.5,0.0,3.0,0,0,0,0.0,0,0,0,0,0,0,0,0,5GSA,Unknown_ReEstResult
41.10791,29.02727,-140.0,-140.0,-140.0,-140.0,-140.0,-140.0,-70.1,-140.0,-76.4,-30.0,-30.0,-30.0,-30.0,-30.0,-30.0,-11.3,-30.0,-14.8,10.0,0.0,64,88.6,97628.16,94479.69,0.9,0.0,0.0,24.0,0.0,1.0,0.9,4.0,17.5,0.0,0.0,0,0,0,0.0,0,0,0,0,0,0,0,0,5GSA,Unknown_ReEstResult
41.10802,29.02151,-140.0,-140.0,-140.0,-96.0,-92.0,-140.0,-140.0,-140.0,-140.0,-30.0,-30.0,-30.0,-14.8,-11.7,-30.0,-30.0,-30.0,-30.0,8.7,0.0,64,111.0,96250.95,92562.84,6.1,0.0,0.0,100.0,0.0,1.0,6.1,4.0,17.5,0.0,1.2,0,0,0,0.0,0,0,0,0,0,0,0,0,5GSA,Unknown_ReEstResult
41.09897,29.02587,-140.0,-140.0,-140.0,-140.0,-133.7,-140.0,-140.0,-131.5,-140.0,-30.0,-30.0,-30.0,-30.0,-20.8,-30.0,-30.0,-19.4,-30.0,-7.5,0.0,65,154.4,2027.52,1705.92,1.9,44.0,0.0,231.0,0.0,1.0,1.9,4.0,22.5,0.0,42.9,0,0,0,0.0,0,0,0,0,0,0,0,0,5GSA,Unknown_ReEstResult
41.10031,29.02143,-140.0,-140.0,-140.0,-140.0,-140.0,-140.0,-122.2,-118.9,-140.0,-30.0,-30.0,-30.0,-30.0,-30.0,-30.0,-16.1,-13.3,-30.0,-1.5,0.0,65,136.0,1.92,0.0,0.0,0.0,0.0,16.0,0.0,1.0,0.0,4.0,21.9,0.0,10.0,0,0,0,0.0,0,0,0,0,0,0,0,0,5GSA,Unknown_ReEstResult
41.10436,29.02018,-85.5,-74.6,-140.0,-140.0,-140.0,-140.0,-140.0,-140.0,-140.0,-17.8,-10.6,-30.0,-30.0,-30.0,-30.0,-30.0,-30.0,-30.0,16.9,0.0,65,94.1,98565.07,95177.11,0.0,0.0,0.0,24.0,0.0,1.0,0.0,4.0,17.5,0.0,0.5,0,0,0,0.0,0,0,0,0,0,0,0,0,5GSA,Unknown_ReEstResult
41.10538,29.01998,-140.0,-140.0,-87.0,-140.0,-140.0,-140.0,-140.0,-140.0,-140.0,-30.0,-30.0,-10.6,-30.0,-30.0,-30.0,-30.0,-30.0,-30.0,16.0,0.0,65,105.4,95749.02,93118.27,13.8,0.0,0.0,76.0,0.0,1.0,13.8,4.0,17.5,0.0,0.0,0,0,0,0.0,0,0,0,0,0,0,0,0,5GSA,Unknown_ReEstResult
41.10591,29.02652,-140.0,-140.0,-140.0,-140.0,-140.0,-140.0,-114.0,-91.8,-99.8,-30.0,-30.0,-30.0,-30.0,-30.0,-30.0,-26.1,-11.4,-16.3,-6.1,8.0,65,118.1,40654.93,93329.46,0.0,0.0,0.0,0.0,0.0,1.0,0.0,4.0,19.0,0.0,16.6,0,0,0,10.0,0,0,0,0,0,0,0,0,5GSA,Unknown_ReEstResult
41.10631,29.02772,-140.0,-140.0,-140.0,-140.0,-140.0,-140.0,-140.0,-140.0,-71.7,-30.0,-30.0,-30.0,-30.0,-30.0,-30.0,-30.0,-30.0,-10.4,27.8,0.0,65,88.9,89001.41,93856.36,4.5,0.0,0.0,26.0,0.0,1.0,4.5,4.0,17.5,0.0,0.9,0,0,0,0.0,0,0,0,0,0,0,0,0,5GSA,Unknown_ReEstResult
41.10653,29.02833,-140.0,-140.0,-140.0,-140.0,-140.0,-86.0,-140.0,-140.0,-79.8,-30.0,-30.0,-30.0,-30.0,-30.0,-16.1,-30.0,-30.0,-11.2,11.0,0.0,65,95.7,95784.96,92075.54,8.8,0.0,0.0,64.0,0.0,1.0,8.8,4.0,17.5,0.0,0.0,0,0,0,0.0,0,0,0,0,0,0,0,0,5GSA,Unknown_ReEstResult
41.10659,29.02156,-140.0,-140.0,-140.0,-140.0,-76.4,-140.0,-140.0,-140.0,-140.0,-30.0,-30.0,-30.0,-30.0,-10.4,-30.0,-30.0,-30.0,-30.0,26.3,0.0,65,98.4,97505.28,94584.85,7.0,0.0,0.0,35.0,0.0,1.0,7.0,4.0,17.5,0.0,0.0,0,0,0,0.0,0,0,0,0,0,0,0,0,5GSA,Unknown_ReEstResult
41.10663,29.02845,-140.0,-140.0,-140.0,-140.0,-140.0,-85.9,-140.0,-140.0,-81.9,-30.0,-30.0,-30.0,-30.0,-30.0,-15.8,-30.0,-30.0,-11.8,8.2,0.0,65,95.9,96071.68,92719.76,5.4,0.0,0.0,75.0,0.0,1.0,5.4,4.0,17.5,0.0,0.0,0,0,0,0.0,0,0,0,0,0,0,0,0,5GSA,Unknown_ReEstResult
41.10697,29.02636,-140.0,-140.0,-140.0,-140.0,-140.0,-140.0,-88.9,-140.0,-100.0,-30.0,-30.0,-30.0,-30.0,-30.0,-30.0,-10.8,-30.0,-17.8,18.7,0.0,65,110.3,96148.56,93768.12,7.3,0.0,0.0,127.0,0.0,1.0,7.3,4.0,18.2,0.0,7.1,0,0,0,0.0,0,0,0,0,0,0,0,0,5GSA,Unknown_ReEstResult
41.10699,29.01679,-140.0,-140.0,-140.0,-118.1,-117.0,-140.0,-140.0,-118.9,-114.5,-30.0,-30.0,-30.0,-16.0,-17.0,-30.0,-30.0,-17.1,-14.3,-5.5,0.0,65,138.3,98590.72,95038.73,8.4,0.0,0.0,163.0,0.0,1.0,8.4,4.0,21.4,0.0,6.0,0,0,0,0.0,0,0,0,0,0,0,0,0,5GSA,Unknown_ReEstResult
41.10709,29.02904,-140.0,-140.0,-140.0,-140.0,-140.0,-87.5,-140.0,-140.0,-87.9,-30.0,-30.0,-30.0,-30.0,-30.0,-13.1,-30.0,-30.0,-13.1,5.6,0.0,65,101.5,96788.48,92975.59,9.7,0.0,0.0,139.0,0.0,1.0,9.7,4.0,17.5,0.0,0.0,0,0,0,0.0,0,0,0,0,0,0,0,0,5GSA,Unknown_ReEstResult
41.10725,29.02925,-140.0,-140.0,-140.0,-140.0,-140.0,-87.9,-140.0,-140.0,-92.7,-30.0,-30.0,-30.0,-30.0,-30.0,-11.7,-30.0,-30.0,-15.4,6.5,0.0,65,104.1,96117.67,93886.06,7.6,0.0,0.0,104.0,0.0,1.0,7.6,4.0,17.5,0.0,0.0,0,0,0,0.0,0,0,0,0,0,0,0,0,5GSA,Unknown_ReEstResult
41.10733,29.02175,-140.0,-140.0,-140.0,-140.0,-74.2,-140.0,-140.0,-140.0,-140.0,-30.0,-30.0,-30.0,-30.0,-10.4,-30.0,-30.0,-30.0,-30.0,26.2,0.0,65,97.1,95641.6,92363.06,10.7,0.0,0.0,64.0,0.0,1.0,10.7,4.0,17.5,0.0,0.0,0,0,0,0.0,0,0,0,0,0,0,0,0,5GSA,Unknown_ReEstResult
41.10746,29.02743,-140.0,-140.0,-140.0,-140.0,-140.0,-140.0,-83.4,-140.0,-76.7,-30.0,-30.0,-30.0,-30.0,-30.0,-30.0,-15.5,-30.0,-10.8,9.8,0.0,65,97.4,97387.51,93351.16,8.8,0.0,0.0,81.0,0.0,1.0,8.8,4.0,17.5,0.0,0.5,0,0,0,0.0,0,0,0,0,0,0,0,0,5GSA,Unknown_ReEstResult
41.10752,29.02285,-140.0,-140.0,-140.0,-87.9,-90.3,-140.0,-140.0,-140.0,-140.0,-30.0,-30.0,-30.0,-12.1,-14.2,-30.0,-30.0,-30.0,-30.0,7.2,0.0,65,105.9,95871.91,92727.6,2.6,0.0,0.0,71.0,0.0,1.0,2.6,4.0,17.5,0.0,0.0,0,0,0,0.0,0,0,0,0,0,0,0,0,5GSA,Unknown_ReEstResult
41.10755,29.01922,-140.0,-140.0,-115.3,-118.9,-116.1,-140.0,-140.0,-140.0,-140.0,-30.0,-30.0,-14.9,-18.6,-16.2,-30.0,-30.0,-30.0,-30.0,-0.8,0.0,65,136.1,64467.69,0.0,11.1,46.0,0.0,182.0,0.0,1.0,11.1,4.0,22.2,0.0,24.5,0,0,0,0.0,0,0,0,0,0,0,0,0,5GSA,Unknown_ReEstResult
41.10755,29.02268,-140.0,-140.0,-140.0,-85.9,-85.4,-140.0,-140.0,-140.0,-140.0,-30.0,-30.0,-30.0,-11.9,-12.5,-30.0,-30.0,-30.0,-30.0,5.1,0.0,65,104.4,95724.35,93694.06,8.1,0.0,0.0,134.0,0.0,1.0,8.1,4.0,17.5,0.0,1.0,0,0,0,0.0,0,0,0,0,0,0,0,0,5GSA,Unknown_ReEstResult
41.10766,29.02213,-140.0,-140.0,-140.0,-84.1,-87.7,-140.0,-140.0,-140.0,-140.0,-30.0,-30.0,-30.0,-11.3,-13.9,-30.0,-30.0,-30.0,-30.0,-0.8,0.0,65,107.8,96587.05,105399.65,10.5,0.0,0.0,84.0,0.0,1.0,10.5,4.0,17.5,0.0,0.0,0,0,0,0.0,0,0,0,0,0,0,0,0,5GSA,Unknown_ReEstResult
41.10783,29.02518,-140.0,-140.0,-140.0,-86.6,-140.0,-140.0,-95.0,-140.0,-140.0,-30.0,-30.0,-30.0,-10.7,-30.0,-30.0,-18.0,-30.0,-30.0,15.9,0.0,65,105.8,96220.08,92981.77,9.8,0.0,0.0,91.0,0.0,1.0,9.8,4.0,17.5,0.0,0.0,0,0,0,0.0,0,0,0,0,0,0,0,0,5GSA,Unknown_ReEstResult
41.10787,29.0245,-140.0,-140.0,-140.0,-72.2,-140.0,-140.0,-140.0,-140.0,-140.0,-30.0,-30.0,-30.0,-10.3,-30.0,-30.0,-30.0,-30.0,-30.0,31.7,0.0,65,93.3,97300.48,0.0,4.0,0.0,0.0,25.0,0.0,1.0,4.0,4.0,17.5,0.0,0.0,0,0,0,0.0,0,0,0,0,0,0,0,0,5GSA,Unknown_ReEstResult
41.10788,29.02686,-140.0,-140.0,-140.0,-140.0,-140.0,-93.8,-80.1,-140.0,-140.0,-30.0,-30.0,-30.0,-30.0,-30.0,-18.8,-10.7,-30.0,-30.0,11.3,0.0,65,102.2,97551.49,97354.3,2.0,0.0,0.0,30.0,0.0,1.0,2.0,4.0,17.5,0.0,0.0,0,0,0,0.0,0,0,0,0,0,0,0,0,5GSA,Unknown_ReEstResult
41.10435,29.02013,-81.8,-71.0,-140.0,-140.0,-140.0,-140.0,-140.0,-140.0,-140.0,-16.9,-10.4,-30.0,-30.0,-30.0,-30.0,-30.0,-30.0,-30.0,15.6,0.0,66,93.5,98611.2,100727.85,0.0,0.0,0.0,24.0,0.0,1.0,0.0,4.0,17.5,0.0,0.5,0,0,0,0.0,0,0,0,0,0,0,0,0,5GSA,Unknown_ReEstResult
41.10513,29.0262,-140.0,-140.0,-140.0,-140.0,-140.0,-140.0,-140.0,-76.2,-140.0,-30.0,-30.0,-30.0,-30.0,-30.0,-30.0,-30.0,-10.4,-30.0,22.1,0.0,66,93.0,97479.69,93608.67,11.3,0.0,0.0,46.0,0.0,1.0,11.3,4.0,17.5,0.0,0.0,0,0,0,0.0,0,0,0,0,0,0,0,0,5GSA,Unknown_ReEstResult
41.10534,29.02662,-140.0,-140.0,-140.0,-140.0,-140.0,-140.0,-140.0,-79.5,-140.0,-30.0,-30.0,-30.0,-30.0,-30.0,-30.0,-30.0,-10.4,-30.0,26.2,0.0,66,96.5,97443.84,94727.48,7.2,0.0,0.0,82.0,0.0,1.0,7.2,4.0,17.5,0.0,0.0,0,0,0,0.0,0,0,0,0,0,0,0,0,5GSA,Unknown_ReEstResult
41.10538,29.01549,-140.0,-140.0,-140.0,-140.0,-140.0,-140.0,-140.0,-123.9,-124.0,-30.0,-30.0,-30.0,-30.0,-30.0,-30.0,-30.0,-16.8,-17.1,-5.6,0.0,66,142.1,26910.72,19614.07,1.2,4.0,0.0,133.0,0.0,1.0,1.2,4.0,22.2,0.0,12.2,0,0,0,0.0,0,0,0,0,0,0,0,0,5GSA,Unknown_ReEstResult
41.10549,29.0266,-140.0,-140.0,-140.0,-140.0,-140.0,-140.0,-140.0,-76.1,-90.4,-30.0,-30.0,-30.0,-30.0,-30.0,-30.0,-30.0,-10.5,-19.9,19.3,0.0,66,94.0,98304.0,107315.04,9.5,0.0,0.0,28.0,0.0,1.0,9.5,4.0,17.5,0.0,0.0,0,0,0,0.0,0,0,0,0,0,0,0,0,5GSA,Unknown_ReEstResult
41.10764,29.02244,-140.0,-140.0,-140.0,-83.4,-87.4,-140.0,-140.0,-140.0,-140.0,-30.0,-30.0,-30.0,-12.3,-12.4,-30.0,-30.0,-30.0,-30.0,4.1,0.0,66,105.6,96194.56,92937.3,7.9,0.0,0.0,80.0,0.0,1.0,7.9,4.0,17.5,0.0,0.0,0,0,0,0.0,0,0,0,0,0,0,0,0,5GSA,Unknown_ReEstResult
41.10764,29.02739,-140.0,-140.0,-140.0,-140.0,-140.0,-140.0,-71.1,-140.0,-74.6,-30.0,-30.0,-30.0,-30.0,-30.0,-30.0,-11.7,-30.0,-13.9,-3.2,0.0,66,90.3,95600.64,80677.77,2.0,0.0,0.0,79.0,0.0,1.0,2.0,4.0,17.5,0.0,1.5,0,0,0,0.0,0,0,0,0,0,0,0,0,5GSA,Unknown_ReEstResult
41.10768,29.02376,-140.0,-140.0,-140.0,-56.8,-140.0,-140.0,-140.0,-140.0,-140.0,-30.0,-30.0,-30.0,-10.3,-30.0,-30.0,-30.0,-30.0,-30.0,37.2,0.0,66,80.7,80879.72,62241.12,2.3,0.0,0.0,24.0,0.0,1.0,2.3,4.0,16.7,0.0,0.0,0,0,0,0.0,0,0,0,0,0,0,0,0,5GSA,Unknown_ReEstResult
41.10769,29.0197,-140.0,-113.9,-114.6,-140.0,-116.7,-140.0,-140.0,-140.0,-115.8,-30.0,-15.5,-15.6,-30.0,-16.5,-30.0,-30.0,-30.0,-17.7,-4.1,0.0,66,136.6,96890.88,0.0,11.0,3.0,0.0,234.0,0.0,1.0,11.0,4.0,21.0,0.0,13.3,0,0,0,0.0,0,0,0,0,0,0,0,0,5GSA,Unknown_ReEstResult
41.1077,29.02384,-140.0,-140.0,-140.0,-57.6,-140.0,-140.0,-140.0,-140.0,-140.0,-30.0,-30.0,-30.0,-10.3,-30.0,-30.0,-30.0,-30.0,-30.0,37.3,0.0,66,84.1,98590.72,78316.7,0.4,0.0,0.0,24.0,0.0,1.0,0.4,4.0,17.1,0.0,0.0,0,0,0,0.0,0,0,0,0,0,0,0,0,5GSA,Unknown_ReEstResult
41.10771,29.01979,-140.0,-118.9,-119.1,-120.2,-116.6,-140.0,-140.0,-140.0,-120.6,-30.0,-16.9,-16.9,-17.7,-14.1,-30.0,-30.0,-30.0,-19.1,-1.2,0.0,66,136.3,96931.84,0.0,11.6,3.0,0.0,220.0,0.0,1.0,11.6,4.0,21.2,0.0,9.8,0,0,0,0.0,0,0,0,0,0,0,0,0,5GSA,Unknown_ReEstResult
41.10784,29.02648,-140.0,-140.0,-140.0,-140.0,-140.0,-109.2,-88.4,-140.0,-96.9,-30.0,-30.0,-30.0,-30.0,-30.0,-24.2,-11.1,-30.0,-16.9,10.4,0.0,66,106.9,95667.09,91436.12,2.8,0.0,0.0,82.0,0.0,1.0,2.8,4.0,17.5,0.0,0.0,0,0,0,0.0,0,0,0,0,0,0,0,0,5GSA,Unknown_ReEstResult
41.10784,29.02736,-140.0,-140.0,-140.0,-140.0,-140.0,-140.0,-70.2,-140.0,-74.3,-30.0,-30.0,-30.0,-30.0,-30.0,-30.0,-11.5,-30.0,-14.8,0.6,0.0,66,94.4,97571.79,97017.91,9.0,0.0,0.0,161.0,0.0,1.0,9.0,4.0,17.9,0.0,6.2,0,0,0,0.0,0,0,0,0,0,0,0,0,5GSA,Unknown_ReEstResult
41.10785,29.02608,-140.0,-140.0,-140.0,-94.1,-140.0,-140.0,-91.4,-140.0,-88.7,-30.0,-30.0,-30.0,-17.1,-30.0,-30.0,-15.6,-30.0,-12.3,-0.2,0.0,66,118.6,118559.36,71420.84,17.5,6.0,0.0,177.0,0.0,1.0,17.5,4.0,17.8,0.0,14.2,0,0,0,0.0,0,0,0,0,0,0,0,0,5GSA,Unknown_ReEstResult
41.09916,29.02449,-140.0,-140.0,-140.0,-140.0,-140.0,-140.0,-128.7,-118.0,-140.0,-30.0,-30.0,-30.0,-30.0,-30.0,-30.0,-21.2,-12.1,-30.0,3.0,0.0,67,135.2,67297.28,68986.04,9.0,4.0,0.0,111.0,0.0,1.0,9.0,4.0,22.1,0.0,14.8,0,0,0,0.0,0,0,0,0,0,0,0,0,5GSA,Unknown_ReEstResult
41.10255,29.01772,-140.0,-125.8,-140.0,-140.0,-140.0,-140.0,-140.0,-122.3,-140.0,-30.0,-17.7,-30.0,-30.0,-30.0,-30.0,-30.0,-15.8,-30.0,-4.3,0.0,67,147.3,10117.12,10681.74,13.3,0.0,0.0,75.0,0.0,1.0,13.3,4.0,22.4,0.0,10.4,0,0,0,0.0,0,0,0,0,0,0,0,0,5GSA,Unknown_ReEstResult
41.10286,29.01755,-140.0,-113.3,-140.0,-140.0,-140.0,-140.0,-140.0,-117.7,-140.0,-30.0,-12.5,-30.0,-30.0,-30.0,-30.0,-30.0,-15.7,-30.0,1.6,0.0,67,135.6,96092.16,80358.01,9.2,0.0,0.0,174.0,0.0,1.0,9.2,4.0,21.9,0.0,9.7,0,0,0,0.0,0,0,0,0,0,0,0,0,5GSA,Unknown_ReEstResult
41.10349,29.01713,-140.0,-110.3,-140.0,-140.0,-140.0,-140.0,-140.0,-110.2,-140.0,-30.0,-13.5,-30.0,-30.0,-30.0,-30.0,-30.0,-15.0,-30.0,3.7,0.0,67,129.5,98816.0,94869.55,8.8,0.0,0.0,73.0,0.0,1.0,8.8,4.0,20.8,0.0,9.2,0,0,0,0.0,0,0,0,0,0,0,0,0,5GSA,Unknown_ReEstResult
41.10487,29.02446,-96.2,-140.0,-140.0,-140.0,-140.0,-140.0,-140.0,-88.5,-140.0,-19.4,-30.0,-30.0,-30.0,-30.0,-30.0,-30.0,-11.0,-30.0,11.8,0.0,67,104.3,95554.66,92867.91,4.8,0.0,0.0,106.0,0.0,1.0,4.8,4.0,17.5,0.0,1.1,0,0,0,0.0,0,0,0,0,0,0,0,0,5GSA,Unknown_ReEstResult
41.10506,29.02542,-155.9,-140.0,-140.0,-140.0,-140.0,-140.0,-140.0,-75.4,-140.0,-43.0,-30.0,-30.0,-30.0,-30.0,-30.0,-30.0,-10.4,-30.0,24.6,0.0,67,90.7,95667.09,92937.82,11.1,0.0,0.0,77.0,0.0,1.0,11.1,4.0,17.5,0.0,0.0,0,0,0,0.0,0,0,0,0,0,0,0,0,5GSA,Unknown_ReEstResult
41.10523,29.02639,-140.0,-140.0,-140.0,-140.0,-140.0,-140.0,-140.0,-73.7,-140.0,-30.0,-30.0,-30.0,-30.0,-30.0,-30.0,-30.0,-10.4,-30.0,29.1,0.0,67,91.3,97320.96,93941.73,9.6,0.0,0.0,28.0,0.0,1.0,9.6,4.0,17.5,0.0,0.0,0,0,0,0.0,0,0,0,0,0,0,0,0,5GSA,Unknown_ReEstResult
41.1053,29.02662,-140.0,-140.0,-140.0,-140.0,-140.0,-140.0,-140.0,-80.2,-140.0,-30.0,-30.0,-30.0,-30.0,-30.0,-30.0,-30.0,-10.4,-30.0,23.6,0.0,67,96.5,95400.84,92378.66,6.2,0.0,0.0,64.0,0.0,1.0,6.2,4.0,17.5,0.0,0.0,0,0,0,0.0,0,0,0,0,0,0,0,0,5GSA,Unknown_ReEstResult
41.10556,29.02019,-140.0,-140.0,-79.4,-140.0,-140.0,-140.0,-140.0,-140.0,-140.0,-30.0,-30.0,-10.4,-30.0,-30.0,-30.0,-30.0,-30.0,-30.0,24.0,0.0,67,97.8,97382.4,93009.56,8.6,0.0,0.0,62.0,0.0,1.0,8.6,4.0,17.5,0.0,0.5,0,0,0,0.0,0,0,0,0,0,0,0,0,5GSA,Unknown_ReEstResult
41.10627,29.02782,-140.0,-140.0,-140.0,-140.0,-140.0,-140.0,-140.0,-140.0,-72.3,-30.0,-30.0,-30.0,-30.0,-30.0,-30.0,-30.0,-30.0,-10.4,26.8,0.0,67,89.9,95247.48,92974.64,7.5,0.0,0.0,59.0,0.0,1.0,7.5,4.0,17.5,0.0,0.9,0,0,0,0.0,0,0,0,0,0,0,0,0,5GSA,Unknown_ReEstResult
41.10636,29.02799,-140.0,-140.0,-140.0,-140.0,-140.0,-140.0,-140.0,-140.0,-79.0,-30.0,-30.0,-30.0,-30.0,-30.0,-30.0,-30.0,-30.0,-10.4,17.5,0.0,67,98.0,96158.64,92633.23,1.7,0.0,0.0,81.0,0.0,1.0,1.7,4.0,17.5,0.0,0.0,0,0,0,0.0,0,0,0,0,0,0,0,0,5GSA,Unknown_ReEstResult
41.10652,29.02158,-140.0,-140.0,-140.0,-140.0,-68.7,-140.0,-140.0,-140.0,-140.0,-30.0,-30.0,-30.0,-30.0,-10.4,-30.0,-30.0,-30.0,-30.0,32.2,0.0,67,86.7,97280.0,94599.69,7.9,0.0,0.0,28.0,0.0,1.0,7.9,4.0,17.5,0.0,0.0,0,0,0,0.0,0,0,0,0,0,0,0,0,5GSA,Unknown_ReEstResult
41.10662,29.02156,-140.0,-140.0,-140.0,-140.0,-75.7,-140.0,-140.0,-140.0,-140.0,-30.0,-30.0,-30.0,-30.0,-10.4,-30.0,-30.0,-30.0,-30.0,26.8,0.0,67,96.4,96199.6,94030.85,15.3,0.0,0.0,66.0,0.0,1.0,15.3,4.0,17.5,0.0,0.0,0,0,0,0.0,0,0,0,0,0,0,0,0,5GSA,Unknown_ReEstResult
41.10679,29.02151,-140.0,-140.0,-140.0,-140.0,-77.2,-140.0,-140.0,-140.0,-140.0,-30.0,-30.0,-30.0,-30.0,-10.4,-30.0,-30.0,-30.0,-30.0,28.7,0.0,67,98.7,97054.72,92496.54,7.3,0.0,0.0,69.0,0.0,1.0,7.3,4.0,17.5,0.0,0.0,0,0,0,0.0,0,0,0,0,0,0,0,0,5GSA,Unknown_ReEstResult
41.10691,29.01661,-140.0,-140.0,-140.0,-121.0,-117.9,-140.0,-140.0,-120.3,-119.9,-30.0,-30.0,-30.0,-18.2,-15.5,-30.0,-30.0,-16.8,-16.5,-7.5,0.0,67,142.0,98257.89,96069.62,9.4,5.0,0.0,208.0,0.0,1.0,9.4,4.0,21.7,0.0,12.0,0,0,0,0.0,0,0,0,0,0,0,0,0,5GSA,Unknown_ReEstResult
41.10739,29.01887,-140.0,-140.0,-140.0,-123.7,-123.8,-140.0,-140.0,-140.0,-125.7,-30.0,-30.0,-30.0,-16.9,-16.6,-30.0,-30.0,-30.0,-18.0,-7.8,0.0,67,146.5,33831.2,15807.06,9.6,7.0,0.0,157.0,0.0,1.0,9.6,4.0,22.2,0.0,20.2,0,0,0,0.0,0,0,0,0,0,0,0,0,5GSA,Unknown_ReEstResult
41.10753,29.02298,-140.0,-140.0,-140.0,-85.1,-86.9,-140.0,-140.0,-140.0,-140.0,-30.0,-30.0,-30.0,-11.3,-15.3,-30.0,-30.0,-30.0,-30.0,13.2,0.0,67,102.9,96179.12,92825.27,9.5,0.0,0.0,63.0,0.0,1.0,9.5,4.0,17.5,0.0,0.0,0,0,0,0.0,0,0,0,0,0,0,0,0,5GSA,Unknown_ReEstResult
41.10755,29.02741,-140.0,-140.0,-140.0,-140.0,-140.0,-140.0,-76.5,-140.0,-74.0,-30.0,-30.0,-30.0,-30.0,-30.0,-30.0,-14.4,-30.0,-11.2,5.5,0.0,67,92.7,96952.32,93968.51,13.0,0.0,0.0,86.0,0.0,1.0,13.0,4.0,17.5,0.0,1.7,0,0,0,0.0,0,0,0,0,0,0,0,0,5GSA,Unknown_ReEstResult
41.10757,29.02294,-140.0,-140.0,-140.0,-82.1,-88.2,-140.0,-140.0,-140.0,-140.0,-30.0,-30.0,-30.0,-10.8,-16.2,-30.0,-30.0,-30.0,-30.0,10.8,0.0,67,103.1,97438.77,94664.91,0.2,0.0,0.0,30.0,0.0,1.0,0.2,4.0,17.5,0.0,0.0,0,0,0,0.0,0,0,0,0,0,0,0,0,5GSA,Unknown_ReEstResult
41.10777,29.0241,-140.0,-140.0,-140.0,-64.2,-140.0,-140.0,-140.0,-140.0,-140.0,-30.0,-30.0,-30.0,-10.4,-30.0,-30.0,-30.0,-30.0,-30.0,35.3,0.0,67,87.1,98570.24,88131.72,2.0,0.0,0.0,25.0,0.0,1.0,2.0,4.0,17.5,0.0,1.5,0,0,0,0.0,0,0,0,0,0,0,0,0,5GSA,Unknown_ReEstResult
41.10781,29.02561,-140.0,-140.0,-140.0,-91.5,-140.0,-140.0,-91.1,-140.0,-94.4,-30.0,-30.0,-30.0,-13.4,-30.0,-30.0,-13.5,-30.0,-15.1,1.9,0.0,67,110.2,96215.04,103138.88,8.8,0.0,0.0,120.0,0.0,1.0,8.8,4.0,17.8,0.0,10.4,0,0,0,0.0,0,0,0,0,0,0,0,0,5GSA,Unknown_ReEstResult
41.10783,29.02635,-140.0,-140.0,-140.0,-94.4,-140.0,-140.0,-85.9,-140.0,-93.9,-30.0,-30.0,-30.0,-16.4,-30.0,-30.0,-10.9,-30.0,-16.9,10.8,0.0,67,105.6,96266.02,94920.15,2.0,0.0,0.0,101.0,0.0,1.0,2.0,4.0,17.5,0.0,0.0,0,0,0,0.0,0,0,0,0,0,0,0,0,5GSA,Unknown_ReEstResult
41.10784,29.02434,-140.0,-140.0,-140.0,-74.4,-140.0,-140.0,-140.0,-140.0,-140.0,-30.0,-30.0,-30.0,-10.4,-30.0,-30.0,-30.0,-30.0,-30.0,28.5,0.0,67,96.7,98590.72,95518.73,1.0,0.0,0.0,25.0,0.0,1.0,1.0,4.0,17.5,0.0,0.0,0,0,0,0.0,0,0,0,0,0,0,0,0,5GSA,Unknown_ReEstResult
41.10789,29.02497,-140.0,-140.0,-140.0,-83.0,-140.0,-140.0,-140.0,-140.0,-140.0,-30.0,-30.0,-30.0,-10.5,-30.0,-30.0,-30.0,-30.0,-30.0,20.6,0.0,67,102.2,97479.69,90472.04,7.6,0.0,0.0,35.0,0.0,1.0,7.6,4.0,17.5,0.0,0.0,0,0,0,0.0,0,0,0,0,0,0,0,0,5GSA,Unknown_ReEstResult
41.10792,29.02704,-140.0,-140.0,-140.0,-140.0,-140.0,-140.0,-81.3,-140.0,-91.8,-30.0,-30.0,-30.0,-30.0,-30.0,-30.0,-10.7,-30.0,-21.8,16.8,0.0,67,95.7,95329.45,92517.02,9.2,0.0,0.0,57.0,0.0,1.0,9.2,4.0,17.5,0.0,0.0,0,0,0,0.0,0,0,0,0,0,0,0,0,5GSA,Unknown_ReEstResult
41.10793,29.02229,-140.0,-140.0,-140.0,-90.9,-88.1,-140.0,-140.0,-140.0,-140.0,-30.0,-30.0,-30.0,-13.5,-12.0,-30.0,-30.0,-30.0,-30.0,1.8,0.0,67,113.2,95784.96,93558.47,26.7,0.0,0.0,142.0,0.0,1.0,26.7,4.0,17.5,0.0,0.5,0,0,0,0.0,0,0,0,0,0,0,0,0,5GSA,Unknown_ReEstResult
41.108,29.02766,-140.0,-140.0,-140.0,-140.0,-140.0,-140.0,-71.5,-140.0,-140.0,-30.0,-30.0,-30.0,-30.0,-30.0,-30.0,-10.7,-30.0,-30.0,13.6,0.0,67,89.6,95523.69,92477.56,9.0,0.0,0.0,61.0,0.0,1.0,9.0,4.0,17.5,0.0,0.0,0,0,0,0.0,0,0,0,0,0,0,0,0,5GSA,Unknown_ReEstResult
41.10803,29.02174,-140.0,-140.0,-140.0,-91.2,-87.9,-140.0,-140.0,-140.0,-140.0,-30.0,-30.0,-30.0,-12.7,-11.7,-30.0,-30.0,-30.0,-30.0,8.2,0.0,67,108.0,95769.49,92925.3,8.4,0.0,0.0,99.0,0.0,1.0,8.4,4.0,17.5,0.0,0.0,0,0,0,0.0,0,0,0,0,0,0,0,0,5GSA,Unknown_ReEstResult
41.0992,29.02433,-140.0,-140.0,-140.0,-140.0,-140.0,-140.0,-140.0,-118.8,-140.0,-30.0,-30.0,-30.0,-30.0,-30.0,-30.0,-30.0,-12.2,-30.0,5.5,0.0,68,135.9,27586.56,26768.06,8.7,4.0,0.0,74.0,0.0,1.0,8.7,4.0,22.1,0.0,8.1,0,0,0,0.0,0,0,0,0,0,0,0,0,5GSA,Unknown_ReEstResult
41.10054,29.02127,-140.0,-140.0,-140.0,-140.0,-140.0,-140.0,-119.2,-116.3,-140.0,-30.0,-30.0,-30.0,-30.0,-30.0,-30.0,-16.2,-12.8,-30.0,1.3,0.0,68,132.1,43927.32,55838.7,9.8,14.0,0.0,168.0,0.0,1.0,9.8,4.0,22.2,0.0,9.4,0,0,0,0.0,0,0,0,0,0,0,0,0,5GSA,Unknown_ReEstResult
41.10247,29.01778,-140.0,-121.3,-140.0,-140.0,-140.0,-140.0,-140.0,-123.3,-140.0,-30.0,-15.0,-30.0,-30.0,-30.0,-30.0,-30.0,-16.5,-30.0,-3.7,0.0,68,144.8,11960.32,12288.83,8.8,0.0,0.0,87.0,0.0,1.0,8.8,4.0,22.3,0.0,9.0,0,0,0,0.0,0,0,0,0,0,0,0,0,5GSA,Unknown_ReEstResult
41.1034,29.01722,-140.0,-107.6,-140.0,-140.0,-140.0,-140.0,-140.0,-109.2,-140.0,-30.0,-12.6,-30.0,-30.0,-30.0,-30.0,-30.0,-14.0,-30.0,3.0,0.0,68,128.5,98508.8,95593.97,7.9,0.0,0.0,66.0,0.0,1.0,7.9,4.0,20.6,0.0,12.0,0,0,0,0.0,0,0,0,0,0,0,0,0,5GSA,Unknown_ReEstResult
41.10514,29.02592,-140.0,-140.0,-140.0,-140.0,-140.0,-140.0,-140.0,-71.6,-83.2,-30.0,-30.0,-30.0,-30.0,-30.0,-30.0,-30.0,-10.4,-19.0,27.9,0.0,68,88.0,96153.6,92662.19,10.9,0.0,0.0,76.0,0.0,1.0,10.9,4.0,17.5,0.0,0.7,0,0,0,0.0,0,0,0,0,0,0,0,0,5GSA,Unknown_ReEstResult
41.10532,29.02663,-140.0,-140.0,-140.0,-140.0,-140.0,-140.0,-140.0,-81.6,-140.0,-30.0,-30.0,-30.0,-30.0,-30.0,-30.0,-30.0,-10.4,-30.0,26.8,0.0,68,99.3,97136.64,94267.66,13.6,0.0,0.0,74.0,0.0,1.0,13.6,4.0,17.5,0.0,0.0,0,0,0,0.0,0,0,0,0,0,0,0,0,5GSA,Unknown_ReEstResult
41.10554,29.02014,-140.0,-140.0,-79.8,-140.0,-140.0,-140.0,-140.0,-140.0,-140.0,-30.0,-30.0,-10.3,-30.0,-30.0,-30.0,-30.0,-30.0,-30.0,22.7,0.0,68,100.0,96215.04,92657.98,8.7,0.0,0.0,60.0,0.0,1.0,8.7,4.0,17.5,0.0,0.0,0,0,0,0.0,0,0,0,0,0,0,0,0,5GSA,Unknown_ReEstResult
41.10567,29.02048,-140.0,-140.0,-74.4,-140.0,-140.0,-140.0,-140.0,-140.0,-140.0,-30.0,-30.0,-10.4,-30.0,-30.0,-30.0,-30.0,-30.0,-30.0,27.8,0.0,68,91.6,97280.0,101224.15,10.9,0.0,0.0,60.0,0.0,1.0,10.9,4.0,17.5,0.0,0.0,0,0,0,0.0,0,0,0,0,0,0,0,0,5GSA,Unknown_ReEstResult
41.10569,29.02055,-140.0,-140.0,-73.4,-140.0,-140.0,-140.0,-140.0,-140.0,-140.0,-30.0,-30.0,-10.4,-30.0,-30.0,-30.0,-30.0,-30.0,-30.0,29.1,0.0,68,87.4,96706.56,94693.7,6.0,0.0,0.0,62.0,0.0,1.0,6.0,4.0,17.5,0.0,0.0,0,0,0,0.0,0,0,0,0,0,0,0,0,5GSA,Unknown_ReEstResult
41.10574,29.0207,-140.0,-140.0,-58.2,-140.0,-140.0,-140.0,-140.0,-140.0,-140.0,-30.0,-30.0,-10.4,-30.0,-30.0,-30.0,-30.0,-30.0,-30.0,33.8,0.0,68,78.9,96558.13,92419.95,1.0,0.0,0.0,56.0,0.0,1.0,1.0,4.0,15.3,0.0,0.0,0,0,0,0.0,0,0,0,0,0,0,0,0,5GSA,Unknown_ReEstResult
41.10576,29.02079,-140.0,-140.0,-55.4,-140.0,-140.0,-140.0,-140.0,-140.0,-140.0,-30.0,-30.0,-10.3,-30.0,-30.0,-30.0,-30.0,-30.0,-30.0,37.5,0.0,68,76.2,95354.88,93134.09,2.0,0.0,0.0,53.0,0.0,1.0,2.0,4.0,14.4,0.0,0.0,0,0,0,0.0,0,0,0,0,0,0,0,0,5GSA,Unknown_ReEstResult
41.1058,29.02097,-140.0,-140.0,-56.0,-140.0,-140.0,-140.0,-140.0,-140.0,-140.0,-30.0,-30.0,-10.4,-30.0,-30.0,-30.0,-30.0,-30.0,-30.0,36.1,0.0,68,79.9,84673.12,93171.46,1.2,0.0,0.0,30.0,0.0,1.0,1.2,4.0,16.4,0.0,0.0,0,0,0,0.0,0,0,0,0,0,0,0,0,5GSA,Unknown_ReEstResult
41.10586,29.02122,-140.0,-140.0,-66.9,-140.0,-140.0,-140.0,-140.0,-140.0,-140.0,-30.0,-30.0,-10.3,-30.0,-30.0,-30.0,-30.0,-30.0,-30.0,36.0,0.0,68,83.1,93645.3,74606.44,0.5,0.0,0.0,24.0,0.0,1.0,0.5,4.0,17.5,0.0,0.0,0,0,0,0.0,0,0,0,0,0,0,0,0,5GSA,Unknown_ReEstResult
41.10592,29.02135,-140.0,-140.0,-60.3,-140.0,-140.0,-140.0,-140.0,-140.0,-140.0,-30.0,-30.0,-10.4,-30.0,-30.0,-30.0,-30.0,-30.0,-30.0,30.4,0.0,68,87.8,97372.2,90630.64,0.6,0.0,0.0,24.0,0.0,1.0,0.6,4.0,17.5,0.0,0.0,0,0,0,0.0,0,0,0,0,0,0,0,0,5GSA,Unknown_ReEstResult
41.10598,29.02147,-140.0,-140.0,-66.7,-140.0,-140.0,-140.0,-140.0,-140.0,-140.0,-30.0,-30.0,-10.4,-30.0,-30.0,-30.0,-30.0,-30.0,-30.0,32.6,0.0,68,87.0,97402.88,105813.96,0.0,0.0,0.0,24.0,0.0,1.0,0.0,4.0,17.5,0.0,0.0,0,0,0,0.0,0,0,0,0,0,0,0,0,5GSA,Unknown_ReEstResult
41.10612,29.01548,-140.0,-140.0,-140.0,-140.0,-140.0,-140.0,-140.0,-119.9,-119.0,-30.0,-30.0,-30.0,-30.0,-30.0,-30.0,-30.0,-15.2,-14.7,-3.7,0.0,68,141.3,73793.27,91845.91,15.6,0.0,0.0,193.0,0.0,1.0,15.6,4.0,22.0,0.0,8.6,0,0,0,0.0,0,0,0,0,0,0,0,0,5GSA,Unknown_ReEstResult
41.10619,29.02788,-140.0,-140.0,-140.0,-140.0,-140.0,-140.0,-140.0,-140.0,-73.5,-30.0,-30.0,-30.0,-30.0,-30.0,-30.0,-30.0,-30.0,-10.4,24.1,0.0,68,92.5,97361.92,93848.68,7.9,0.0,0.0,65.0,0.0,1.0,7.9,4.0,17.5,0.0,0.0,0,0,0,0.0,0,0,0,0,0,0,0,0,5GSA,Unknown_ReEstResult
41.10629,29.02789,-140.0,-140.0,-140.0,-140.0,-140.0,-140.0,-140.0,-140.0,-77.5,-30.0,-30.0,-30.0,-30.0,-30.0,-30.0,-30.0,-30.0,-10.4,27.2,0.0,68,92.5,95600.64,92470.13,10.7,0.0,0.0,62.0,0.0,1.0,10.7,4.0,17.5,0.0,0.0,0,0,0,0.0,0,0,0,0,0,0,0,0,5GSA,Unknown_ReEstResult
41.10646,29.02823,-140.0,-140.0,-140.0,-140.0,-140.0,-84.4,-140.0,-140.0,-80.9,-30.0,-30.0,-30.0,-30.0,-30.0,-14.2,-30.0,-30.0,-11.3,8.9,0.0,68,97.4,95498.24,92547.79,10.5,0.0,0.0,68.0,0.0,1.0,10.5,4.0,17.5,0.0,0.0,0,0,0,0.0,0,0,0,0,0,0,0,0,5GSA,Unknown_ReEstResult
41.10677,29.02641,-140.0,-140.0,-140.0,-140.0,-140.0,-140.0,-96.6,-140.0,-96.4,-30.0,-30.0,-30.0,-30.0,-30.0,-30.0,-12.3,-30.0,-14.1,6.7,0.0,68,114.0,96399.36,93630.63,4.5,0.0,0.0,155.0,0.0,1.0,4.5,4.0,18.5,0.0,10.3,0,0,0,0.0,0,0,0,0,0,0,0,0,5GSA,Unknown_ReEstResult
41.10687,29.02758,-140.0,-140.0,-140.0,-140.0,-140.0,-140.0,-140.0,-140.0,-70.7,-30.0,-30.0,-30.0,-30.0,-30.0,-30.0,-30.0,-30.0,-10.4,24.8,0.0,68,86.2,95288.48,82320.71,10.1,0.0,0.0,68.0,0.0,1.0,10.1,4.0,17.6,0.0,0.8,0,0,0,0.0,0,0,0,0,0,0,0,0,5GSA,Unknown_ReEstResult
41.10691,29.02152,-140.0,-140.0,-140.0,-140.0,-68.1,-140.0,-140.0,-140.0,-140.0,-30.0,-30.0,-30.0,-30.0,-10.4,-30.0,-30.0,-30.0,-30.0,35.6,0.0,68,89.4,97015.3,93779.16,8.9,0.0,0.0,65.0,0.0,1.0,8.9,4.0,17.5,0.0,0.0,0,0,0,0.0,0,0,0,0,0,0,0,0,5GSA,Unknown_ReEstResult
41.10698,29.02876,-140.0,-140.0,-140.0,-140.0,-140.0,-88.2,-140.0,-140.0,-86.6,-30.0,-30.0,-30.0,-30.0,-30.0,-14.0,-30.0,-30.0,-12.5,1.0,0.0,68,104.6,96773.03,101894.88,8.0,2.0,0.0,117.0,0.0,1.0,8.0,4.0,17.5,0.0,0.0,0,0,0,0.0,0,0,0,0,0,0,0,0,5GSA,Unknown_ReEstResult
41.10701,29.02153,-140.0,-140.0,-140.0,-140.0,-75.6,-140.0,-140.0,-140.0,-140.0,-30.0,-30.0,-30.0,-30.0,-10.3,-30.0,-30.0,-30.0,-30.0,30.9,0.0,68,95.4,94791.3,93256.77,9.0,0.0,0.0,59.0,0.0,1.0,9.0,4.0,17.5,0.0,0.0,0,0,0,0.0,0,0,0,0,0,0,0,0,5GSA,Unknown_ReEstResult
41.10703,29.02897,-140.0,-140.0,-140.0,-140.0,-140.0,-87.5,-140.0,-140.0,-90.9,-30.0,-30.0,-30.0,-30.0,-30.0,-12.5,-30.0,-30.0,-14.0,5.2,0.0,68,103.0,95559.68,93578.83,9.1,0.0,0.0,121.0,0.0,1.0,9.1,4.0,17.5,0.0,0.0,0,0,0,0.0,0,0,0,0,0,0,0,0,5GSA,Unknown_ReEstResult
41.10708,29.01708,-140.0,-140.0,-140.0,-140.0,-118.0,-140.0,-140.0,-118.4,-116.3,-30.0,-30.0,-30.0,-30.0,-16.8,-30.0,-30.0,-16.4,-15.1,-7.3,0.0,68,137.2,98549.76,95195.3,7.8,0.0,0.0,155.0,0.0,1.0,7.8,4.0,21.4,0.0,8.2,0,0,0,0.0,0,0,0,0,0,0,0,0,5GSA,Unknown_ReEstResult
41.10728,29.02172,-140.0,-140.0,-140.0,-140.0,-75.4,-140.0,-140.0,-140.0,-140.0,-30.0,-30.0,-30.0,-30.0,-10.4,-30.0,-30.0,-30.0,-30.0,27.9,0.0,68,95.3,94760.96,92527.77,8.9,0.0,0.0,62.0,0.0,1.0,8.9,4.0,17.5,0.0,0.0,0,0,0,0.0,0,0,0,0,0,0,0,0,5GSA,Unknown_ReEstResult
41.10728,29.02904,-140.0,-140.0,-140.0,-140.0,-140.0,-87.0,-140.0,-140.0,-88.8,-30.0,-30.0,-30.0,-30.0,-30.0,-11.9,-30.0,-30.0,-12.3,3.6,0.0,68,102.9,95662.08,90490.34,9.0,0.0,0.0,168.0,0.0,1.0,9.0,4.0,17.5,0.0,0.5,0,0,0,0.0,0,0,0,0,0,0,0,0,5GSA,Unknown_ReEstResult
41.10758,29.02915,-140.0,-140.0,-140.0,-140.0,-140.0,-88.4,-140.0,-140.0,-84.1,-30.0,-30.0,-30.0,-30.0,-30.0,-13.7,-30.0,-30.0,-12.0,3.5,0.0,68,103.5,96303.88,83869.27,1.4,3.0,0.0,94.0,0.0,1.0,1.4,4.0,17.5,0.0,0.0,0,0,0,0.0,0,0,0,0,0,0,0,0,5GSA,Unknown_ReEstResult
41.10761,29.01938,-140.0,-110.0,-110.0,-140.0,-115.3,-140.0,-140.0,-115.0,-140.0,-30.0,-14.6,-13.9,-30.0,-18.9,-30.0,-30.0,-16.7,-30.0,-2.3,0.0,68,129.2,98181.12,0.0,11.6,0.0,0.0,110.0,0.0,1.0,11.6,4.0,19.8,0.0,11.9,0,0,0,0.0,0,0,0,0,0,0,0,0,5GSA,Unknown_ReEstResult
41.10766,29.02273,-140.0,-140.0,-140.0,-77.2,-83.1,-140.0,-140.0,-140.0,-140.0,-30.0,-30.0,-30.0,-10.9,-13.6,-30.0,-30.0,-30.0,-30.0,6.6,0.0,68,98.3,97546.24,94710.07,0.8,0.0,0.0,25.0,0.0,1.0,0.8,4.0,17.5,0.0,0.0,0,0,0,0.0,0,0,0,0,0,0,0,0,5GSA,Unknown_ReEstResult
41.10771,29.02914,-140.0,-140.0,-140.0,-140.0,-140.0,-87.9,-140.0,-140.0,-91.7,-30.0,-30.0,-30.0,-30.0,-30.0,-11.8,-30.0,-30.0,-16.5,7.9,0.0,68,103.1,96256.0,93619.83,9.4,0.0,0.0,99.0,0.0,1.0,9.4,4.0,17.5,0.0,0.0,0,0,0,0.0,0,0,0,0,0,0,0,0,5GSA,Unknown_ReEstResult
41.10773,29.02393,-140.0,-140.0,-140.0,-69.9,-140.0,-140.0,-140.0,-140.0,-140.0,-30.0,-30.0,-30.0,-10.3,-30.0,-30.0,-30.0,-30.0,-30.0,33.6,0.0,68,89.8,96378.88,94227.11,2.4,0.0,0.0,24.0,0.0,1.0,2.4,4.0,17.5,0.0,0.0,0,0,0,0.0,0,0,0,0,0,0,0,0,5GSA,Unknown_ReEstResult
41.10774,29.02401,-140.0,-140.0,-140.0,-66.7,-140.0,-140.0,-140.0,-140.0,-140.0,-30.0,-30.0,-30.0,-10.3,-30.0,-30.0,-30.0,-30.0,-30.0,34.6,0.0,68,88.6,98631.68,88205.96,3.0,0.0,0.0,25.0,0.0,1.0,3.0,4.0,17.5,0.0,0.0,0,0,0,0.0,0,0,0,0,0,0,0,0,5GSA,Unknown_ReEstResult
41.10786,29.02484,-140.0,-140.0,-140.0,-80.4,-140.0,-140.0,-86.8,-140.0,-140.0,-30.0,-30.0,-30.0,-10.4,-30.0,-30.0,-20.2,-30.0,-30.0,24.9,0.0,68,97.3,98222.08,95938.12,8.1,0.0,0.0,31.0,0.0,1.0,8.1,4.0,17.5,0.0,0.5,0,0,0,0.0,0,0,0,0,0,0,0,0,5GSA,Unknown_ReEstResult
41.10787,29.02674,-140.0,-140.0,-140.0,-140.0,-140.0,-95.6,-83.4,-140.0,-94.7,-30.0,-30.0,-30.0,-30.0,-30.0,-22.4,-10.9,-30.0,-20.1,12.9,0.0,68,103.5,96358.4,89987.28,5.7,0.0,0.0,66.0,0.0,1.0,5.7,4.0,17.5,0.0,0.0,0,0,0,0.0,0,0,0,0,0,0,0,0,5GSA,Unknown_ReEstResult
41.1079,29.02087,-140.0,-140.0,-140.0,-105.9,-104.9,-140.0,-140.0,-140.0,-140.0,-30.0,-30.0,-30.0,-13.8,-13.0,-30.0,-30.0,-30.0,-30.0,2.7,0.0,68,125.7,98365.44,86258.63,0.0,0.0,0.0,74.0,0.0,1.0,0.0,4.0,18.8,0.0,10.9,0,0,0,0.0,0,0,0,0,0,0,0,0,5GSA,Unknown_ReEstResult
41.1079,29.02705,-140.0,-140.0,-140.0,-140.0,-140.0,-100.8,-78.7,-140.0,-90.4,-30.0,-30.0,-30.0,-30.0,-30.0,-24.4,-10.9,-30.0,-20.8,11.4,0.0,68,97.9,97346.55,107340.84,2.2,0.0,0.0,25.0,0.0,1.0,2.2,4.0,17.5,0.0,0.0,0,0,0,0.0,0,0,0,0,0,0,0,0,5GSA,Unknown_ReEstResult
41.10795,29.0291,-140.0,-140.0,-140.0,-140.0,-140.0,-86.8,-97.8,-140.0,-96.0,-30.0,-30.0,-30.0,-30.0,-30.0,-11.2,-20.5,-30.0,-18.5,8.5,0.0,68,102.5,96010.24,93545.17,7.3,0.0,0.0,90.0,0.0,1.0,7.3,4.0,17.5,0.0,0.0,0,0,0,0.0,0,0,0,0,0,0,0,0,5GSA,Unknown_ReEstResult
41.10801,29.02142,-140.0,-140.0,-140.0,-96.0,-93.7,-140.0,-140.0,-140.0,-140.0,-30.0,-30.0,-30.0,-13.2,-12.0,-30.0,-30.0,-30.0,-30.0,3.8,0.0,68,113.4,96092.16,93167.71,3.4,0.0,0.0,104.0,0.0,1.0,3.4,4.0,17.5,0.0,4.4,0,0,0,0.0,0,0,0,0,0,0,0,0,5GSA,Unknown_ReEstResult
41.10802,29.02821,-140.0,-140.0,-140.0,-140.0,-140.0,-72.2,-86.4,-140.0,-80.2,-30.0,-30.0,-30.0,-30.0,-30.0,-11.1,-19.7,-30.0,-17.8,9.3,0.0,68,92.3,52282.72,98484.97,3.2,2.0,0.0,74.0,0.0,1.0,3.2,4.0,17.5,0.0,1.5,0,0,0,0.0,0,0,0,0,0,0,0,0,5GSA,Unknown_ReEstResult
41.10804,29.02794,-140.0,-140.0,-140.0,-140.0,-140.0,-77.4,-74.1,-140.0,-140.0,-30.0,-30.0,-30.0,-30.0,-30.0,-15.4,-11.8,-30.0,-30.0,4.5,0.0,68,94.1,98489.6,93599.28,16.1,0.0,0.0,66.0,0.0,1.0,16.1,4.0,17.5,0.0,0.5,0,0,0,0.0,0,0,0,0,0,0,0,0,5GSA,Unknown_ReEstResult
41.09896,29.02575,-140.0,-140.0,-140.0,-140.0,-140.0,-140.0,-140.0,-134.8,-140.0,-30.0,-30.0,-30.0,-30.0,-30.0,-30.0,-30.0,-22.4,-30.0,-9.8,0.0,69,152.2,1576.99,346.71,4.5,106.0,0.0,227.0,0.0,1.0,4.5,4.0,22.5,0.0,54.9,0,0,0,0.0,0,0,0,0,0,0,0,0,5GSA,Unknown_ReEstResult
41.10214,29.01799,-140.0,-125.8,-140.0,-140.0,-140.0,-140.0,-140.0,-122.5,-140.0,-30.0,-18.8,-30.0,-30.0,-30.0,-30.0,-30.0,-16.6,-30.0,-8.4,0.0,69,148.1,12697.6,11048.42,4.7,0.0,0.0,125.0,0.0,1.0,4.7,4.0,22.4,0.0,12.9,0,0,0,0.0,0,0,0,0,0,0,0,0,5GSA,Unknown_ReEstResult
41.10274,29.0176,-140.0,-116.5,-140.0,-140.0,-140.0,-140.0,-140.0,-122.6,-140.0,-30.0,-13.2,-30.0,-30.0,-30.0,-30.0,-30.0,-17.9,-30.0,1.7,0.0,69,137.4,96849.92,93828.59,7.3,10.0,0.0,180.0,0.0,1.0,7.3,4.0,22.0,0.0,14.0,0,0,0,0.0,0,0,0,0,0,0,0,0,5GSA,Unknown_ReEstResult
41.10357,29.01706,-140.0,-109.2,-140.0,-140.0,-140.0,-140.0,-140.0,-112.4,-140.0,-30.0,-12.4,-30.0,-30.0,-30.0,-30.0,-30.0,-16.1,-30.0,5.1,0.0,69,128.6,98759.7,91188.7,9.8,0.0,0.0,68.0,0.0,1.0,9.8,4.0,20.8,0.0,10.4,0,0,0,0.0,0,0,0,0,0,0,0,0,5GSA,Unknown_ReEstResult
41.10442,29.0205,-77.7,-66.5,-140.0,-140.0,-140.0,-140.0,-140.0,-140.0,-140.0,-17.8,-10.5,-30.0,-30.0,-30.0,-30.0,-30.0,-30.0,-30.0,17.2,0.0,69,85.0,97500.17,94548.38,0.6,0.0,0.0,25.0,0.0,1.0,0.6,4.0,17.5,0.0,1.8,0,0,0,0.0,0,0,0,0,0,0,0,0,5GSA,Unknown_ReEstResult
41.105,29.02532,-140.0,-140.0,-140.0,-140.0,-140.0,-140.0,-140.0,-75.7,-140.0,-30.0,-30.0,-30.0,-30.0,-30.0,-30.0,-30.0,-10.4,-30.0,22.0,0.0,69,91.9,96235.52,88616.75,13.2,0.0,0.0,79.0,0.0,1.0,13.2,4.0,17.5,0.0,0.0,0,0,0,0.0,0,0,0,0,0,0,0,0,5GSA,Unknown_ReEstResult
41.10508,29.02578,-140.0,-140.0,-140.0,-140.0,-140.0,-140.0,-140.0,-73.0,-85.5,-30.0,-30.0,-30.0,-30.0,-30.0,-30.0,-30.0,-10.4,-18.4,25.2,0.0,69,88.7,97295.38,93790.76,5.8,0.0,0.0,84.0,0.0,1.0,5.8,4.0,17.5,0.0,0.0,0,0,0,0.0,0,0,0,0,0,0,0,0,5GSA,Unknown_ReEstResult
41.10511,29.02573,-140.0,-140.0,-140.0,-140.0,-140.0,-140.0,-140.0,-73.0,-88.2,-30.0,-30.0,-30.0,-30.0,-30.0,-30.0,-30.0,-10.4,-23.6,25.6,0.0,69,90.0,94904.32,92670.26,11.5,0.0,0.0,71.0,0.0,1.0,11.5,4.0,17.5,0.0,0.0,0,0,0,0.0,0,0,0,0,0,0,0,0,5GSA,Unknown_ReEstResult
41.10516,29.02612,-140.0,-140.0,-140.0,-140.0,-140.0,-140.0,-140.0,-72.3,-140.0,-30.0,-30.0,-30.0,-30.0,-30.0,-30.0,-30.0,-10.4,-30.0,27.9,0.0,69,94.8,97505.28,78433.59,9.2,0.0,0.0,31.0,0.0,1.0,9.2,4.0,17.5,0.0,0.0,0,0,0,0.0,0,0,0,0,0,0,0,0,5GSA,Unknown_ReEstResult
41.10517,29.02621,-140.0,-140.0,-140.0,-140.0,-140.0,-140.0,-140.0,-75.9,-140.0,-30.0,-30.0,-30.0,-30.0,-30.0,-30.0,-30.0,-10.4,-30.0,23.4,0.0,69,98.1,96993.28,94697.89,6.5,0.0,0.0,32.0,0.0,1.0,6.5,4.0,17.5,0.0,0.0,0,0,0,0.0,0,0,0,0,0,0,0,0,5GSA,Unknown_ReEstResult
41.10518,29.01567,-140.0,-140.0,-140.0,-140.0,-140.0,-140.0,-140.0,-119.0,-140.0,-30.0,-30.0,-30.0,-30.0,-30.0,-30.0,-30.0,-13.9,-30.0,-3.0,0.0,69,137.1,50974.72,26380.23,15.0,28.0,0.0,116.0,0.0,1.0,15.0,4.0,22.2,0.0,8.4,0,0,0,0.0,0,0,0,0,0,0,0,0,5GSA,Unknown_ReEstResult
41.10522,29.02677,-140.0,-140.0,-140.0,-140.0,-140.0,-140.0,-140.0,-74.3,-140.0,-30.0,-30.0,-30.0,-30.0,-30.0,-30.0,-30.0,-10.4,-30.0,30.4,0.0,69,89.3,97525.76,94058.66,11.7,0.0,0.0,28.0,0.0,1.0,11.7,4.0,17.5,0.0,0.0,0,0,0,0.0,0,0,0,0,0,0,0,0,5GSA,Unknown_ReEstResult
41.10526,29.02659,-140.0,-140.0,-140.0,-140.0,-140.0,-140.0,-140.0,-74.3,-140.0,-30.0,-30.0,-30.0,-30.0,-30.0,-30.0,-30.0,-10.4,-30.0,27.0,0.0,69,92.5,95580.16,92882.62,8.6,0.0,0.0,67.0,0.0,1.0,8.6,4.0,17.5,0.0,0.0,0,0,0,0.0,0,0,0,0,0,0,0,0,5GSA,Unknown_ReEstResult
41.10551,29.0201,-140.0,-140.0,-81.0,-140.0,-140.0,-140.0,-140.0,-140.0,-140.0,-30.0,-30.0,-10.4,-30.0,-30.0,-30.0,-30.0,-30.0,-30.0,24.0,0.0,69,99.0,94192.45,92813.36,10.0,0.0,0.0,61.0,0.0,1.0,10.0,4.0,17.5,0.0,0.0,0,0,0,0.0,0,0,0,0,0,0,0,0,5GSA,Unknown_ReEstResult
41.10559,29.02026,-140.0,-140.0,-80.1,-140.0,-140.0,-140.0,-140.0,-140.0,-140.0,-30.0,-30.0,-10.4,-30.0,-30.0,-30.0,-30.0,-30.0,-30.0,25.1,0.0,69,97.3,97505.28,94401.74,8.1,0.0,0.0,63.0,0.0,1.0,8.1,4.0,17.5,0.0,0.0,0,0,0,0.0,0,0,0,0,0,0,0,0,5GSA,Unknown_ReEstResult
41.10565,29.02041,-140.0,-140.0,-77.2,-140.0,-140.0,-140.0,-140.0,-140.0,-140.0,-30.0,-30.0,-10.4,-30.0,-30.0,-30.0,-30.0,-30.0,-30.0,24.2,0.0,69,96.3,97320.96,87333.12,8.2,0.0,0.0,60.0,0.0,1.0,8.2,4.0,17.5,0.0,0.0,0,0,0,0.0,0,0,0,0,0,0,0,0,5GSA,Unknown_ReEstResult
41.10572,29.02062,-140.0,-140.0,-68.1,-140.0,-140.0,-140.0,-140.0,-140.0,-140.0,-30.0,-30.0,-10.4,-30.0,-30.0,-30.0,-30.0,-30.0,-30.0,31.3,0.0,69,82.3,95462.21,94462.98,1.3,0.0,0.0,55.0,0.0,1.0,1.3,4.0,17.4,0.0,0.0,0,0,0,0.0,0,0,0,0,0,0,0,0,5GSA,Unknown_ReEstResult
41.10578,29.02087,-140.0,-140.0,-52.7,-140.0,-140.0,-140.0,-140.0,-140.0,-140.0,-30.0,-30.0,-10.3,-30.0,-30.0,-30.0,-30.0,-30.0,-30.0,39.5,0.0,69,75.2,95784.96,92321.03,0.3,0.0,0.0,51.0,0.0,1.0,0.3,4.0,12.6,0.0,0.0,0,0,0,0.0,0,0,0,0,0,0,0,0,5GSA,Unknown_ReEstResult
41.10582,29.02106,-140.0,-140.0,-58.8,-140.0,-140.0,-140.0,-140.0,-140.0,-140.0,-30.0,-30.0,-10.4,-30.0,-30.0,-30.0,-30.0,-30.0,-30.0,36.0,0.0,69,79.3,75464.84,86203.05,0.4,0.0,0.0,22.0,0.0,1.0,0.4,4.0,16.0,0.0,1.1,0,0,0,0.0,0,0,0,0,0,0,0,0,5GSA,Unknown_ReEstResult
41.10589,29.02128,-140.0,-140.0,-63.1,-140.0,-140.0,-140.0,-140.0,-140.0,-140.0,-30.0,-30.0,-10.4,-30.0,-30.0,-30.0,-30.0,-30.0,-30.0,33.2,0.0,69,81.9,94530.72,84656.9,0.8,0.0,0.0,24.0,0.0,1.0,0.8,4.0,16.7,0.0,0.0,0,0,0,0.0,0,0,0,0,0,0,0,0,5GSA,Unknown_ReEstResult
41.10605,29.02777,-140.0,-140.0,-140.0,-140.0,-140.0,-140.0,-140.0,-140.0,-74.8,-30.0,-30.0,-30.0,-30.0,-30.0,-30.0,-30.0,-30.0,-10.4,21.4,0.0,69,92.3,96153.6,92306.63,6.8,0.0,0.0,27.0,0.0,1.0,6.8,4.0,17.5,0.0,2.3,0,0,0,0.0,0,0,0,0,0,0,0,0,5GSA,Unknown_ReEstResult
41.10608,29.01545,-140.0,-140.0,-140.0,-140.0,-140.0,-140.0,-140.0,-121.9,-122.7,-30.0,-30.0,-30.0,-30.0,-30.0,-30.0,-30.0,-15.2,-16.5,-2.9,0.0,69,139.8,83922.64,73269.86,10.1,0.0,0.0,215.0,0.0,1.0,10.1,4.0,22.1,0.0,8.9,0,0,0,0.0,0,0,0,0,0,0,0,0,5GSA,Unknown_ReEstResult
41.10608,29.02156,-140.0,-140.0,-75.4,-140.0,-140.0,-140.0,-140.0,-140.0,-140.0,-30.0,-30.0,-10.5,-30.0,-30.0,-30.0,-30.0,-30.0,-30.0,27.3,0.0,69,99.9,97059.8,89025.32,2.4,0.0,0.0,25.0,0.0,1.0,2.4,4.0,17.5,0.0,0.0,0,0,0,0.0,0,0,0,0,0,0,0,0,5GSA,Unknown_ReEstResult
41.10609,29.02777,-140.0,-140.0,-140.0,-140.0,-140.0,-140.0,-140.0,-140.0,-74.3,-30.0,-30.0,-30.0,-30.0,-30.0,-30.0,-30.0,-30.0,-10.4,25.1,0.0,69,91.6,95027.2,92301.25,8.4,0.0,0.0,67.0,0.0,1.0,8.4,4.0,17.5,0.0,1.1,0,0,0,0.0,0,0,0,0,0,0,0,0,5GSA,Unknown_ReEstResult
41.10619,29.01554,-140.0,-140.0,-140.0,-140.0,-140.0,-140.0,-140.0,-120.3,-117.4,-30.0,-30.0,-30.0,-30.0,-30.0,-30.0,-30.0,-15.5,-13.5,-5.1,0.0,69,143.0,97054.72,94045.37,8.7,2.0,0.0,217.0,0.0,1.0,8.7,4.0,22.0,0.0,10.4,0,0,0,0.0,0,0,0,0,0,0,0,0,5GSA,Unknown_ReEstResult
41.10628,29.02785,-140.0,-140.0,-140.0,-140.0,-140.0,-140.0,-140.0,-140.0,-72.4,-30.0,-30.0,-30.0,-30.0,-30.0,-30.0,-30.0,-30.0,-10.4,27.0,0.0,69,89.7,95380.36,92341.28,6.8,0.0,0.0,60.0,0.0,1.0,6.8,4.0,17.5,0.0,0.0,0,0,0,0.0,0,0,0,0,0,0,0,0,5GSA,Unknown_ReEstResult
41.10645,29.02769,-140.0,-140.0,-140.0,-140.0,-140.0,-140.0,-140.0,-140.0,-64.4,-30.0,-30.0,-30.0,-30.0,-30.0,-30.0,-30.0,-30.0,-10.3,29.5,0.0,69,80.2,97710.08,92232.99,6.8,0.0,0.0,27.0,0.0,1.0,6.8,4.0,16.3,0.0,0.0,0,0,0,0.0,0,0,0,0,0,0,0,0,5GSA,Unknown_ReEstResult
41.10663,29.0161,-140.0,-140.0,-140.0,-135.9,-123.9,-140.0,-140.0,-114.4,-119.9,-30.0,-30.0,-30.0,-28.2,-20.7,-30.0,-30.0,-13.0,-18.2,-7.0,0.0,69,148.1,98673.92,95424.41,9.9,0.0,0.0,135.0,0.0,1.0,9.9,4.0,21.1,0.0,9.0,0,0,0,0.0,0,0,0,0,0,0,0,0,5GSA,Unknown_ReEstResult
41.10691,29.02151,-140.0,-140.0,-140.0,-140.0,-64.9,-140.0,-140.0,-140.0,-140.0,-30.0,-30.0,-30.0,-30.0,-10.3,-30.0,-30.0,-30.0,-30.0,36.1,0.0,69,92.1,97037.63,94416.76,4.5,0.0,0.0,59.0,0.0,1.0,4.5,4.0,17.5,0.0,0.0,0,0,0,0.0,0,0,0,0,0,0,0,0,5GSA,Unknown_ReEstResult
41.10694,29.02149,-140.0,-140.0,-140.0,-140.0,-63.4,-140.0,-140.0,-140.0,-140.0,-30.0,-30.0,-30.0,-30.0,-10.3,-30.0,-30.0,-30.0,-30.0,37.9,0.0,69,85.1,95114.1,98894.52,0.0,0.0,0.0,33.0,0.0,1.0,0.0,4.0,17.5,0.0,0.0,0,0,0,0.0,0,0,0,0,0,0,0,0,5GSA,Unknown_ReEstResult
41.10737,29.0218,-140.0,-140.0,-140.0,-140.0,-75.2,-140.0,-140.0,-140.0,-140.0,-30.0,-30.0,-30.0,-30.0,-10.4,-30.0,-30.0,-30.0,-30.0,23.3,0.0,69,96.4,96031.36,92519.03,6.5,0.0,0.0,63.0,0.0,1.0,6.5,4.0,17.5,0.0,0.0,0,0,0,0.0,0,0,0,0,0,0,0,0,5GSA,Unknown_ReEstResult
41.10742,29.02184,-140.0,-140.0,-140.0,-140.0,-71.0,-140.0,-140.0,-140.0,-140.0,-30.0,-30.0,-30.0,-30.0,-10.4,-30.0,-30.0,-30.0,-30.0,23.6,0.0,69,90.4,91304.62,92590.17,5.9,0.0,0.0,26.0,0.0,1.0,5.9,4.0,17.5,0.0,0.0,0,0,0,0.0,0,0,0,0,0,0,0,0,5GSA,Unknown_ReEstResult
41.10756,29.02318,-140.0,-140.0,-140.0,-71.8,-140.0,-140.0,-140.0,-140.0,-140.0,-30.0,-30.0,-30.0,-10.4,-30.0,-30.0,-30.0,-30.0,-30.0,20.9,0.0,69,94.2,95595.62,92287.88,13.2,0.0,0.0,59.0,0.0,1.0,13.2,4.0,17.5,0.0,0.0,0,0,0,0.0,0,0,0,0,0,0,0,0,5GSA,Unknown_ReEstResult
41.10759,29.02336,-140.0,-140.0,-140.0,-70.5,-140.0,-140.0,-140.0,-140.0,-140.0,-30.0,-30.0,-30.0,-10.4,-30.0,-30.0,-30.0,-30.0,-30.0,28.7,0.0,69,89.4,74461.38,90172.85,0.8,0.0,0.0,21.0,0.0,1.0,0.8,4.0,17.5,0.0,0.0,0,0,0,0.0,0,0,0,0,0,0,0,0,5GSA,Unknown_ReEstResult
41.10761,29.02915,-140.0,-140.0,-140.0,-140.0,-140.0,-88.3,-140.0,-140.0,-80.9,-30.0,-30.0,-30.0,-30.0,-30.0,-16.8,-30.0,-30.0,-10.8,6.6,0.0,69,98.6,74272.01,94470.77,18.2,6.0,0.0,169.0,0.0,1.0,18.2,4.0,17.8,0.0,11.4,0,0,0,0.0,0,0,0,0,0,0,0,0,5GSA,Unknown_ReEstResult
41.10762,29.02346,-140.0,-140.0,-140.0,-60.8,-140.0,-140.0,-140.0,-140.0,-140.0,-30.0,-30.0,-30.0,-10.3,-30.0,-30.0,-30.0,-30.0,-30.0,36.4,0.0,69,83.3,81629.0,86060.92,0.9,0.0,0.0,23.0,0.0,1.0,0.9,4.0,16.9,0.0,0.0,0,0,0,0.0,0,0,0,0,0,0,0,0,5GSA,Unknown_ReEstResult
41.10764,29.02354,-140.0,-140.0,-140.0,-67.8,-140.0,-140.0,-140.0,-140.0,-140.0,-30.0,-30.0,-30.0,-10.4,-30.0,-30.0,-30.0,-30.0,-30.0,34.8,0.0,69,90.4,97438.73,91675.38,0.1,0.0,0.0,24.0,0.0,1.0,0.1,4.0,17.5,0.0,0.0,0,0,0,0.0,0,0,0,0,0,0,0,0,5GSA,Unknown_ReEstResult
41.10767,29.02914,-140.0,-140.0,-140.0,-140.0,-140.0,-87.3,-140.0,-140.0,-91.5,-30.0,-30.0,-30.0,-30.0,-30.0,-11.5,-30.0,-30.0,-14.6,6.7,0.0,69,103.5,96133.12,92862.76,9.7,0.0,0.0,102.0,0.0,1.0,9.7,4.0,17.5,0.0,0.0,0,0,0,0.0,0,0,0,0,0,0,0,0,5GSA,Unknown_ReEstResult
41.10768,29.02221,-140.0,-140.0,-140.0,-84.6,-84.6,-140.0,-140.0,-140.0,-140.0,-30.0,-30.0,-30.0,-13.1,-12.1,-30.0,-30.0,-30.0,-30.0,8.4,0.0,69,106.2,97203.18,92899.96,11.0,0.0,0.0,82.0,0.0,1.0,11.0,4.0,17.5,0.0,0.0,0,0,0,0.0,0,0,0,0,0,0,0,0,5GSA,Unknown_ReEstResult
41.10769,29.02377,-140.0,-140.0,-140.0,-59.8,-140.0,-140.0,-140.0,-140.0,-140.0,-30.0,-30.0,-30.0,-10.4,-30.0,-30.0,-30.0,-30.0,-30.0,38.9,0.0,69,79.4,18103.37,16939.79,2.7,0.0,0.0,16.0,0.0,1.0,2.7,4.0,15.1,0.0,1.2,0,0,0,0.0,0,0,0,0,0,0,0,0,5GSA,Unknown_ReEstResult
41.10775,29.02398,-140.0,-140.0,-140.0,-67.6,-140.0,-140.0,-140.0,-140.0,-140.0,-30.0,-30.0,-30.0,-10.4,-30.0,-30.0,-30.0,-30.0,-30.0,34.0,0.0,69,88.5,97090.59,94751.87,1.9,0.0,0.0,25.0,0.0,1.0,1.9,4.0,17.5,0.0,0.0,0,0,0,0.0,0,0,0,0,0,0,0,0,5GSA,Unknown_ReEstResult
41.10776,29.02403,-140.0,-140.0,-140.0,-72.1,-140.0,-140.0,-140.0,-140.0,-140.0,-30.0,-30.0,-30.0,-10.3,-30.0,-30.0,-30.0,-30.0,-30.0,33.3,0.0,69,94.7,94464.42,90772.09,5.6,0.0,0.0,26.0,0.0,1.0,5.6,4.0,17.5,0.0,0.0,0,0,0,0.0,0,0,0,0,0,0,0,0,5GSA,Unknown_ReEstResult
41.10783,29.02425,-140.0,-140.0,-140.0,-72.0,-140.0,-140.0,-140.0,-140.0,-140.0,-30.0,-30.0,-30.0,-10.4,-30.0,-30.0,-30.0,-30.0,-30.0,31.7,0.0,69,92.3,98304.0,94558.12,1.6,0.0,0.0,25.0,0.0,1.0,1.6,4.0,17.5,0.0,0.5,0,0,0,0.0,0,0,0,0,0,0,0,0,5GSA,Unknown_ReEstResult
41.10783,29.02613,-140.0,-140.0,-140.0,-92.7,-140.0,-140.0,-93.3,-140.0,-92.2,-30.0,-30.0,-30.0,-15.3,-30.0,-30.0,-14.5,-30.0,-13.6,-1.9,0.0,69,111.8,97858.57,89716.66,5.6,0.0,0.0,59.0,0.0,1.0,5.6,4.0,17.6,0.0,10.0,0,0,0,0.0,0,0,0,0,0,0,0,0,5GSA,Unknown_ReEstResult
41.10793,29.02712,-140.0,-140.0,-140.0,-140.0,-140.0,-140.0,-76.4,-140.0,-85.7,-30.0,-30.0,-30.0,-30.0,-30.0,-30.0,-10.6,-30.0,-19.9,14.0,0.0,69,93.7,94576.64,77264.05,12.5,0.0,0.0,55.0,0.0,1.0,12.5,4.0,17.5,0.0,0.0,0,0,0,0.0,0,0,0,0,0,0,0,0,5GSA,Unknown_ReEstResult
41.09903,29.02493,-140.0,-140.0,-140.0,-140.0,-140.0,-140.0,-140.0,-128.1,-140.0,-30.0,-30.0,-30.0,-30.0,-30.0,-30.0,-30.0,-16.9,-30.0,-5.4,0.0,70,144.7,15645.9,14976.83,12.6,18.0,0.0,108.0,0.0,1.0,12.6,4.0,22.4,0.0,15.1,0,0,0,0.0,0,0,0,0,0,0,0,0,5GSA,Unknown_ReEstResult
41.09974,29.0224,-140.0,-140.0,-140.0,-140.0,-140.0,-140.0,-128.9,-119.1,-140.0,-30.0,-30.0,-30.0,-30.0,-30.0,-30.0,-20.8,-12.5,-30.0,2.3,0.0,70,134.8,88412.16,48221.92,9.3,9.0,0.0,141.0,0.0,1.0,9.3,4.0,22.1,0.0,10.2,0,0,0,0.0,0,0,0,0,0,0,0,0,5GSA,Unknown_ReEstResult
41.10221,29.01794,-140.0,-124.1,-140.0,-140.0,-140.0,-140.0,-140.0,-125.1,-140.0,-30.0,-18.1,-30.0,-30.0,-30.0,-30.0,-30.0,-18.6,-30.0,-7.7,0.0,70,149.2,9788.93,12098.78,6.0,0.0,0.0,115.0,0.0,1.0,6.0,4.0,22.4,0.0,11.1,0,0,0,0.0,0,0,0,0,0,0,0,0,5GSA,Unknown_ReEstResult
41.10336,29.01725,-140.0,-108.8,-140.0,-140.0,-140.0,-140.0,-140.0,-107.7,-140.0,-30.0,-13.8,-30.0,-30.0,-30.0,-30.0,-30.0,-13.4,-30.0,2.3,0.0,70,126.8,96880.76,95839.81,8.8,0.0,0.0,78.0,0.0,1.0,8.8,4.0,20.5,0.0,9.3,0,0,0,0.0,0,0,0,0,0,0,0,0,5GSA,Unknown_ReEstResult
41.10353,29.01711,-140.0,-111.2,-140.0,-140.0,-140.0,-140.0,-140.0,-109.1,-140.0,-30.0,-14.4,-30.0,-30.0,-30.0,-30.0,-30.0,-13.0,-30.0,3.7,0.0,70,129.4,98370.55,94733.48,7.9,0.0,0.0,71.0,0.0,1.0,7.9,4.0,20.8,0.0,11.1,0,0,0,0.0,0,0,0,0,0,0,0,0,5GSA,Unknown_ReEstResult
41.10377,29.01691,-140.0,-114.8,-140.0,-140.0,-140.0,-140.0,-140.0,-118.2,-140.0,-30.0,-13.4,-30.0,-30.0,-30.0,-30.0,-30.0,-15.6,-30.0,-4.3,0.0,70,135.5,74219.52,71248.45,10.7,0.0,0.0,121.0,0.0,1.0,10.7,4.0,22.1,0.0,11.5,0,0,0,0.0,0,0,0,0,0,0,0,0,5GSA,Unknown_ReEstResult
41.10436,29.02005,-84.7,-72.7,-140.0,-140.0,-140.0,-140.0,-140.0,-140.0,-140.0,-19.9,-10.7,-30.0,-30.0,-30.0,-30.0,-30.0,-30.0,-30.0,13.7,0.0,70,91.1,95170.56,92508.6,0.0,0.0,0.0,55.0,0.0,1.0,0.0,4.0,17.5,0.0,0.0,0,0,0,0.0,0,0,0,0,0,0,0,0,5GSA,Unknown_ReEstResult
41.10437,29.02003,-85.7,-77.0,-140.0,-140.0,-140.0,-140.0,-140.0,-140.0,-140.0,-18.7,-10.6,-30.0,-30.0,-30.0,-30.0,-30.0,-30.0,-30.0,13.0,0.0,70,96.0,95088.64,92301.99,0.0,0.0,0.0,54.0,0.0,1.0,0.0,4.0,17.5,0.0,0.0,0,0,0,0.0,0,0,0,0,0,0,0,0,5GSA,Unknown_ReEstResult
41.10439,29.0203,-94.9,-68.1,-140.0,-140.0,-140.0,-140.0,-140.0,-140.0,-140.0,-25.6,-10.5,-30.0,-30.0,-30.0,-30.0,-30.0,-30.0,-30.0,14.7,0.0,70,88.2,98652.16,101923.98,0.0,0.0,0.0,24.0,0.0,1.0,0.0,4.0,17.5,0.0,0.5,0,0,0,0.0,0,0,0,0,0,0,0,0,5GSA,Unknown_ReEstResult
41.10445,29.02069,-140.0,-57.8,-140.0,-140.0,-140.0,-140.0,-140.0,-140.0,-140.0,-30.0,-10.4,-30.0,-30.0,-30.0,-30.0,-30.0,-30.0,-30.0,25.2,0.0,70,82.9,97443.84,94461.74,0.4,0.0,0.0,24.0,0.0,1.0,0.4,4.0,17.5,0.0,1.0,0,0,0,0.0,0,0,0,0,0,0,0,0,5GSA,Unknown_ReEstResult
41.10455,29.02182,-58.1,-68.1,-140.0,-140.0,-140.0,-140.0,-140.0,-140.0,-140.0,-10.5,-15.6,-30.0,-30.0,-30.0,-30.0,-30.0,-30.0,-30.0,23.1,0.0,70,79.8,89497.6,88517.61,0.8,0.0,0.0,23.0,0.0,1.0,0.8,4.0,16.2,0.0,0.0,0,0,0,0.0,0,0,0,0,0,0,0,0,5GSA,Unknown_ReEstResult
41.10457,29.01622,-140.0,-128.2,-140.0,-140.0,-126.1,-140.0,-140.0,-125.4,-140.0,-30.0,-19.0,-30.0,-30.0,-18.0,-30.0,-30.0,-16.1,-30.0,-6.1,0.0,70,144.5,16383.15,16066.66,8.6,6.0,0.0,109.0,0.0,1.0,8.6,4.0,22.3,0.0,11.5,0,0,0,0.0,0,0,0,0,0,0,0,0,5GSA,Unknown_ReEstResult
41.10457,29.02204,-59.7,-75.7,-140.0,-140.0,-140.0,-140.0,-140.0,-140.0,-140.0,-10.4,-21.2,-30.0,-30.0,-30.0,-30.0,-30.0,-30.0,-30.0,24.8,0.0,70,79.7,74997.76,84826.09,2.3,0.0,0.0,23.0,0.0,1.0,2.3,4.0,16.3,0.0,0.0,0,0,0,0.0,0,0,0,0,0,0,0,0,5GSA,Unknown_ReEstResult
41.10476,29.02365,-92.1,-94.4,-140.0,-140.0,-140.0,-140.0,-140.0,-88.0,-140.0,-13.5,-18.9,-30.0,-30.0,-30.0,-30.0,-30.0,-12.3,-30.0,4.7,0.0,70,103.0,96082.3,92687.23,4.3,0.0,0.0,111.0,0.0,1.0,4.3,4.0,17.5,0.0,6.7,0,0,0,0.0,0,0,0,0,0,0,0,0,5GSA,Unknown_ReEstResult
41.10478,29.02369,-91.4,-140.0,-140.0,-140.0,-140.0,-140.0,-140.0,-88.2,-140.0,-14.1,-30.0,-30.0,-30.0,-30.0,-30.0,-30.0,-12.0,-30.0,8.1,0.0,70,102.4,95683.2,92883.7,2.5,0.0,0.0,110.0,0.0,1.0,2.5,4.0,17.5,0.0,0.0,0,0,0,0.0,0,0,0,0,0,0,0,0,5GSA,Unknown_ReEstResult
41.1048,29.024,-93.9,-140.0,-140.0,-140.0,-140.0,-140.0,-140.0,-83.7,-140.0,-17.4,-30.0,-30.0,-30.0,-30.0,-30.0,-30.0,-10.7,-30.0,9.6,0.0,70,100.9,96440.32,94417.44,3.5,0.0,0.0,108.0,0.0,1.0,3.5,4.0,17.5,0.0,0.5,0,0,0,0.0,0,0,0,0,0,0,0,0,5GSA,Unknown_ReEstResult
41.10485,29.02428,-101.1,-140.0,-140.0,-140.0,-140.0,-140.0,-140.0,-84.6,-140.0,-23.2,-30.0,-30.0,-30.0,-30.0,-30.0,-30.0,-10.7,-30.0,9.3,0.0,70,100.4,96158.64,93080.4,4.8,0.0,0.0,108.0,0.0,1.0,4.8,4.0,17.5,0.0,4.1,0,0,0,0.0,0,0,0,0,0,0,0,0,5GSA,Unknown_ReEstResult
41.10491,29.02474,-140.0,-140.0,-140.0,-140.0,-140.0,-140.0,-140.0,-80.2,-140.0,-30.0,-30.0,-30.0,-30.0,-30.0,-30.0,-30.0,-10.6,-30.0,16.0,0.0,70,94.5,95873.31,92728.93,0.7,0.0,0.0,103.0,0.0,1.0,0.7,4.0,17.5,0.0,0.0,0,0,0,0.0,0,0,0,0,0,0,0,0,5GSA,Unknown_ReEstResult
41.10494,29.02447,-92.0,-140.0,-140.0,-140.0,-140.0,-140.0,-140.0,-83.5,-140.0,-17.1,-30.0,-30.0,-30.0,-30.0,-30.0,-30.0,-10.5,-30.0,13.6,0.0,70,100.0,96133.12,92586.76,0.3,0.0,0.0,103.0,0.0,1.0,0.3,4.0,17.5,0.0,0.0,0,0,0,0.0,0,0,0,0,0,0,0,0,5GSA,Unknown_ReEstResult
41.10495,29.02496,-140.0,-140.0,-140.0,-140.0,-140.0,-140.0,-140.0,-77.9,-140.0,-30.0,-30.0,-30.0,-30.0,-30.0,-30.0,-30.0,-10.4,-30.0,18.4,0.0,70,93.0,95585.17,92812.94,4.0,0.0,0.0,84.0,0.0,1.0,4.0,4.0,17.5,0.0,0.0,0,0,0,0.0,0,0,0,0,0,0,0,0,5GSA,Unknown_ReEstResult
41.10502,29.02507,-140.0,-140.0,-140.0,-140.0,-140.0,-140.0,-140.0,-79.1,-140.0,-30.0,-30.0,-30.0,-30.0,-30.0,-30.0,-30.0,-10.4,-30.0,24.3,0.0,70,93.2,96153.6,93272.93,17.5,0.0,0.0,79.0,0.0,1.0,17.5,4.0,17.5,0.0,0.0,0,0,0,0.0,0,0,0,0,0,0,0,0,5GSA,Unknown_ReEstResult
41.1051,29.02598,-140.0,-140.0,-140.0,-140.0,-140.0,-140.0,-140.0,-70.5,-140.0,-30.0,-30.0,-30.0,-30.0,-30.0,-30.0,-30.0,-10.3,-30.0,28.7,0.0,70,86.0,97295.38,93789.11,8.9,0.0,0.0,84.0,0.0,1.0,8.9,4.0,17.5,0.0,0.0,0,0,0,0.0,0,0,0,0,0,0,0,0,5GSA,Unknown_ReEstResult
41.10521,29.02668,-140.0,-140.0,-140.0,-140.0,-140.0,-140.0,-140.0,-69.9,-140.0,-30.0,-30.0,-30.0,-30.0,-30.0,-30.0,-30.0,-10.4,-30.0,32.0,0.0,70,85.9,97674.24,94393.99,9.2,0.0,0.0,29.0,0.0,1.0,9.2,4.0,17.5,0.0,1.9,0,0,0,0.0,0,0,0,0,0,0,0,0,5GSA,Unknown_ReEstResult
41.10525,29.02657,-140.0,-140.0,-140.0,-140.0,-140.0,-140.0,-140.0,-77.2,-140.0,-30.0,-30.0,-30.0,-30.0,-30.0,-30.0,-30.0,-10.4,-30.0,26.2,0.0,70,92.9,95498.24,92269.41,9.5,0.0,0.0,62.0,0.0,1.0,9.5,4.0,17.5,0.0,0.0,0,0,0,0.0,0,0,0,0,0,0,0,0,5GSA,Unknown_ReEstResult
41.10548,29.02006,-140.0,-140.0,-82.4,-140.0,-140.0,-140.0,-140.0,-140.0,-140.0,-30.0,-30.0,-10.4,-30.0,-30.0,-30.0,-30.0,-30.0,-30.0,23.6,0.0,70,101.3,95293.44,92729.79,5.4,0.0,0.0,64.0,0.0,1.0,5.4,4.0,17.5,0.0,0.0,0,0,0,0.0,0,0,0,0,0,0,0,0,5GSA,Unknown_ReEstResult
41.1055,29.0154,-140.0,-140.0,-140.0,-140.0,-123.5,-140.0,-140.0,-124.6,-124.0,-30.0,-30.0,-30.0,-30.0,-19.1,-30.0,-30.0,-16.8,-16.8,-5.6,0.0,70,143.9,21913.6,25151.58,18.1,24.0,0.0,175.0,0.0,1.0,18.1,4.0,22.2,0.0,11.6,0,0,0,0.0,0,0,0,0,0,0,0,0,5GSA,Unknown_ReEstResult
41.10592,29.01538,-140.0,-140.0,-140.0,-140.0,-140.0,-140.0,-140.0,-123.1,-122.3,-30.0,-30.0,-30.0,-30.0,-30.0,-30.0,-30.0,-16.8,-15.3,-5.0,0.0,70,148.9,44216.32,68280.7,10.6,2.0,0.0,218.0,0.0,1.0,10.6,4.0,22.3,0.0,10.7,0,0,0,0.0,0,0,0,0,0,0,0,0,5GSA,Unknown_ReEstResult
41.10594,29.02141,-140.0,-140.0,-71.5,-140.0,-140.0,-140.0,-140.0,-140.0,-140.0,-30.0,-30.0,-10.4,-30.0,-30.0,-30.0,-30.0,-30.0,-30.0,29.3,0.0,70,88.3,97285.09,82909.71,0.5,0.0,0.0,24.0,0.0,1.0,0.5,4.0,17.5,0.0,0.0,0,0,0,0.0,0,0,0,0,0,0,0,0,5GSA,Unknown_ReEstResult
41.10629,29.02773,-140.0,-140.0,-140.0,-140.0,-140.0,-140.0,-140.0,-140.0,-70.6,-30.0,-30.0,-30.0,-30.0,-30.0,-30.0,-30.0,-30.0,-10.4,26.9,0.0,70,88.4,97054.72,90921.27,5.2,0.0,0.0,26.0,0.0,1.0,5.2,4.0,17.5,0.0,1.0,0,0,0,0.0,0,0,0,0,0,0,0,0,5GSA,Unknown_ReEstResult
41.1063,29.02161,-140.0,-140.0,-87.5,-140.0,-83.7,-140.0,-140.0,-140.0,-140.0,-30.0,-30.0,-15.6,-30.0,-12.6,-30.0,-30.0,-30.0,-30.0,8.2,0.0,70,106.0,97116.16,94331.97,2.9,0.0,0.0,31.0,0.0,1.0,2.9,4.0,17.5,0.0,0.0,0,0,0,0.0,0,0,0,0,0,0,0,0,5GSA,Unknown_ReEstResult
41.10641,29.02806,-140.0,-140.0,-140.0,-140.0,-140.0,-140.0,-140.0,-140.0,-82.0,-30.0,-30.0,-30.0,-30.0,-30.0,-30.0,-30.0,-30.0,-10.6,19.0,0.0,70,98.5,95851.42,92839.23,10.7,0.0,0.0,71.0,0.0,1.0,10.7,4.0,17.5,0.0,0.0,0,0,0,0.0,0,0,0,0,0,0,0,0,5GSA,Unknown_ReEstResult
41.10648,29.02159,-140.0,-140.0,-123.3,-140.0,-76.2,-140.0,-140.0,-140.0,-140.0,-30.0,-30.0,-33.4,-30.0,-10.4,-30.0,-30.0,-30.0,-30.0,27.2,0.0,70,96.6,97670.2,102715.27,2.8,0.0,0.0,26.0,0.0,1.0,2.8,4.0,17.5,0.0,0.0,0,0,0,0.0,0,0,0,0,0,0,0,0,5GSA,Unknown_ReEstResult
41.10655,29.02157,-140.0,-140.0,-140.0,-140.0,-71.0,-140.0,-140.0,-140.0,-140.0,-30.0,-30.0,-30.0,-30.0,-10.4,-30.0,-30.0,-30.0,-30.0,28.2,0.0,70,94.3,97054.72,94244.25,7.6,0.0,0.0,27.0,0.0,1.0,7.6,4.0,17.5,0.0,0.0,0,0,0,0.0,0,0,0,0,0,0,0,0,5GSA,Unknown_ReEstResult
41.10667,29.02252,-140.0,-140.0,-140.0,-140.0,-78.4,-140.0,-140.0,-140.0,-140.0,-30.0,-30.0,-30.0,-30.0,-10.4,-30.0,-30.0,-30.0,-30.0,25.3,0.0,70,98.3,81555.63,66999.29,9.4,0.0,0.0,24.0,0.0,1.0,9.4,4.0,17.5,0.0,0.0,0,0,0,0.0,0,0,0,0,0,0,0,0,5GSA,Unknown_ReEstResult
41.1067,29.02762,-140.0,-140.0,-140.0,-140.0,-140.0,-140.0,-140.0,-140.0,-65.5,-30.0,-30.0,-30.0,-30.0,-30.0,-30.0,-30.0,-30.0,-10.4,24.8,0.0,70,81.1,95006.72,92897.34,11.5,0.0,0.0,73.0,0.0,1.0,11.5,4.0,17.0,0.0,1.9,0,0,0,0.0,0,0,0,0,0,0,0,0,5GSA,Unknown_ReEstResult
41.10674,29.02152,-140.0,-140.0,-140.0,-140.0,-80.5,-140.0,-140.0,-140.0,-140.0,-30.0,-30.0,-30.0,-30.0,-10.4,-30.0,-30.0,-30.0,-30.0,30.3,0.0,70,96.2,96462.08,93196.09,9.2,0.0,0.0,57.0,0.0,1.0,9.2,4.0,17.5,0.0,0.0,0,0,0,0.0,0,0,0,0,0,0,0,0,5GSA,Unknown_ReEstResult
41.10682,29.02251,-140.0,-140.0,-140.0,-140.0,-79.4,-140.0,-140.0,-140.0,-140.0,-30.0,-30.0,-30.0,-30.0,-10.4,-30.0,-30.0,-30.0,-30.0,27.6,0.0,70,97.6,77217.63,77056.0,9.5,0.0,0.0,26.0,0.0,1.0,9.5,4.0,17.5,0.0,0.0,0,0,0,0.0,0,0,0,0,0,0,0,0,5GSA,Unknown_ReEstResult
41.10684,29.02873,-140.0,-140.0,-140.0,-140.0,-140.0,-90.0,-140.0,-140.0,-86.9,-30.0,-30.0,-30.0,-30.0,-30.0,-14.6,-30.0,-30.0,-11.6,2.2,0.0,70,101.6,95191.04,93258.94,4.9,0.0,0.0,165.0,0.0,1.0,4.9,4.0,17.5,0.0,0.0,0,0,0,0.0,0,0,0,0,0,0,0,0,5GSA,Unknown_ReEstResult
41.1069,29.0288,-140.0,-140.0,-140.0,-140.0,-140.0,-89.6,-95.6,-140.0,-86.8,-30.0,-30.0,-30.0,-30.0,-30.0,-13.5,-18.6,-30.0,-12.6,0.8,0.0,70,105.7,95600.64,93365.99,14.7,0.0,0.0,139.0,0.0,1.0,14.7,4.0,17.5,0.0,0.5,0,0,0,0.0,0,0,0,0,0,0,0,0,5GSA,Unknown_ReEstResult
41.10695,29.01671,-140.0,-140.0,-140.0,-118.2,-117.7,-140.0,-140.0,-118.7,-120.2,-30.0,-30.0,-30.0,-16.2,-16.0,-30.0,-30.0,-16.6,-17.6,-8.9,0.0,70,138.3,99102.72,95195.89,9.8,0.0,0.0,176.0,0.0,1.0,9.8,4.0,21.5,0.0,12.5,0,0,0,0.0,0,0,0,0,0,0,0,0,5GSA,Unknown_ReEstResult
41.10696,29.02756,-140.0,-140.0,-140.0,-140.0,-140.0,-140.0,-140.0,-140.0,-70.5,-30.0,-30.0,-30.0,-30.0,-30.0,-30.0,-30.0,-30.0,-10.4,28.4,0.0,70,86.6,95815.91,103881.69,8.3,0.0,0.0,76.0,0.0,1.0,8.3,4.0,17.5,0.0,1.9,0,0,0,0.0,0,0,0,0,0,0,0,0,5GSA,Unknown_ReEstResult
41.10697,29.02251,-140.0,-140.0,-140.0,-140.0,-72.3,-140.0,-140.0,-140.0,-140.0,-30.0,-30.0,-30.0,-30.0,-10.4,-30.0,-30.0,-30.0,-30.0,30.3,0.0,70,91.7,78413.8,76788.16,5.5,0.0,0.0,24.0,0.0,1.0,5.5,4.0,17.5,0.0,0.0,0,0,0,0.0,0,0,0,0,0,0,0,0,5GSA,Unknown_ReEstResult
41.10705,29.02155,-140.0,-140.0,-140.0,-140.0,-76.0,-140.0,-140.0,-140.0,-140.0,-30.0,-30.0,-30.0,-30.0,-10.4,-30.0,-30.0,-30.0,-30.0,30.0,0.0,70,95.6,96337.92,92707.44,9.9,0.0,0.0,61.0,0.0,1.0,9.9,4.0,17.5,0.0,0.0,0,0,0,0.0,0,0,0,0,0,0,0,0,5GSA,Unknown_ReEstResult
41.10715,29.02631,-140.0,-140.0,-140.0,-140.0,-140.0,-140.0,-93.7,-140.0,-101.7,-30.0,-30.0,-30.0,-30.0,-30.0,-30.0,-10.8,-30.0,-17.2,10.0,0.0,70,111.8,96768.0,93617.89,13.3,0.0,0.0,161.0,0.0,1.0,13.3,4.0,18.4,0.0,9.5,0,0,0,0.0,0,0,0,0,0,0,0,0,5GSA,Unknown_ReEstResult
41.10735,29.02909,-140.0,-140.0,-140.0,-140.0,-140.0,-84.7,-140.0,-140.0,-88.8,-30.0,-30.0,-30.0,-30.0,-30.0,-11.7,-30.0,-30.0,-13.8,7.2,0.0,70,103.5,134826.3,111137.27,17.9,0.0,0.0,176.0,0.0,1.0,17.9,4.0,17.5,0.0,0.0,0,0,0,0.0,0,0,0,0,0,0,0,0,5GSA,Unknown_ReEstResult
41.10737,29.02745,-140.0,-140.0,-140.0,-140.0,-140.0,-140.0,-82.6,-140.0,-72.4,-30.0,-30.0,-30.0,-30.0,-30.0,-30.0,-17.8,-30.0,-10.5,12.6,0.0,70,88.0,96814.34,108592.47,4.4,0.0,0.0,87.0,0.0,1.0,4.4,4.0,17.5,0.0,1.0,0,0,0,0.0,0,0,0,0,0,0,0,0,5GSA,Unknown_ReEstResult
41.10739,29.02625,-140.0,-140.0,-140.0,-140.0,-140.0,-140.0,-99.7,-140.0,-101.5,-30.0,-30.0,-30.0,-30.0,-30.0,-30.0,-12.6,-30.0,-14.5,4.7,0.0,70,117.6,96588.74,93443.71,1.7,0.0,0.0,165.0,0.0,1.0,1.7,4.0,19.7,0.0,10.4,0,0,0,0.0,0,0,0,0,0,0,0,0,5GSA,Unknown_ReEstResult
41.10742,29.01895,-140.0,-140.0,-140.0,-140.0,-116.4,-140.0,-140.0,-140.0,-110.7,-30.0,-30.0,-30.0,-30.0,-16.9,-30.0,-30.0,-30.0,-13.0,0.4,0.0,70,128.1,98426.88,95591.79,8.5,0.0,0.0,119.0,0.0,1.0,8.5,4.0,21.0,0.0,8.5,0,0,0,0.0,0,0,0,0,0,0,0,0,5GSA,Unknown_ReEstResult
41.1075,29.02192,-140.0,-140.0,-140.0,-90.5,-82.4,-140.0,-140.0,-140.0,-140.0,-30.0,-30.0,-30.0,-18.4,-10.6,-30.0,-30.0,-30.0,-30.0,13.9,0.0,70,100.4,96138.16,92682.08,6.1,0.0,0.0,71.0,0.0,1.0,6.1,4.0,17.5,0.0,0.0,0,0,0,0.0,0,0,0,0,0,0,0,0,5GSA,Unknown_ReEstResult
41.10751,29.01911,-140.0,-140.0,-140.0,-120.3,-140.0,-140.0,-140.0,-140.0,-122.2,-30.0,-30.0,-30.0,-16.8,-30.0,-30.0,-30.0,-30.0,-18.2,-2.8,0.0,70,142.3,31457.31,12772.25,11.2,168.0,0.0,155.0,0.0,1.0,11.2,4.0,21.9,0.0,31.9,0,0,0,0.0,0,0,0,0,0,0,0,0,5GSA,Unknown_ReEstResult
41.10756,29.01925,-140.0,-122.8,-115.8,-119.8,-117.0,-140.0,-140.0,-140.0,-140.0,-30.0,-21.5,-15.2,-18.7,-16.0,-30.0,-30.0,-30.0,-30.0,-2.0,0.0,70,143.0,983.1,66213.01,4.9,49.0,0.0,250.0,0.0,1.0,4.9,4.0,21.4,0.0,45.6,0,0,0,0.0,0,0,0,0,0,0,0,0,5GSA,Unknown_ReEstResult
41.10758,29.02327,-140.0,-140.0,-140.0,-76.5,-140.0,-140.0,-140.0,-140.0,-140.0,-30.0,-30.0,-30.0,-10.4,-30.0,-30.0,-30.0,-30.0,-30.0,23.6,0.0,70,94.0,94924.8,92976.47,7.9,0.0,0.0,61.0,0.0,1.0,7.9,4.0,17.5,0.0,0.0,0,0,0,0.0,0,0,0,0,0,0,0,0,5GSA,Unknown_ReEstResult
41.10762,29.02341,-140.0,-140.0,-140.0,-69.9,-140.0,-140.0,-140.0,-140.0,-140.0,-30.0,-30.0,-30.0,-10.4,-30.0,-30.0,-30.0,-30.0,-30.0,33.6,0.0,70,88.5,97428.42,92946.85,1.1,0.0,0.0,24.0,0.0,1.0,1.1,4.0,17.5,0.0,0.0,0,0,0,0.0,0,0,0,0,0,0,0,0,5GSA,Unknown_ReEstResult
41.10767,29.02371,-140.0,-140.0,-140.0,-64.3,-140.0,-140.0,-140.0,-140.0,-140.0,-30.0,-30.0,-30.0,-10.3,-30.0,-30.0,-30.0,-30.0,-30.0,38.5,0.0,70,88.3,10302.51,10214.66,6.5,4.0,0.0,17.0,0.0,1.0,6.5,4.0,17.5,0.0,0.0,0,0,0,0.0,0,0,0,0,0,0,0,0,5GSA,Unknown_ReEstResult
41.10768,29.02371,-140.0,-140.0,-140.0,-60.6,-140.0,-140.0,-140.0,-140.0,-140.0,-30.0,-30.0,-30.0,-10.4,-30.0,-30.0,-30.0,-30.0,-30.0,39.5,0.0,70,84.1,97797.76,94447.2,0.9,0.0,0.0,24.0,0.0,1.0,0.9,4.0,17.4,0.0,0.0,0,0,0,0.0,0,0,0,0,0,0,0,0,5GSA,Unknown_ReEstResult
41.10776,29.02913,-140.0,-140.0,-140.0,-140.0,-140.0,-85.9,-140.0,-140.0,-94.2,-30.0,-30.0,-30.0,-30.0,-30.0,-11.1,-30.0,-30.0,-17.6,10.6,0.0,70,102.4,96148.56,105654.26,13.7,0.0,0.0,89.0,0.0,1.0,13.7,4.0,17.5,0.0,0.0,0,0,0,0.0,0,0,0,0,0,0,0,0,5GSA,Unknown_ReEstResult
41.10778,29.02407,-140.0,-140.0,-140.0,-67.5,-140.0,-140.0,-140.0,-140.0,-140.0,-30.0,-30.0,-30.0,-10.4,-30.0,-30.0,-30.0,-30.0,-30.0,34.9,0.0,70,87.3,97684.48,93957.73,0.5,0.0,0.0,25.0,0.0,1.0,0.5,4.0,17.5,0.0,0.0,0,0,0,0.0,0,0,0,0,0,0,0,0,5GSA,Unknown_ReEstResult
41.1078,29.02582,-140.0,-140.0,-140.0,-93.4,-140.0,-140.0,-93.9,-140.0,-93.4,-30.0,-30.0,-30.0,-13.9,-30.0,-30.0,-14.7,-30.0,-13.6,0.4,0.0,70,111.5,96035.75,90731.11,9.4,0.0,0.0,133.0,0.0,1.0,9.4,4.0,17.5,0.0,0.7,0,0,0,0.0,0,0,0,0,0,0,0,0,5GSA,Unknown_ReEstResult
41.10781,29.0254,-140.0,-140.0,-140.0,-91.9,-140.0,-140.0,-96.6,-140.0,-140.0,-30.0,-30.0,-30.0,-11.5,-30.0,-30.0,-14.6,-30.0,-30.0,8.0,0.0,70,111.1,96250.95,81657.37,14.2,0.0,0.0,95.0,0.0,1.0,14.2,4.0,17.5,0.0,0.0,0,0,0,0.0,0,0,0,0,0,0,0,0,5GSA,Unknown_ReEstResult
41.10782,29.02604,-140.0,-140.0,-140.0,-92.5,-140.0,-140.0,-91.2,-140.0,-91.1,-30.0,-30.0,-30.0,-17.2,-30.0,-30.0,-13.9,-30.0,-12.6,-2.4,0.0,70,111.9,96424.89,93460.3,7.1,0.0,0.0,122.0,0.0,1.0,7.1,4.0,17.5,0.0,1.3,0,0,0,0.0,0,0,0,0,0,0,0,0,5GSA,Unknown_ReEstResult
41.10783,29.02511,-140.0,-140.0,-140.0,-86.2,-140.0,-140.0,-92.7,-140.0,-140.0,-30.0,-30.0,-30.0,-10.9,-30.0,-30.0,-14.9,-30.0,-30.0,-4.3,4.0,70,122.8,88889.77,0.0,5.4,0.0,0.0,105.0,0.0,1.0,5.4,4.0,17.7,-1.0,9.7,0,0,0,23.0,0,0,0,0,0,0,0,0,5GSA,Unknown_ReEstResult
41.10785,29.0244,-140.0,-140.0,-140.0,-72.9,-140.0,-140.0,-140.0,-140.0,-140.0,-30.0,-30.0,-30.0,-10.3,-30.0,-30.0,-30.0,-30.0,-30.0,28.9,0.0,70,92.3,98160.64,110413.71,2.1,0.0,0.0,25.0,0.0,1.0,2.1,4.0,17.5,0.0,0.6,0,0,0,0.0,0,0,0,0,0,0,0,0,5GSA,Unknown_ReEstResult
41.10787,29.02532,-140.0,-140.0,-140.0,-87.5,-140.0,-140.0,-96.6,-140.0,-140.0,-30.0,-30.0,-30.0,-11.0,-30.0,-30.0,-14.1,-30.0,-30.0,9.3,0.0,70,107.8,96215.04,93410.62,7.1,0.0,0.0,102.0,0.0,1.0,7.1,4.0,17.5,0.0,0.0,0,0,0,0.0,0,0,0,0,0,0,0,0,5GSA,Unknown_ReEstResult
41.10791,29.02694,-140.0,-140.0,-140.0,-140.0,-140.0,-140.0,-83.7,-140.0,-91.7,-30.0,-30.0,-30.0,-30.0,-30.0,-30.0,-10.8,-30.0,-20.1,13.1,0.0,70,101.3,95933.3,92745.74,7.1,0.0,0.0,67.0,0.0,1.0,7.1,4.0,17.5,0.0,0.0,0,0,0,0.0,0,0,0,0,0,0,0,0,5GSA,Unknown_ReEstResult
41.099,29.02506,-140.0,-140.0,-140.0,-140.0,-132.3,-140.0,-140.0,-124.0,-140.0,-30.0,-30.0,-30.0,-30.0,-20.9,-30.0,-30.0,-14.3,-30.0,-3.2,0.0,71,143.2,12288.0,10829.9,6.2,9.0,0.0,104.0,0.0,1.0,6.2,4.0,22.2,0.0,14.4,0,0,0,0.0,0,0,0,0,0,0,0,0,5GSA,Unknown_ReEstResult
41.09911,29.02464,-140.0,-140.0,-140.0,-140.0,-140.0,-140.0,-142.2,-122.0,-140.0,-30.0,-30.0,-30.0,-30.0,-30.0,-30.0,-30.7,-13.5,-30.0,-1.9,0.0,71,139.6,22036.48,26858.27,13.3,5.0,0.0,94.0,0.0,1.0,13.3,4.0,22.4,0.0,12.0,0,0,0,0.0,0,0,0,0,0,0,0,0,5GSA,Unknown_ReEstResult
41.0995,29.02293,-140.0,-140.0,-140.0,-140.0,-140.0,-140.0,-140.0,-118.6,-140.0,-30.0,-30.0,-30.0,-30.0,-30.0,-30.0,-30.0,-12.4,-30.0,1.9,0.0,71,135.3,50050.52,52973.04,6.5,0.0,0.0,107.0,0.0,1.0,6.5,4.0,22.2,0.0,7.1,0,0,0,0.0,0,0,0,0,0,0,0,0,5GSA,Unknown_ReEstResult
41.0996,29.02266,-140.0,-140.0,-140.0,-140.0,-140.0,-140.0,-124.7,-117.9,-140.0,-30.0,-30.0,-30.0,-30.0,-30.0,-30.0,-18.1,-12.4,-30.0,2.4,0.0,71,134.5,64414.23,79919.01,8.2,2.0,0.0,123.0,0.0,1.0,8.2,4.0,22.1,0.0,10.5,0,0,0,0.0,0,0,0,0,0,0,0,0,5GSA,Unknown_ReEstResult
41.10061,29.02116,-140.0,-140.0,-140.0,-140.0,-140.0,-140.0,-116.3,-116.4,-140.0,-30.0,-30.0,-30.0,-30.0,-30.0,-30.0,-13.8,-13.5,-30.0,-1.7,0.0,71,134.1,27068.98,24587.42,4.7,20.0,0.0,266.0,0.0,1.0,4.7,4.0,21.9,0.0,14.3,0,0,0,0.0,0,0,0,0,0,0,0,0,5GSA,Unknown_ReEstResult
41.1024,29.01782,-140.0,-124.8,-140.0,-140.0,-124.0,-140.0,-140.0,-124.9,-140.0,-30.0,-17.1,-30.0,-30.0,-17.3,-30.0,-30.0,-17.6,-30.0,-7.4,0.0,71,148.0,12861.44,9678.82,10.5,2.0,0.0,96.0,0.0,1.0,10.5,4.0,22.4,0.0,8.5,0,0,0,0.0,0,0,0,0,0,0,0,0,5GSA,Unknown_ReEstResult
41.10298,29.0175,-140.0,-115.4,-140.0,-140.0,-140.0,-140.0,-140.0,-117.0,-140.0,-30.0,-13.6,-30.0,-30.0,-30.0,-30.0,-30.0,-15.9,-30.0,2.4,0.0,71,135.2,97628.8,93994.64,10.7,0.0,0.0,172.0,0.0,1.0,10.7,4.0,21.2,0.0,10.9,0,0,0,0.0,0,0,0,0,0,0,0,0,5GSA,Unknown_ReEstResult
41.10319,29.01736,-140.0,-111.2,-140.0,-140.0,-140.0,-140.0,-140.0,-110.5,-140.0,-30.0,-14.3,-30.0,-30.0,-30.0,-30.0,-30.0,-13.3,-30.0,1.4,0.0,71,131.6,97054.72,93814.8,7.9,0.0,0.0,179.0,0.0,1.0,7.9,4.0,21.0,0.0,10.9,0,0,0,0.0,0,0,0,0,0,0,0,0,5GSA,Unknown_ReEstResult
41.10331,29.01729,-140.0,-108.9,-140.0,-140.0,-140.0,-140.0,-140.0,-108.5,-140.0,-30.0,-14.3,-30.0,-30.0,-30.0,-30.0,-30.0,-13.1,-30.0,1.6,0.0,71,128.3,96148.6,94083.98,9.9,0.0,0.0,155.0,0.0,1.0,9.9,4.0,20.6,0.0,8.6,0,0,0,0.0,0,0,0,0,0,0,0,0,5GSA,Unknown_ReEstResult
41.10343,29.01718,-140.0,-108.4,-140.0,-140.0,-140.0,-140.0,-140.0,-109.2,-140.0,-30.0,-13.6,-30.0,-30.0,-30.0,-30.0,-30.0,-13.2,-30.0,2.5,0.0,71,127.9,98488.32,95648.09,10.1,0.0,0.0,73.0,0.0,1.0,10.1,4.0,20.7,0.0,8.7,0,0,0,0.0,0,0,0,0,0,0,0,0,5GSA,Unknown_ReEstResult
41.10371,29.01695,-140.0,-115.9,-140.0,-140.0,-140.0,-140.0,-140.0,-116.4,-140.0,-30.0,-14.4,-30.0,-30.0,-30.0,-30.0,-30.0,-14.3,-30.0,-0.7,0.0,71,132.9,96337.92,78302.99,13.5,0.0,0.0,135.0,0.0,1.0,13.5,4.0,22.0,0.0,8.0,0,0,0,0.0,0,0,0,0,0,0,0,0,5GSA,Unknown_ReEstResult
41.10383,29.01687,-121.1,-115.9,-140.0,-140.0,-140.0,-140.0,-140.0,-117.9,-140.0,-19.0,-13.6,-30.0,-30.0,-30.0,-30.0,-30.0,-15.5,-30.0,-3.8,0.0,71,136.9,69410.36,54637.52,14.4,4.0,0.0,111.0,0.0,1.0,14.4,4.0,22.1,0.0,11.1,0,0,0,0.0,0,0,0,0,0,0,0,0,5GSA,Unknown_ReEstResult
41.10436,29.02007,-82.6,-74.4,-140.0,-140.0,-140.0,-140.0,-140.0,-140.0,-140.0,-18.9,-10.8,-30.0,-30.0,-30.0,-30.0,-30.0,-30.0,-30.0,12.2,0.0,71,92.5,95083.66,93172.45,0.0,0.0,0.0,56.0,0.0,1.0,0.0,4.0,17.5,0.0,0.0,0,0,0,0.0,0,0,0,0,0,0,0,0,5GSA,Unknown_ReEstResult
41.10437,29.02021,-101.0,-68.8,-140.0,-140.0,-140.0,-140.0,-140.0,-140.0,-140.0,-28.0,-10.5,-30.0,-30.0,-30.0,-30.0,-30.0,-30.0,-30.0,19.1,0.0,71,93.7,98626.51,99010.12,0.0,0.0,0.0,24.0,0.0,1.0,0.0,4.0,17.5,0.0,0.0,0,0,0,0.0,0,0,0,0,0,0,0,0,5GSA,Unknown_ReEstResult
41.10444,29.01999,-86.5,-73.3,-140.0,-140.0,-140.0,-140.0,-140.0,-140.0,-140.0,-19.6,-10.6,-30.0,-30.0,-30.0,-30.0,-30.0,-30.0,-30.0,15.7,0.0,71,93.0,90193.92,85775.47,7.3,0.0,0.0,27.0,0.0,1.0,7.3,4.0,17.5,0.0,0.0,0,0,0,0.0,0,0,0,0,0,0,0,0,5GSA,Unknown_ReEstResult
41.10449,29.02096,-83.5,-62.0,-140.0,-140.0,-140.0,-140.0,-140.0,-140.0,-140.0,-26.1,-10.4,-30.0,-30.0,-30.0,-30.0,-30.0,-30.0,-30.0,27.1,0.0,71,82.3,79790.08,79835.63,0.0,0.0,0.0,22.0,0.0,1.0,0.0,4.0,17.4,0.0,0.0,0,0,0,0.0,0,0,0,0,0,0,0,0,5GSA,Unknown_ReEstResult
41.1045,29.02105,-73.7,-60.0,-140.0,-140.0,-140.0,-140.0,-140.0,-140.0,-140.0,-22.6,-10.4,-30.0,-30.0,-30.0,-30.0,-30.0,-30.0,-30.0,26.4,0.0,71,82.3,74526.72,78952.05,0.0,0.0,0.0,21.0,0.0,1.0,0.0,4.0,17.5,0.0,0.0,0,0,0,0.0,0,0,0,0,0,0,0,0,5GSA,Unknown_ReEstResult
41.10451,29.01628,-140.0,-125.5,-140.0,-140.0,-130.9,-140.0,-140.0,-125.0,-140.0,-30.0,-16.9,-30.0,-30.0,-22.4,-30.0,-30.0,-16.5,-30.0,-8.7,0.0,71,146.1,15585.28,16850.74,9.6,16.0,0.0,107.0,0.0,1.0,9.6,4.0,22.3,0.0,9.6,0,0,0,0.0,0,0,0,0,0,0,0,0,5GSA,Unknown_ReEstResult
41.10452,29.02133,-95.6,-62.9,-140.0,-140.0,-140.0,-140.0,-140.0,-140.0,-140.0,-26.1,-10.6,-30.0,-30.0,-30.0,-30.0,-30.0,-30.0,-30.0,21.7,0.0,71,83.0,97280.0,94331.73,0.1,0.0,0.0,24.0,0.0,1.0,0.1,4.0,17.5,0.0,0.0,0,0,0,0.0,0,0,0,0,0,0,0,0,5GSA,Unknown_ReEstResult
41.10453,29.02138,-71.4,-61.4,-140.0,-140.0,-140.0,-140.0,-140.0,-140.0,-140.0,-17.7,-10.5,-30.0,-30.0,-30.0,-30.0,-30.0,-30.0,-30.0,21.4,0.0,71,81.5,97914.88,94907.87,0.1,0.0,0.0,24.0,0.0,1.0,0.1,4.0,16.7,0.0,0.0,0,0,0,0.0,0,0,0,0,0,0,0,0,5GSA,Unknown_ReEstResult
41.10456,29.02193,-60.2,-91.6,-140.0,-140.0,-140.0,-140.0,-140.0,-140.0,-140.0,-10.4,-26.2,-30.0,-30.0,-30.0,-30.0,-30.0,-30.0,-30.0,25.2,0.0,71,80.9,76042.24,73512.7,0.9,0.0,0.0,22.0,0.0,1.0,0.9,4.0,16.4,0.0,0.0,0,0,0,0.0,0,0,0,0,0,0,0,0,5GSA,Unknown_ReEstResult
41.10458,29.02217,-59.5,-140.0,-140.0,-140.0,-140.0,-140.0,-140.0,-140.0,-140.0,-10.4,-30.0,-30.0,-30.0,-30.0,-30.0,-30.0,-30.0,-30.0,26.6,0.0,71,79.3,95007.44,96616.99,5.5,0.0,0.0,39.0,0.0,1.0,5.5,4.0,16.2,0.0,0.0,0,0,0,0.0,0,0,0,0,0,0,0,0,5GSA,Unknown_ReEstResult
41.10461,29.02232,-71.4,-97.6,-140.0,-140.0,-140.0,-140.0,-140.0,-105.4,-140.0,-10.6,-25.6,-30.0,-30.0,-30.0,-30.0,-30.0,-30.8,-30.0,18.8,0.0,71,89.7,95232.0,92257.99,8.0,0.0,0.0,60.0,0.0,1.0,8.0,4.0,17.5,0.0,0.0,0,0,0,0.0,0,0,0,0,0,0,0,0,5GSA,Unknown_ReEstResult
41.10466,29.02265,-78.8,-89.3,-140.0,-140.0,-140.0,-140.0,-140.0,-89.9,-140.0,-11.0,-17.1,-30.0,-30.0,-30.0,-30.0,-30.0,-17.7,-30.0,11.4,0.0,71,97.9,96389.34,89205.69,7.8,0.0,0.0,65.0,0.0,1.0,7.8,4.0,17.5,0.0,0.0,0,0,0,0.0,0,0,0,0,0,0,0,0,5GSA,Unknown_ReEstResult
41.10475,29.02343,-86.3,-95.6,-140.0,-140.0,-140.0,-140.0,-140.0,-93.3,-140.0,-11.2,-19.0,-30.0,-30.0,-30.0,-30.0,-30.0,-15.9,-30.0,-1.6,4.0,71,108.4,95887.36,92675.96,8.7,0.0,0.0,122.0,0.0,1.0,8.7,4.0,17.5,1.0,0.7,0,0,0,11.0,0,0,0,0,0,0,0,0,5GSA,Unknown_ReEstResult
41.10477,29.01992,-140.0,-88.8,-140.0,-140.0,-140.0,-140.0,-140.0,-140.0,-140.0,-30.0,-11.0,-30.0,-30.0,-30.0,-30.0,-30.0,-30.0,-30.0,11.3,0.0,71,108.5,96911.36,93812.24,10.6,0.0,0.0,68.0,0.0,1.0,10.6,4.0,17.5,0.0,0.0,0,0,0,0.0,0,0,0,0,0,0,0,0,5GSA,Unknown_ReEstResult
41.10478,29.02389,-93.2,-140.0,-140.0,-140.0,-140.0,-140.0,-140.0,-87.5,-140.0,-16.1,-30.0,-30.0,-30.0,-30.0,-30.0,-30.0,-11.4,-30.0,7.2,0.0,71,103.2,96062.12,92852.38,3.3,0.0,0.0,103.0,0.0,1.0,3.3,4.0,17.5,0.0,1.1,0,0,0,0.0,0,0,0,0,0,0,0,0,5GSA,Unknown_ReEstResult
41.10483,29.02418,-97.7,-140.0,-140.0,-140.0,-140.0,-140.0,-140.0,-87.1,-140.0,-22.2,-30.0,-30.0,-30.0,-30.0,-30.0,-30.0,-11.1,-30.0,8.5,0.0,71,101.9,96199.6,93385.51,7.5,0.0,0.0,108.0,0.0,1.0,7.5,4.0,17.5,0.0,1.2,0,0,0,0.0,0,0,0,0,0,0,0,0,5GSA,Unknown_ReEstResult
41.10489,29.02432,-104.1,-140.0,-140.0,-140.0,-140.0,-140.0,-140.0,-85.5,-140.0,-23.0,-30.0,-30.0,-30.0,-30.0,-30.0,-30.0,-10.7,-30.0,11.1,0.0,71,102.7,97269.8,98297.23,0.7,0.0,0.0,104.0,0.0,1.0,0.7,4.0,17.5,0.0,1.0,0,0,0,0.0,0,0,0,0,0,0,0,0,5GSA,Unknown_ReEstResult
41.10507,29.01578,-140.0,-127.4,-140.0,-140.0,-140.0,-140.0,-140.0,-121.6,-140.0,-30.0,-20.0,-30.0,-30.0,-30.0,-30.0,-30.0,-15.4,-30.0,-5.0,0.0,71,139.7,24596.48,44376.12,3.8,7.0,0.0,123.0,0.0,1.0,3.8,4.0,22.3,0.0,7.4,0,0,0,0.0,0,0,0,0,0,0,0,0,5GSA,Unknown_ReEstResult
41.10518,29.02649,-140.0,-140.0,-140.0,-140.0,-140.0,-140.0,-140.0,-70.9,-140.0,-30.0,-30.0,-30.0,-30.0,-30.0,-30.0,-30.0,-10.3,-30.0,31.0,0.0,71,89.8,97116.16,94270.52,10.6,0.0,0.0,30.0,0.0,1.0,10.6,4.0,17.5,0.0,0.0,0,0,0,0.0,0,0,0,0,0,0,0,0,5GSA,Unknown_ReEstResult
41.10522,29.01989,-140.0,-103.2,-89.3,-140.0,-140.0,-140.0,-140.0,-140.0,-140.0,-30.0,-20.3,-10.7,-30.0,-30.0,-30.0,-30.0,-30.0,-30.0,12.2,0.0,71,108.4,96768.0,109030.89,2.8,0.0,0.0,96.0,0.0,1.0,2.8,4.0,17.5,0.0,0.0,0,0,0,0.0,0,0,0,0,0,0,0,0,5GSA,Unknown_ReEstResult
41.10527,29.02713,-140.0,-140.0,-140.0,-140.0,-140.0,-140.0,-140.0,-76.5,-140.0,-30.0,-30.0,-30.0,-30.0,-30.0,-30.0,-30.0,-10.5,-30.0,21.6,0.0,71,92.8,97443.84,94676.48,9.1,0.0,0.0,30.0,0.0,1.0,9.1,4.0,17.5,0.0,0.0,0,0,0,0.0,0,0,0,0,0,0,0,0,5GSA,Unknown_ReEstResult
41.10528,29.01992,-140.0,-124.6,-88.4,-140.0,-140.0,-140.0,-140.0,-140.0,-140.0,-30.0,-34.0,-10.6,-30.0,-30.0,-30.0,-30.0,-30.0,-30.0,14.5,0.0,71,106.2,96095.52,92849.67,7.3,0.0,0.0,83.0,0.0,1.0,7.3,4.0,17.5,0.0,0.0,0,0,0,0.0,0,0,0,0,0,0,0,0,5GSA,Unknown_ReEstResult
41.10531,29.01554,-140.0,-140.0,-140.0,-140.0,-140.0,-140.0,-140.0,-121.4,-127.3,-30.0,-30.0,-30.0,-30.0,-30.0,-30.0,-30.0,-14.7,-19.8,-3.5,0.0,71,138.7,19292.16,24736.06,4.5,11.0,0.0,86.0,0.0,1.0,4.5,4.0,22.2,0.0,12.1,0,0,0,0.0,0,0,0,0,0,0,0,0,5GSA,Unknown_ReEstResult
41.10543,29.02002,-140.0,-140.0,-85.1,-140.0,-140.0,-140.0,-140.0,-140.0,-140.0,-30.0,-30.0,-10.5,-30.0,-30.0,-30.0,-30.0,-30.0,-30.0,21.2,0.0,71,103.3,97198.08,92535.02,5.8,0.0,0.0,76.0,0.0,1.0,5.8,4.0,17.5,0.0,0.0,0,0,0,0.0,0,0,0,0,0,0,0,0,5GSA,Unknown_ReEstResult
41.10562,29.02034,-140.0,-140.0,-77.8,-140.0,-140.0,-140.0,-140.0,-140.0,-140.0,-30.0,-30.0,-10.4,-30.0,-30.0,-30.0,-30.0,-30.0,-30.0,23.6,0.0,71,95.2,97378.0,94426.41,10.2,0.0,0.0,63.0,0.0,1.0,10.2,4.0,17.5,0.0,0.0,0,0,0,0.0,0,0,0,0,0,0,0,0,5GSA,Unknown_ReEstResult
41.10584,29.02114,-140.0,-140.0,-58.0,-140.0,-140.0,-140.0,-140.0,-140.0,-140.0,-30.0,-30.0,-10.4,-30.0,-30.0,-30.0,-30.0,-30.0,-30.0,33.8,0.0,71,82.8,77389.87,72769.45,0.4,0.0,0.0,22.0,0.0,1.0,0.4,4.0,17.4,0.0,0.0,0,0,0,0.0,0,0,0,0,0,0,0,0,5GSA,Unknown_ReEstResult
41.10613,29.02159,-140.0,-140.0,-76.8,-140.0,-92.2,-140.0,-140.0,-140.0,-140.0,-30.0,-30.0,-10.5,-30.0,-17.1,-30.0,-30.0,-30.0,-30.0,19.0,0.0,71,103.1,97653.76,93873.69,10.9,0.0,0.0,29.0,0.0,1.0,10.9,4.0,17.5,0.0,0.0,0,0,0,0.0,0,0,0,0,0,0,0,0,5GSA,Unknown_ReEstResult
41.10619,29.0216,-140.0,-140.0,-82.9,-140.0,-101.5,-140.0,-140.0,-140.0,-140.0,-30.0,-30.0,-10.9,-30.0,-24.7,-30.0,-30.0,-30.0,-30.0,22.1,0.0,71,103.5,97177.6,94472.46,8.5,0.0,0.0,31.0,0.0,1.0,8.5,4.0,17.5,0.0,0.0,0,0,0,0.0,0,0,0,0,0,0,0,0,5GSA,Unknown_ReEstResult
41.10625,29.01559,-140.0,-140.0,-140.0,-140.0,-120.6,-140.0,-140.0,-119.2,-115.5,-30.0,-30.0,-30.0,-30.0,-16.7,-30.0,-30.0,-16.4,-13.7,-1.2,0.0,71,138.9,97868.78,94025.86,8.7,0.0,0.0,186.0,0.0,1.0,8.7,4.0,21.2,0.0,11.1,0,0,0,0.0,0,0,0,0,0,0,0,0,5GSA,Unknown_ReEstResult
41.10632,29.01569,-140.0,-140.0,-140.0,-140.0,-140.0,-140.0,-140.0,-113.0,-118.4,-30.0,-30.0,-30.0,-30.0,-30.0,-30.0,-30.0,-13.1,-16.1,-0.5,0.0,71,133.9,98575.36,95373.7,9.1,0.0,0.0,144.0,0.0,1.0,9.1,4.0,21.6,0.0,12.5,0,0,0,0.0,0,0,0,0,0,0,0,0,5GSA,Unknown_ReEstResult
41.10657,29.02766,-140.0,-140.0,-140.0,-140.0,-140.0,-140.0,-140.0,-140.0,-65.9,-30.0,-30.0,-30.0,-30.0,-30.0,-30.0,-30.0,-30.0,-10.4,28.4,0.0,71,81.5,96885.85,94062.62,8.7,0.0,0.0,32.0,0.0,1.0,8.7,4.0,17.0,0.0,0.0,0,0,0,0.0,0,0,0,0,0,0,0,0,5GSA,Unknown_ReEstResult
41.10657,29.02838,-140.0,-140.0,-140.0,-140.0,-140.0,-80.8,-140.0,-140.0,-79.6,-30.0,-30.0,-30.0,-30.0,-30.0,-13.3,-30.0,-30.0,-14.0,5.6,0.0,71,94.7,96030.72,92675.54,6.1,0.0,0.0,66.0,0.0,1.0,6.1,4.0,17.5,0.0,0.0,0,0,0,0.0,0,0,0,0,0,0,0,0,5GSA,Unknown_ReEstResult
41.10665,29.02155,-140.0,-140.0,-140.0,-140.0,-79.5,-140.0,-140.0,-140.0,-140.0,-30.0,-30.0,-30.0,-30.0,-10.4,-30.0,-30.0,-30.0,-30.0,27.0,0.0,71,101.0,95539.2,92705.35,9.7,0.0,0.0,74.0,0.0,1.0,9.7,4.0,17.5,0.0,0.0,0,0,0,0.0,0,0,0,0,0,0,0,0,5GSA,Unknown_ReEstResult
41.10668,29.02851,-140.0,-140.0,-140.0,-140.0,-140.0,-83.4,-140.0,-140.0,-74.5,-30.0,-30.0,-30.0,-30.0,-30.0,-20.1,-30.0,-30.0,-10.8,12.7,0.0,71,89.2,95395.84,92690.55,12.8,0.0,0.0,71.0,0.0,1.0,12.8,4.0,17.5,0.0,0.0,0,0,0,0.0,0,0,0,0,0,0,0,0,5GSA,Unknown_ReEstResult
41.1069,29.02638,-140.0,-140.0,-140.0,-140.0,-140.0,-140.0,-83.4,-140.0,-92.4,-30.0,-30.0,-30.0,-30.0,-30.0,-30.0,-10.4,-30.0,-14.8,13.1,0.0,71,106.4,96399.36,93007.7,7.3,0.0,0.0,126.0,0.0,1.0,7.3,4.0,18.0,0.0,11.2,0,0,0,0.0,0,0,0,0,0,0,0,0,5GSA,Unknown_ReEstResult
41.10692,29.02867,-140.0,-140.0,-140.0,-140.0,-140.0,-89.8,-140.0,-140.0,-84.5,-30.0,-30.0,-30.0,-30.0,-30.0,-13.7,-30.0,-30.0,-12.2,2.8,0.0,71,95.4,97362.11,94440.48,8.3,0.0,0.0,81.0,0.0,1.0,8.3,4.0,17.5,0.0,0.0,0,0,0,0.0,0,0,0,0,0,0,0,0,5GSA,Unknown_ReEstResult
41.10697,29.02888,-140.0,-140.0,-140.0,-140.0,-140.0,-88.1,-140.0,-140.0,-88.6,-30.0,-30.0,-30.0,-30.0,-30.0,-12.7,-30.0,-30.0,-13.3,3.6,0.0,71,103.9,95713.48,92460.97,7.1,0.0,0.0,134.0,0.0,1.0,7.1,4.0,17.5,0.0,0.0,0,0,0,0.0,0,0,0,0,0,0,0,0,5GSA,Unknown_ReEstResult
41.10721,29.02257,-140.0,-140.0,-140.0,-85.2,-77.4,-140.0,-140.0,-140.0,-140.0,-30.0,-30.0,-30.0,-19.1,-10.5,-30.0,-30.0,-30.0,-30.0,14.0,0.0,71,96.6,97505.28,83437.73,9.5,0.0,0.0,30.0,0.0,1.0,9.5,4.0,17.5,0.0,0.0,0,0,0,0.0,0,0,0,0,0,0,0,0,5GSA,Unknown_ReEstResult
41.10722,29.02947,-140.0,-140.0,-140.0,-140.0,-140.0,-90.1,-140.0,-140.0,-96.2,-30.0,-30.0,-30.0,-30.0,-30.0,-11.1,-30.0,-30.0,-17.3,8.7,0.0,71,104.1,97935.36,94627.2,8.5,0.0,0.0,51.0,0.0,1.0,8.5,4.0,17.5,0.0,0.0,0,0,0,0.0,0,0,0,0,0,0,0,0,5GSA,Unknown_ReEstResult
41.10723,29.02167,-140.0,-140.0,-140.0,-140.0,-77.6,-140.0,-140.0,-140.0,-140.0,-30.0,-30.0,-30.0,-30.0,-10.4,-30.0,-30.0,-30.0,-30.0,24.9,0.0,71,97.2,94740.48,92361.04,9.1,0.0,0.0,62.0,0.0,1.0,9.1,4.0,17.5,0.0,0.0,0,0,0,0.0,0,0,0,0,0,0,0,0,5GSA,Unknown_ReEstResult
41.10745,29.02186,-140.0,-140.0,-140.0,-86.4,-72.7,-140.0,-140.0,-140.0,-140.0,-30.0,-30.0,-30.0,-17.9,-10.4,-30.0,-30.0,-30.0,-30.0,19.9,0.0,71,91.7,95825.92,94184.41,7.0,0.0,0.0,51.0,0.0,1.0,7.0,4.0,17.5,0.0,0.0,0,0,0,0.0,0,0,0,0,0,0,0,0,5GSA,Unknown_ReEstResult
41.10746,29.019,-140.0,-140.0,-120.4,-117.0,-115.3,-140.0,-140.0,-119.1,-113.2,-30.0,-30.0,-18.8,-16.3,-15.9,-30.0,-30.0,-19.9,-14.3,-3.9,0.0,71,128.9,98796.23,110746.15,11.9,0.0,0.0,154.0,0.0,1.0,11.9,4.0,21.0,0.0,12.1,0,0,0,0.0,0,0,0,0,0,0,0,0,5GSA,Unknown_ReEstResult
41.10748,29.02191,-140.0,-140.0,-140.0,-88.7,-79.2,-140.0,-140.0,-140.0,-140.0,-30.0,-30.0,-30.0,-13.0,-10.5,-30.0,-30.0,-30.0,-30.0,16.1,0.0,71,98.9,95769.49,92539.97,7.2,0.0,0.0,60.0,0.0,1.0,7.2,4.0,17.5,0.0,0.0,0,0,0,0.0,0,0,0,0,0,0,0,0,5GSA,Unknown_ReEstResult
41.10752,29.02195,-140.0,-140.0,-140.0,-89.7,-84.4,-140.0,-140.0,-140.0,-140.0,-30.0,-30.0,-30.0,-17.1,-10.9,-30.0,-30.0,-30.0,-30.0,13.0,0.0,71,102.4,96342.97,92444.23,8.9,0.0,0.0,70.0,0.0,1.0,8.9,4.0,17.5,0.0,0.0,0,0,0,0.0,0,0,0,0,0,0,0,0,5GSA,Unknown_ReEstResult
41.10752,29.02276,-140.0,-140.0,-140.0,-87.6,-87.1,-140.0,-140.0,-140.0,-140.0,-30.0,-30.0,-30.0,-12.6,-11.9,-30.0,-30.0,-30.0,-30.0,5.6,0.0,71,107.0,95719.33,93373.03,0.0,0.0,0.0,62.0,0.0,1.0,0.0,4.0,17.5,0.0,0.0,0,0,0,0.0,0,0,0,0,0,0,0,0,5GSA,Unknown_ReEstResult
41.10755,29.02198,-140.0,-140.0,-140.0,-86.2,-82.9,-140.0,-140.0,-140.0,-140.0,-30.0,-30.0,-30.0,-15.9,-10.7,-30.0,-30.0,-30.0,-30.0,12.8,0.0,71,102.9,95477.76,93242.93,4.8,0.0,0.0,68.0,0.0,1.0,4.8,4.0,17.5,0.0,0.0,0,0,0,0.0,0,0,0,0,0,0,0,0,5GSA,Unknown_ReEstResult
41.10755,29.02915,-140.0,-140.0,-140.0,-140.0,-140.0,-87.8,-140.0,-140.0,-86.7,-30.0,-30.0,-30.0,-30.0,-30.0,-12.8,-30.0,-30.0,-12.2,3.0,0.0,71,102.9,96061.7,102499.41,7.0,0.0,0.0,88.0,0.0,1.0,7.0,4.0,17.5,0.0,0.0,0,0,0,0.0,0,0,0,0,0,0,0,0,5GSA,Unknown_ReEstResult
41.10759,29.02321,-140.0,-140.0,-140.0,-75.5,-140.0,-140.0,-140.0,-140.0,-140.0,-30.0,-30.0,-30.0,-10.5,-30.0,-30.0,-30.0,-30.0,-30.0,28.1,0.0,71,95.4,97443.84,94388.21,2.6,0.0,0.0,25.0,0.0,1.0,2.6,4.0,17.5,0.0,0.0,0,0,0,0.0,0,0,0,0,0,0,0,0,5GSA,Unknown_ReEstResult
41.10767,29.02364,-140.0,-140.0,-140.0,-59.9,-140.0,-140.0,-140.0,-140.0,-140.0,-30.0,-30.0,-30.0,-10.3,-30.0,-30.0,-30.0,-30.0,-30.0,38.2,0.0,71,80.0,97315.86,110771.91,0.4,0.0,0.0,24.0,0.0,1.0,0.4,4.0,16.1,0.0,0.0,0,0,0,0.0,0,0,0,0,0,0,0,0,5GSA,Unknown_ReEstResult
41.10767,29.0262,-140.0,-140.0,-140.0,-99.1,-140.0,-140.0,-95.5,-140.0,-96.4,-30.0,-30.0,-30.0,-17.3,-30.0,-30.0,-13.0,-30.0,-13.5,1.3,0.0,71,113.8,97075.2,107160.99,13.3,11.0,0.0,75.0,0.0,1.0,13.3,4.0,18.1,0.0,14.0,0,0,0,0.0,0,0,0,0,0,0,0,0,5GSA,Unknown_ReEstResult
41.10778,29.02007,-140.0,-140.0,-140.0,-115.4,-111.3,-140.0,-140.0,-140.0,-140.0,-30.0,-30.0,-30.0,-16.4,-12.3,-30.0,-30.0,-30.0,-30.0,3.7,0.0,71,132.4,98632.64,101174.2,8.1,0.0,0.0,89.0,0.0,1.0,8.1,4.0,20.6,0.0,10.2,0,0,0,0.0,0,0,0,0,0,0,0,0,5GSA,Unknown_ReEstResult
41.10778,29.02618,-140.0,-140.0,-140.0,-93.4,-140.0,-140.0,-87.9,-140.0,-93.1,-30.0,-30.0,-30.0,-17.6,-30.0,-30.0,-11.6,-30.0,-16.3,-3.5,0.0,71,114.9,96650.19,93202.98,12.2,0.0,0.0,136.0,0.0,1.0,12.2,4.0,17.9,0.0,9.0,0,0,0,0.0,0,0,0,0,0,0,0,0,5GSA,Unknown_ReEstResult
41.10781,29.02616,-140.0,-140.0,-140.0,-94.0,-140.0,-140.0,-91.3,-140.0,-89.2,-30.0,-30.0,-30.0,-16.0,-30.0,-30.0,-13.1,-30.0,-13.4,-1.8,0.0,71,112.8,96419.84,93479.38,9.7,0.0,0.0,131.0,0.0,1.0,9.7,4.0,17.5,0.0,2.0,0,0,0,0.0,0,0,0,0,0,0,0,0,5GSA,Unknown_ReEstResult
41.10782,29.02529,-140.0,-140.0,-140.0,-86.5,-140.0,-140.0,-92.4,-140.0,-140.0,-30.0,-30.0,-30.0,-10.9,-30.0,-30.0,-16.9,-30.0,-30.0,10.8,0.0,71,107.0,96578.62,93128.99,9.9,0.0,0.0,99.0,0.0,1.0,9.9,4.0,17.5,0.0,0.0,0,0,0,0.0,0,0,0,0,0,0,0,0,5GSA,Unknown_ReEstResult
41.10789,29.02732,-140.0,-140.0,-140.0,-140.0,-140.0,-140.0,-65.5,-140.0,-74.5,-30.0,-30.0,-30.0,-30.0,-30.0,-30.0,-10.7,-30.0,-14.6,14.4,0.0,71,91.5,95032.13,84265.2,0.0,0.0,0.0,24.0,0.0,1.0,0.0,4.0,17.5,0.0,0.0,0,0,0,0.0,0,0,0,0,0,0,0,0,5GSA,Unknown_ReEstResult
41.1079,29.02645,-140.0,-140.0,-140.0,-96.9,-140.0,-140.0,-90.4,-140.0,-95.0,-30.0,-30.0,-30.0,-17.9,-30.0,-30.0,-11.4,-30.0,-15.1,7.1,0.0,71,112.0,95104.18,93229.91,13.7,0.0,0.0,96.0,0.0,1.0,13.7,4.0,17.5,0.0,1.1,0,0,0,0.0,0,0,0,0,0,0,0,0,5GSA,Unknown_ReEstResult
41.10791,29.02683,-140.0,-140.0,-140.0,-93.4,-140.0,-140.0,-85.2,-140.0,-140.0,-30.0,-30.0,-30.0,-18.8,-30.0,-30.0,-10.8,-30.0,-30.0,11.8,0.0,71,104.1,95001.78,93963.82,7.1,0.0,0.0,72.0,0.0,1.0,7.1,4.0,17.5,0.0,0.0,0,0,0,0.0,0,0,0,0,0,0,0,0,5GSA,Unknown_ReEstResult
41.10791,29.0273,-140.0,-140.0,-140.0,-140.0,-140.0,-140.0,-70.1,-140.0,-79.4,-30.0,-30.0,-30.0,-30.0,-30.0,-30.0,-11.4,-30.0,-17.5,9.8,0.0,71,89.5,97382.4,94275.48,0.4,0.0,0.0,24.0,0.0,1.0,0.4,4.0,17.5,0.0,0.0,0,0,0,0.0,0,0,0,0,0,0,0,0,5GSA,Unknown_ReEstResult
41.10794,29.02728,-140.0,-140.0,-140.0,-140.0,-140.0,-82.9,-74.3,-140.0,-70.2,-30.0,-30.0,-30.0,-30.0,-30.0,-22.8,-12.7,-30.0,-12.7,5.7,0.0,71,92.5,95539.2,77399.38,7.1,0.0,0.0,57.0,0.0,1.0,7.1,4.0,17.5,0.0,0.0,0,0,0,0.0,0,0,0,0,0,0,0,0,5GSA,Unknown_ReEstResult
41.10795,29.02743,-140.0,-140.0,-140.0,-140.0,-140.0,-140.0,-69.6,-140.0,-81.4,-30.0,-30.0,-30.0,-30.0,-30.0,-30.0,-10.9,-30.0,-22.1,14.7,0.0,71,86.3,95411.36,93721.86,4.8,0.0,0.0,66.0,0.0,1.0,4.8,4.0,17.5,0.0,0.0,0,0,0,0.0,0,0,0,0,0,0,0,0,5GSA,Unknown_ReEstResult
41.10798,29.02754,-140.0,-140.0,-140.0,-140.0,-140.0,-140.0,-66.9,-140.0,-80.9,-30.0,-30.0,-30.0,-30.0,-30.0,-30.0,-10.6,-30.0,-23.1,17.2,0.0,71,87.9,95349.93,92545.28,6.9,0.0,0.0,62.0,0.0,1.0,6.9,4.0,17.5,0.0,0.0,0,0,0,0.0,0,0,0,0,0,0,0,0,5GSA,Unknown_ReEstResult
41.10798,29.02909,-140.0,-140.0,-140.0,-140.0,-140.0,-87.1,-102.5,-140.0,-140.0,-30.0,-30.0,-30.0,-30.0,-30.0,-11.2,-22.8,-30.0,-30.0,9.6,0.0,71,102.6,96225.05,93063.98,10.4,0.0,0.0,97.0,0.0,1.0,10.4,4.0,17.5,0.0,0.0,0,0,0,0.0,0,0,0,0,0,0,0,0,5GSA,Unknown_ReEstResult
41.10803,29.02781,-140.0,-140.0,-140.0,-140.0,-140.0,-81.0,-72.4,-140.0,-140.0,-30.0,-30.0,-30.0,-30.0,-30.0,-16.2,-11.4,-30.0,-30.0,9.4,0.0,71,91.4,97991.7,93563.24,9.6,0.0,0.0,64.0,0.0,1.0,9.6,4.0,17.5,0.0,0.5,0,0,0,0.0,0,0,0,0,0,0,0,0,5GSA,Unknown_ReEstResult
41.10809,29.02846,-140.0,-140.0,-140.0,-140.0,-140.0,-79.2,-84.6,-140.0,-85.2,-30.0,-30.0,-30.0,-30.0,-30.0,-12.0,-16.2,-30.0,-16.6,7.3,0.0,71,94.2,97382.4,94200.79,4.5,0.0,0.0,68.0,0.0,1.0,4.5,4.0,17.5,0.0,0.5,0,0,0,0.0,0,0,0,0,0,0,0,0,5GSA,Unknown_ReEstResult
41.09895,29.0254,-140.0,-140.0,-140.0,-140.0,-136.4,-140.0,-140.0,-131.7,-140.0,-30.0,-30.0,-30.0,-30.0,-24.9,-30.0,-30.0,-19.8,-30.0,-7.9,0.0,72,152.8,4997.12,5765.55,9.8,81.0,0.0,240.0,0.0,1.0,9.8,4.0,22.5,0.0,51.0,0,0,0,0.0,0,0,0,0,0,0,0,0,5GSA,Unknown_ReEstResult
41.09896,29.02529,-140.0,-140.0,-140.0,-140.0,-139.6,-140.0,-140.0,-131.0,-140.0,-30.0,-30.0,-30.0,-30.0,-27.4,-30.0,-30.0,-19.6,-30.0,-8.6,0.0,72,150.2,8130.56,6653.94,4.5,114.0,0.0,222.0,0.0,1.0,4.5,4.0,22.5,0.0,46.5,0,0,0,0.0,0,0,0,0,0,0,0,0,5GSA,Unknown_ReEstResult
41.09943,29.0232,-140.0,-140.0,-140.0,-140.0,-140.0,-140.0,-127.9,-120.2,-140.0,-30.0,-30.0,-30.0,-30.0,-30.0,-30.0,-18.7,-12.6,-30.0,0.5,0.0,72,137.1,14827.52,22076.11,6.3,7.0,0.0,95.0,0.0,1.0,6.3,4.0,22.3,0.0,12.6,0,0,0,0.0,0,0,0,0,0,0,0,0,5GSA,Unknown_ReEstResult
41.10011,29.02182,-140.0,-140.0,-140.0,-140.0,-140.0,-140.0,-124.3,-120.3,-140.0,-30.0,-30.0,-30.0,-30.0,-30.0,-30.0,-16.8,-13.7,-30.0,-0.5,0.0,72,137.5,28037.12,28146.58,4.7,1.0,0.0,177.0,0.0,1.0,4.7,4.0,22.2,0.0,9.1,0,0,0,0.0,0,0,0,0,0,0,0,0,5GSA,Unknown_ReEstResult
41.1028,29.01759,-140.0,-115.4,-140.0,-140.0,-140.0,-140.0,-140.0,-119.2,-140.0,-30.0,-13.3,-30.0,-30.0,-30.0,-30.0,-30.0,-16.8,-30.0,3.3,0.0,72,134.9,97136.64,108540.33,10.5,0.0,0.0,169.0,0.0,1.0,10.5,4.0,21.5,0.0,13.2,0,0,0,0.0,0,0,0,0,0,0,0,0,5GSA,Unknown_ReEstResult
41.10303,29.01747,-140.0,-115.1,-140.0,-140.0,-140.0,-140.0,-140.0,-116.2,-140.0,-30.0,-13.7,-30.0,-30.0,-30.0,-30.0,-30.0,-14.4,-30.0,1.4,0.0,72,135.3,97361.92,93994.81,9.0,0.0,0.0,168.0,0.0,1.0,9.0,4.0,21.3,0.0,14.4,0,0,0,0.0,0,0,0,0,0,0,0,0,5GSA,Unknown_ReEstResult
41.10308,29.01743,-140.0,-114.6,-140.0,-140.0,-140.0,-140.0,-140.0,-115.4,-140.0,-30.0,-14.0,-30.0,-30.0,-30.0,-30.0,-30.0,-14.0,-30.0,0.8,0.0,72,134.6,97193.67,94281.68,8.8,0.0,0.0,169.0,0.0,1.0,8.8,4.0,21.3,0.0,8.7,0,0,0,0.0,0,0,0,0,0,0,0,0,5GSA,Unknown_ReEstResult
41.10355,29.01708,-140.0,-107.6,-140.0,-140.0,-140.0,-140.0,-140.0,-110.5,-140.0,-30.0,-12.2,-30.0,-30.0,-30.0,-30.0,-30.0,-13.8,-30.0,5.3,0.0,72,129.9,98447.36,98413.01,8.5,0.0,0.0,66.0,0.0,1.0,8.5,4.0,20.7,0.0,8.5,0,0,0,0.0,0,0,0,0,0,0,0,0,5GSA,Unknown_ReEstResult
41.10435,29.02009,-82.7,-76.8,-140.0,-140.0,-140.0,-140.0,-140.0,-140.0,-140.0,-16.1,-10.8,-30.0,-30.0,-30.0,-30.0,-30.0,-30.0,-30.0,14.7,0.0,72,96.9,97766.39,94838.38,0.0,0.0,0.0,24.0,0.0,1.0,0.0,4.0,17.5,0.0,0.0,0,0,0,0.0,0,0,0,0,0,0,0,0,5GSA,Unknown_ReEstResult
41.10436,29.02006,-84.9,-74.7,-140.0,-140.0,-140.0,-140.0,-140.0,-140.0,-140.0,-20.7,-10.6,-30.0,-30.0,-30.0,-30.0,-30.0,-30.0,-30.0,11.9,0.0,72,94.1,95349.88,92319.07,0.0,0.0,0.0,53.0,0.0,1.0,0.0,4.0,17.5,0.0,0.0,0,0,0,0.0,0,0,0,0,0,0,0,0,5GSA,Unknown_ReEstResult
41.10441,29.02042,-78.4,-73.2,-140.0,-140.0,-140.0,-140.0,-140.0,-140.0,-140.0,-16.5,-11.1,-30.0,-30.0,-30.0,-30.0,-30.0,-30.0,-30.0,10.2,0.0,72,92.1,97377.3,94318.35,0.0,0.0,0.0,24.0,0.0,1.0,0.0,4.0,17.5,0.0,0.0,0,0,0,0.0,0,0,0,0,0,0,0,0,5GSA,Unknown_ReEstResult
41.10455,29.02177,-64.4,-70.0,-140.0,-140.0,-140.0,-140.0,-140.0,-140.0,-140.0,-11.0,-16.3,-30.0,-30.0,-30.0,-30.0,-30.0,-30.0,-30.0,15.5,0.0,72,81.0,97361.92,93505.83,2.9,0.0,0.0,25.0,0.0,1.0,2.9,4.0,17.0,0.0,0.0,0,0,0,0.0,0,0,0,0,0,0,0,0,5GSA,Unknown_ReEstResult
41.10474,29.02325,-83.6,-122.5,-99.7,-140.0,-140.0,-140.0,-140.0,-89.7,-140.0,-12.4,-31.3,-21.5,-30.0,-30.0,-30.0,-30.0,-15.5,-30.0,5.0,0.0,72,103.0,96276.48,93083.48,10.5,0.0,0.0,153.0,0.0,1.0,10.5,4.0,17.5,0.0,1.0,0,0,0,0.0,0,0,0,0,0,0,0,0,5GSA,Unknown_ReEstResult
41.10479,29.02399,-102.0,-140.0,-140.0,-140.0,-140.0,-140.0,-140.0,-84.8,-140.0,-23.6,-30.0,-30.0,-30.0,-30.0,-30.0,-30.0,-11.2,-30.0,7.7,0.0,72,99.7,95779.94,93031.93,7.4,0.0,0.0,108.0,0.0,1.0,7.4,4.0,17.5,0.0,1.1,0,0,0,0.0,0,0,0,0,0,0,0,0,5GSA,Unknown_ReEstResult
41.10486,29.02296,-79.5,-140.0,-93.4,-140.0,-140.0,-140.0,-140.0,-93.1,-140.0,-11.1,-30.0,-19.3,-30.0,-30.0,-30.0,-30.0,-20.4,-30.0,20.2,0.0,72,98.3,95789.98,92345.77,4.8,0.0,0.0,58.0,0.0,1.0,4.8,4.0,17.5,0.0,0.0,0,0,0,0.0,0,0,0,0,0,0,0,0,5GSA,Unknown_ReEstResult
41.10489,29.01989,-140.0,-94.5,-96.0,-140.0,-140.0,-140.0,-140.0,-140.0,-140.0,-30.0,-11.7,-14.8,-30.0,-30.0,-30.0,-30.0,-30.0,-30.0,4.6,0.0,72,113.9,96834.52,93355.95,6.3,0.0,0.0,143.0,0.0,1.0,6.3,4.0,17.6,0.0,8.9,0,0,0,0.0,0,0,0,0,0,0,0,0,5GSA,Unknown_ReEstResult
41.10495,29.01589,-140.0,-140.0,-140.0,-140.0,-127.6,-140.0,-140.0,-121.5,-140.0,-30.0,-30.0,-30.0,-30.0,-20.2,-30.0,-30.0,-14.6,-30.0,-2.1,0.0,72,137.7,18411.52,24394.83,10.5,1.0,0.0,89.0,0.0,1.0,10.5,4.0,22.3,0.0,8.5,0,0,0,0.0,0,0,0,0,0,0,0,0,5GSA,Unknown_ReEstResult
41.10495,29.02456,-140.0,-140.0,-140.0,-140.0,-140.0,-140.0,-140.0,-80.8,-140.0,-30.0,-30.0,-30.0,-30.0,-30.0,-30.0,-30.0,-10.5,-30.0,15.2,0.0,72,98.2,95612.13,93284.52,0.0,0.0,0.0,100.0,0.0,1.0,0.0,4.0,17.5,0.0,0.9,0,0,0,0.0,0,0,0,0,0,0,0,0,5GSA,Unknown_ReEstResult
41.10497,29.02475,-140.0,-140.0,-140.0,-140.0,-140.0,-140.0,-140.0,-82.5,-140.0,-30.0,-30.0,-30.0,-30.0,-30.0,-30.0,-30.0,-10.5,-30.0,15.7,0.0,72,96.9,95498.24,92823.49,2.4,0.0,0.0,102.0,0.0,1.0,2.4,4.0,17.5,0.0,0.0,0,0,0,0.0,0,0,0,0,0,0,0,0,5GSA,Unknown_ReEstResult
41.10505,29.02292,-78.4,-140.0,-113.5,-140.0,-140.0,-140.0,-140.0,-118.6,-140.0,-11.3,-30.0,-28.1,-30.0,-30.0,-30.0,-30.0,-30.6,-30.0,25.8,0.0,72,96.8,95744.0,98363.23,7.8,0.0,0.0,63.0,0.0,1.0,7.8,4.0,17.5,0.0,0.0,0,0,0,0.0,0,0,0,0,0,0,0,0,5GSA,Unknown_ReEstResult
41.10517,29.02639,-140.0,-140.0,-140.0,-140.0,-140.0,-140.0,-140.0,-69.8,-140.0,-30.0,-30.0,-30.0,-30.0,-30.0,-30.0,-30.0,-10.4,-30.0,29.5,0.0,72,85.6,95436.8,92797.49,18.4,0.0,0.0,66.0,0.0,1.0,18.4,4.0,17.5,0.0,0.0,0,0,0,0.0,0,0,0,0,0,0,0,0,5GSA,Unknown_ReEstResult
41.10525,29.0156,-140.0,-140.0,-140.0,-140.0,-140.0,-140.0,-140.0,-120.7,-125.6,-30.0,-30.0,-30.0,-30.0,-30.0,-30.0,-30.0,-14.6,-19.6,-2.4,0.0,72,138.0,26009.6,20927.34,11.1,6.0,0.0,121.0,0.0,1.0,11.1,4.0,22.2,0.0,10.1,0,0,0,0.0,0,0,0,0,0,0,0,0,5GSA,Unknown_ReEstResult
41.10528,29.02661,-140.0,-140.0,-140.0,-140.0,-140.0,-140.0,-140.0,-78.5,-140.0,-30.0,-30.0,-30.0,-30.0,-30.0,-30.0,-30.0,-10.4,-30.0,25.3,0.0,72,95.2,94847.85,92501.77,8.5,0.0,0.0,60.0,0.0,1.0,8.5,4.0,17.5,0.0,0.0,0,0,0,0.0,0,0,0,0,0,0,0,0,5GSA,Unknown_ReEstResult
41.1053,29.02663,-140.0,-140.0,-140.0,-140.0,-140.0,-140.0,-140.0,-77.7,-140.0,-30.0,-30.0,-30.0,-30.0,-30.0,-30.0,-30.0,-10.4,-30.0,25.4,0.0,72,93.7,96143.12,94113.43,2.5,0.0,0.0,64.0,0.0,1.0,2.5,4.0,17.5,0.0,0.0,0,0,0,0.0,0,0,0,0,0,0,0,0,5GSA,Unknown_ReEstResult
41.10603,29.02151,-140.0,-140.0,-72.2,-140.0,-140.0,-140.0,-140.0,-140.0,-140.0,-30.0,-30.0,-10.4,-30.0,-30.0,-30.0,-30.0,-30.0,-30.0,30.6,0.0,72,95.1,97505.28,93608.99,0.3,0.0,0.0,24.0,0.0,1.0,0.3,4.0,17.5,0.0,0.0,0,0,0,0.0,0,0,0,0,0,0,0,0,5GSA,Unknown_ReEstResult
41.10623,29.02792,-140.0,-140.0,-140.0,-140.0,-140.0,-110.1,-140.0,-140.0,-81.1,-30.0,-30.0,-30.0,-30.0,-30.0,-28.9,-30.0,-30.0,-10.5,23.2,0.0,72,94.4,97198.08,94313.74,4.5,0.0,0.0,74.0,0.0,1.0,4.5,4.0,17.5,0.0,0.0,0,0,0,0.0,0,0,0,0,0,0,0,0,5GSA,Unknown_ReEstResult
41.10624,29.02162,-140.0,-140.0,-81.5,-140.0,-88.9,-140.0,-140.0,-140.0,-140.0,-30.0,-30.0,-11.2,-30.0,-14.8,-30.0,-30.0,-30.0,-30.0,20.0,0.0,72,105.7,97443.84,94629.65,3.7,0.0,0.0,29.0,0.0,1.0,3.7,4.0,17.5,0.0,0.0,0,0,0,0.0,0,0,0,0,0,0,0,0,5GSA,Unknown_ReEstResult
41.10627,29.02779,-140.0,-140.0,-140.0,-140.0,-140.0,-140.0,-140.0,-140.0,-72.1,-30.0,-30.0,-30.0,-30.0,-30.0,-30.0,-30.0,-30.0,-10.4,28.8,0.0,72,88.9,95723.52,92921.59,8.7,0.0,0.0,57.0,0.0,1.0,8.7,4.0,17.5,0.0,2.2,0,0,0,0.0,0,0,0,0,0,0,0,0,5GSA,Unknown_ReEstResult
41.1063,29.02644,-140.0,-140.0,-140.0,-140.0,-140.0,-140.0,-101.2,-102.7,-98.8,-30.0,-30.0,-30.0,-30.0,-30.0,-30.0,-14.8,-17.3,-13.6,1.1,0.0,72,117.2,96578.62,93847.48,5.5,0.0,0.0,162.0,0.0,1.0,5.5,4.0,20.0,0.0,8.1,0,0,0,0.0,0,0,0,0,0,0,0,0,5GSA,Unknown_ReEstResult
41.10631,29.02261,-140.0,-140.0,-89.8,-140.0,-83.2,-140.0,-140.0,-140.0,-140.0,-30.0,-30.0,-17.3,-30.0,-11.6,-30.0,-30.0,-30.0,-30.0,9.7,0.0,72,101.1,96670.66,86897.59,3.5,0.0,0.0,72.0,0.0,1.0,3.5,4.0,17.5,0.0,0.0,0,0,0,0.0,0,0,0,0,0,0,0,0,5GSA,Unknown_ReEstResult
41.10633,29.02645,-140.0,-140.0,-140.0,-140.0,-140.0,-140.0,-96.6,-102.3,-98.8,-30.0,-30.0,-30.0,-30.0,-30.0,-30.0,-11.9,-16.7,-14.0,0.9,0.0,72,118.6,96988.2,93828.34,9.2,0.0,0.0,170.0,0.0,1.0,9.2,4.0,19.8,0.0,9.6,0,0,0,0.0,0,0,0,0,0,0,0,0,5GSA,Unknown_ReEstResult
41.10637,29.02813,-140.0,-140.0,-140.0,-140.0,-140.0,-92.6,-140.0,-140.0,-83.4,-30.0,-30.0,-30.0,-30.0,-30.0,-19.2,-30.0,-30.0,-10.8,14.2,0.0,72,98.8,95667.09,92826.73,9.6,0.0,0.0,74.0,0.0,1.0,9.6,4.0,17.5,0.0,0.0,0,0,0,0.0,0,0,0,0,0,0,0,0,5GSA,Unknown_ReEstResult
41.10644,29.01586,-140.0,-140.0,-140.0,-122.0,-120.0,-140.0,-140.0,-115.8,-118.1,-30.0,-30.0,-30.0,-19.4,-17.6,-30.0,-30.0,-14.0,-15.6,-3.5,0.0,72,136.3,98426.88,94919.08,9.6,0.0,0.0,175.0,0.0,1.0,9.6,4.0,21.3,0.0,12.2,0,0,0,0.0,0,0,0,0,0,0,0,0,5GSA,Unknown_ReEstResult
41.10644,29.02258,-140.0,-140.0,-124.6,-140.0,-82.9,-140.0,-140.0,-140.0,-140.0,-30.0,-30.0,-32.4,-30.0,-10.7,-30.0,-30.0,-30.0,-30.0,16.3,0.0,72,101.3,93885.24,91467.23,0.3,0.0,0.0,73.0,0.0,1.0,0.3,4.0,17.5,0.0,0.0,0,0,0,0.0,0,0,0,0,0,0,0,0,5GSA,Unknown_ReEstResult
41.10646,29.02812,-140.0,-140.0,-140.0,-140.0,-140.0,-93.6,-140.0,-140.0,-82.0,-30.0,-30.0,-30.0,-30.0,-30.0,-18.8,-30.0,-30.0,-10.8,13.7,0.0,72,97.4,95667.05,92687.46,7.1,0.0,0.0,77.0,0.0,1.0,7.1,4.0,17.5,0.0,0.0,0,0,0,0.0,0,0,0,0,0,0,0,0,5GSA,Unknown_ReEstResult
41.10668,29.01619,-140.0,-140.0,-140.0,-140.0,-123.1,-140.0,-140.0,-116.8,-117.5,-30.0,-30.0,-30.0,-30.0,-20.9,-30.0,-30.0,-15.1,-15.9,-6.1,0.0,72,140.6,98022.38,95554.87,13.8,0.0,0.0,138.0,0.0,1.0,13.8,4.0,20.9,0.0,8.0,0,0,0,0.0,0,0,0,0,0,0,0,0,5GSA,Unknown_ReEstResult
41.10679,29.01636,-140.0,-140.0,-140.0,-140.0,-114.4,-140.0,-140.0,-120.2,-119.4,-30.0,-30.0,-30.0,-30.0,-13.3,-30.0,-30.0,-18.6,-17.5,-0.6,0.0,72,139.7,63488.0,84714.81,8.4,0.0,0.0,104.0,0.0,1.0,8.4,4.0,20.9,0.0,14.8,0,0,0,0.0,0,0,0,0,0,0,0,0,5GSA,Unknown_ReEstResult
41.10702,29.01689,-140.0,-140.0,-140.0,-119.3,-120.8,-140.0,-140.0,-117.5,-118.0,-30.0,-30.0,-30.0,-17.0,-19.3,-30.0,-30.0,-15.4,-16.0,-3.7,0.0,72,137.0,98570.24,95465.25,8.8,0.0,0.0,154.0,0.0,1.0,8.8,4.0,21.5,0.0,12.2,0,0,0,0.0,0,0,0,0,0,0,0,0,5GSA,Unknown_ReEstResult
41.10718,29.02917,-140.0,-140.0,-140.0,-140.0,-140.0,-87.4,-140.0,-140.0,-85.9,-30.0,-30.0,-30.0,-30.0,-30.0,-12.0,-30.0,-30.0,-12.0,5.1,0.0,72,103.3,95421.32,92994.13,8.3,0.0,0.0,99.0,0.0,1.0,8.3,4.0,17.5,0.0,0.0,0,0,0,0.0,0,0,0,0,0,0,0,0,5GSA,Unknown_ReEstResult
41.10724,29.02944,-140.0,-140.0,-140.0,-140.0,-140.0,-90.7,-140.0,-140.0,-96.5,-30.0,-30.0,-30.0,-30.0,-30.0,-11.6,-30.0,-30.0,-15.9,9.1,0.0,72,104.5,97751.04,94085.9,9.1,0.0,0.0,51.0,0.0,1.0,9.1,4.0,17.5,0.0,0.0,0,0,0,0.0,0,0,0,0,0,0,0,0,5GSA,Unknown_ReEstResult
41.10725,29.02941,-140.0,-140.0,-140.0,-140.0,-140.0,-91.9,-140.0,-140.0,-95.0,-30.0,-30.0,-30.0,-30.0,-30.0,-12.1,-30.0,-30.0,-14.3,4.8,0.0,72,108.0,98554.92,94721.27,9.2,0.0,0.0,52.0,0.0,1.0,9.2,4.0,17.5,0.0,0.0,0,0,0,0.0,0,0,0,0,0,0,0,0,5GSA,Unknown_ReEstResult
41.10728,29.02934,-140.0,-140.0,-140.0,-140.0,-140.0,-91.3,-140.0,-140.0,-91.8,-30.0,-30.0,-30.0,-30.0,-30.0,-12.6,-30.0,-30.0,-13.2,4.4,0.0,72,106.6,97587.2,94472.46,7.9,0.0,0.0,49.0,0.0,1.0,7.9,4.0,17.5,0.0,0.0,0,0,0,0.0,0,0,0,0,0,0,0,0,5GSA,Unknown_ReEstResult
41.10731,29.01819,-140.0,-126.9,-120.2,-140.0,-119.7,-140.0,-140.0,-122.4,-118.3,-30.0,-22.4,-16.6,-30.0,-17.5,-30.0,-30.0,-19.9,-15.9,-5.6,0.0,72,144.0,98877.44,94864.8,9.6,0.0,0.0,132.0,0.0,1.0,9.6,4.0,20.9,0.0,7.8,0,0,0,0.0,0,0,0,0,0,0,0,0,5GSA,Unknown_ReEstResult
41.10744,29.02186,-140.0,-140.0,-140.0,-140.0,-77.9,-140.0,-140.0,-140.0,-140.0,-30.0,-30.0,-30.0,-30.0,-10.5,-30.0,-30.0,-30.0,-30.0,25.7,0.0,72,95.4,97320.96,91084.38,9.8,0.0,0.0,28.0,0.0,1.0,9.8,4.0,17.5,0.0,0.0,0,0,0,0.0,0,0,0,0,0,0,0,0,5GSA,Unknown_ReEstResult
41.10746,29.02187,-140.0,-140.0,-140.0,-88.2,-79.4,-140.0,-140.0,-140.0,-140.0,-30.0,-30.0,-30.0,-16.1,-10.5,-30.0,-30.0,-30.0,-30.0,16.9,0.0,72,97.1,96235.52,93235.89,6.9,0.0,0.0,64.0,0.0,1.0,6.9,4.0,17.5,0.0,0.0,0,0,0,0.0,0,0,0,0,0,0,0,0,5GSA,Unknown_ReEstResult
41.10748,29.0219,-140.0,-140.0,-140.0,-140.0,-77.4,-140.0,-140.0,-140.0,-140.0,-30.0,-30.0,-30.0,-30.0,-10.6,-30.0,-30.0,-30.0,-30.0,18.9,0.0,72,96.1,95395.84,92621.8,4.0,0.0,0.0,60.0,0.0,1.0,4.0,4.0,17.5,0.0,0.0,0,0,0,0.0,0,0,0,0,0,0,0,0,5GSA,Unknown_ReEstResult
41.10752,29.0228,-140.0,-140.0,-140.0,-86.9,-88.9,-140.0,-140.0,-140.0,-140.0,-30.0,-30.0,-30.0,-11.6,-13.9,-30.0,-30.0,-30.0,-30.0,6.5,0.0,72,106.1,95349.88,92488.83,2.1,0.0,0.0,72.0,0.0,1.0,2.1,4.0,17.5,0.0,0.0,0,0,0,0.0,0,0,0,0,0,0,0,0,5GSA,Unknown_ReEstResult
41.10754,29.02308,-140.0,-140.0,-140.0,-75.9,-83.7,-140.0,-140.0,-140.0,-140.0,-30.0,-30.0,-30.0,-10.4,-19.0,-30.0,-30.0,-30.0,-30.0,24.3,0.0,72,99.0,95227.01,91728.78,13.7,0.0,0.0,69.0,0.0,1.0,13.7,4.0,17.5,0.0,0.0,0,0,0,0.0,0,0,0,0,0,0,0,0,5GSA,Unknown_ReEstResult
41.10758,29.022,-140.0,-140.0,-140.0,-88.5,-81.9,-140.0,-140.0,-140.0,-140.0,-30.0,-30.0,-30.0,-16.8,-10.9,-30.0,-30.0,-30.0,-30.0,10.2,0.0,72,99.6,95867.59,92612.23,2.7,0.0,0.0,71.0,0.0,1.0,2.7,4.0,17.5,0.0,0.0,0,0,0,0.0,0,0,0,0,0,0,0,0,5GSA,Unknown_ReEstResult
41.10766,29.02369,-140.0,-140.0,-140.0,-60.8,-140.0,-140.0,-140.0,-140.0,-140.0,-30.0,-30.0,-30.0,-10.3,-30.0,-30.0,-30.0,-30.0,-30.0,36.8,0.0,72,87.9,69471.77,80248.64,1.6,0.0,0.0,22.0,0.0,1.0,1.6,4.0,17.5,0.0,0.0,0,0,0,0.0,0,0,0,0,0,0,0,0,5GSA,Unknown_ReEstResult
41.10768,29.02231,-140.0,-140.0,-140.0,-87.0,-84.5,-140.0,-140.0,-140.0,-140.0,-30.0,-30.0,-30.0,-13.8,-11.4,-30.0,-30.0,-30.0,-30.0,8.4,0.0,72,104.9,95467.84,93843.29,13.0,0.0,0.0,86.0,0.0,1.0,13.0,4.0,17.5,0.0,0.0,0,0,0,0.0,0,0,0,0,0,0,0,0,5GSA,Unknown_ReEstResult
41.10778,29.02561,-140.0,-140.0,-140.0,-91.6,-140.0,-140.0,-90.2,-140.0,-95.5,-30.0,-30.0,-30.0,-12.1,-30.0,-30.0,-14.3,-30.0,-16.4,4.6,0.0,72,109.0,96455.74,93093.89,7.4,0.0,0.0,97.0,0.0,1.0,7.4,4.0,17.5,0.0,0.7,0,0,0,0.0,0,0,0,0,0,0,0,0,5GSA,Unknown_ReEstResult
41.1078,29.02599,-140.0,-140.0,-140.0,-93.8,-140.0,-140.0,-85.9,-140.0,-89.6,-30.0,-30.0,-30.0,-17.1,-30.0,-30.0,-12.6,-30.0,-13.7,3.4,0.0,72,104.5,96092.16,93585.67,35.6,0.0,0.0,88.0,0.0,1.0,35.6,4.0,17.5,0.0,1.2,0,0,0,0.0,0,0,0,0,0,0,0,0,5GSA,Unknown_ReEstResult
41.10782,29.02591,-140.0,-140.0,-140.0,-90.8,-140.0,-140.0,-91.0,-140.0,-88.4,-30.0,-30.0,-30.0,-14.4,-30.0,-30.0,-16.4,-30.0,-12.1,-0.5,0.0,72,108.9,97136.64,94672.4,11.0,0.0,0.0,116.0,0.0,1.0,11.0,4.0,17.5,0.0,0.0,0,0,0,0.0,0,0,0,0,0,0,0,0,5GSA,Unknown_ReEstResult
41.10782,29.02615,-140.0,-140.0,-140.0,-92.9,-140.0,-140.0,-90.9,-140.0,-88.5,-30.0,-30.0,-30.0,-16.1,-30.0,-30.0,-15.1,-30.0,-11.9,-4.4,0.0,72,114.3,94807.59,92779.0,9.6,0.0,0.0,125.0,0.0,1.0,9.6,4.0,18.0,0.0,6.6,0,0,0,0.0,0,0,0,0,0,0,0,0,5GSA,Unknown_ReEstResult
41.10786,29.0252,-140.0,-140.0,-140.0,-90.0,-140.0,-140.0,-94.5,-140.0,-140.0,-30.0,-30.0,-30.0,-10.6,-30.0,-30.0,-17.7,-30.0,-30.0,15.6,0.0,72,107.7,96220.08,93197.02,6.2,0.0,0.0,95.0,0.0,1.0,6.2,4.0,17.5,0.0,0.0,0,0,0,0.0,0,0,0,0,0,0,0,0,5GSA,Unknown_ReEstResult
41.10787,29.02544,-140.0,-140.0,-140.0,-92.3,-140.0,-140.0,-96.7,-140.0,-140.0,-30.0,-30.0,-30.0,-11.7,-30.0,-30.0,-13.3,-30.0,-30.0,6.9,0.0,72,111.2,96337.92,92912.61,9.1,0.0,0.0,107.0,0.0,1.0,9.1,4.0,17.5,0.0,1.7,0,0,0,0.0,0,0,0,0,0,0,0,0,5GSA,Unknown_ReEstResult
41.10788,29.02237,-140.0,-140.0,-140.0,-87.1,-86.8,-140.0,-140.0,-140.0,-140.0,-30.0,-30.0,-30.0,-13.4,-12.0,-30.0,-30.0,-30.0,-30.0,0.7,0.0,72,111.4,97244.09,94591.05,2.1,0.0,0.0,76.0,0.0,1.0,2.1,4.0,17.5,0.0,0.0,0,0,0,0.0,0,0,0,0,0,0,0,0,5GSA,Unknown_ReEstResult
41.1079,29.02485,-140.0,-140.0,-140.0,-77.9,-140.0,-140.0,-140.0,-140.0,-140.0,-30.0,-30.0,-30.0,-10.4,-30.0,-30.0,-30.0,-30.0,-30.0,24.8,0.0,72,100.3,97684.48,94157.96,5.5,0.0,0.0,31.0,0.0,1.0,5.5,4.0,17.5,0.0,0.0,0,0,0,0.0,0,0,0,0,0,0,0,0,5GSA,Unknown_ReEstResult
41.1079,29.02732,-140.0,-140.0,-140.0,-140.0,-140.0,-140.0,-69.3,-140.0,-73.6,-30.0,-30.0,-30.0,-30.0,-30.0,-30.0,-11.5,-30.0,-15.3,12.2,0.0,72,88.0,97505.28,94581.34,0.4,0.0,0.0,24.0,0.0,1.0,0.4,4.0,17.5,0.0,0.0,0,0,0,0.0,0,0,0,0,0,0,0,0,5GSA,Unknown_ReEstResult
41.10791,29.02714,-140.0,-140.0,-140.0,-140.0,-140.0,-91.3,-72.9,-140.0,-86.3,-30.0,-30.0,-30.0,-30.0,-30.0,-19.4,-10.8,-30.0,-17.6,11.3,0.0,72,93.2,97116.16,95604.93,2.6,0.0,0.0,25.0,0.0,1.0,2.6,4.0,17.5,0.0,0.0,0,0,0,0.0,0,0,0,0,0,0,0,0,5GSA,Unknown_ReEstResult
41.10795,29.02225,-140.0,-140.0,-140.0,-90.5,-86.8,-140.0,-140.0,-140.0,-140.0,-30.0,-30.0,-30.0,-13.5,-11.2,-30.0,-30.0,-30.0,-30.0,1.3,0.0,72,112.4,96189.56,93222.31,9.2,0.0,0.0,149.0,0.0,1.0,9.2,4.0,17.5,0.0,0.5,0,0,0,0.0,0,0,0,0,0,0,0,0,5GSA,Unknown_ReEstResult
41.10795,29.02735,-140.0,-140.0,-140.0,-140.0,-140.0,-140.0,-68.8,-140.0,-76.6,-30.0,-30.0,-30.0,-30.0,-30.0,-30.0,-10.9,-30.0,-17.6,9.3,0.0,72,91.3,96481.28,108505.69,14.0,0.0,0.0,64.0,0.0,1.0,14.0,4.0,17.5,0.0,0.0,0,0,0,0.0,0,0,0,0,0,0,0,0,5GSA,Unknown_ReEstResult
41.10799,29.02207,-140.0,-140.0,-140.0,-88.3,-89.0,-140.0,-140.0,-140.0,-140.0,-30.0,-30.0,-30.0,-11.5,-12.9,-30.0,-30.0,-30.0,-30.0,3.7,0.0,72,109.6,95682.56,93495.59,12.7,0.0,0.0,127.0,0.0,1.0,12.7,4.0,17.5,0.0,0.5,0,0,0,0.0,0,0,0,0,0,0,0,0,5GSA,Unknown_ReEstResult
41.108,29.02906,-140.0,-140.0,-140.0,-140.0,-140.0,-84.8,-92.5,-140.0,-140.0,-30.0,-30.0,-30.0,-30.0,-30.0,-10.7,-18.6,-30.0,-30.0,11.2,0.0,72,102.2,95728.49,92904.42,4.0,0.0,0.0,92.0,0.0,1.0,4.0,4.0,17.5,0.0,0.0,0,0,0,0.0,0,0,0,0,0,0,0,0,5GSA,Unknown_ReEstResult
41.10803,29.02167,-140.0,-140.0,-140.0,-94.2,-91.2,-140.0,-140.0,-140.0,-140.0,-30.0,-30.0,-30.0,-12.6,-11.9,-30.0,-30.0,-30.0,-30.0,7.4,0.0,72,109.4,95852.45,93420.67,7.6,4.0,0.0,93.0,0.0,1.0,7.6,4.0,17.5,0.0,0.0,0,0,0,0.0,0,0,0,0,0,0,0,0,5GSA,Unknown_ReEstResult
41.10805,29.02881,-140.0,-140.0,-140.0,-140.0,-140.0,-83.2,-91.8,-140.0,-92.1,-30.0,-30.0,-30.0,-30.0,-30.0,-11.3,-19.1,-30.0,-21.4,11.2,0.0,72,97.2,95349.93,92924.19,12.2,0.0,0.0,66.0,0.0,1.0,12.2,4.0,17.5,0.0,0.0,0,0,0,0.0,0,0,0,0,0,0,0,0,5GSA,Unknown_ReEstResult
41.10806,29.02872,-140.0,-140.0,-140.0,-140.0,-140.0,-81.1,-91.0,-140.0,-140.0,-30.0,-30.0,-30.0,-30.0,-30.0,-10.8,-17.3,-30.0,-30.0,9.6,0.0,72,99.0,96296.96,92639.68,5.4,0.0,0.0,65.0,0.0,1.0,5.4,4.0,17.5,0.0,0.0,0,0,0,0.0,0,0,0,0,0,0,0,0,5GSA,Unknown_ReEstResult
41.10807,29.02864,-140.0,-140.0,-140.0,-140.0,-140.0,-79.9,-93.8,-140.0,-91.0,-30.0,-30.0,-30.0,-30.0,-30.0,-10.8,-20.9,-30.0,-22.0,10.2,0.0,72,96.3,95641.6,94009.69,8.5,0.0,0.0,62.0,0.0,1.0,8.5,4.0,17.5,0.0,0.0,0,0,0,0.0,0,0,0,0,0,0,0,0,5GSA,Unknown_ReEstResult
41.09937,29.02367,-140.0,-140.0,-140.0,-140.0,-140.0,-140.0,-140.0,-123.5,-140.0,-30.0,-30.0,-30.0,-30.0,-30.0,-30.0,-30.0,-13.9,-30.0,-0.9,0.0,73,139.5,12615.68,12832.9,8.0,6.0,0.0,91.0,0.0,1.0,8.0,4.0,22.3,0.0,10.6,0,0,0,0.0,0,0,0,0,0,0,0,0,5GSA,Unknown_ReEstResult
41.09973,29.03077,-140.0,-140.0,-140.0,-140.0,-140.0,-140.0,-140.0,-140.0,-140.0,-30.0,-30.0,-30.0,-30.0,-30.0,-30.0,-30.0,-30.0,-30.0,12.8,0.0,73,150.0,0.0,51975.12,0.0,0.0,0.0,0.0,0.0,1.0,0.0,4.0,0.0,0.0,0.0,0,0,0,0.0,0,0,0,0,0,0,0,0,5GSA,Unknown_ReEstResult
41.10044,29.02141,-140.0,-140.0,-140.0,-140.0,-140.0,-140.0,-121.3,-117.5,-140.0,-30.0,-30.0,-30.0,-30.0,-30.0,-30.0,-16.0,-12.9,-30.0,0.0,0.0,73,133.9,65105.92,38668.73,3.0,20.0,0.0,268.0,0.0,1.0,3.0,4.0,22.2,0.0,13.0,0,0,0,0.0,0,0,0,0,0,0,0,0,5GSA,Unknown_ReEstResult
41.10117,29.01947,-140.0,-140.0,-116.6,-140.0,-140.0,-140.0,-120.0,-118.2,-140.0,-30.0,-30.0,-14.8,-30.0,-30.0,-30.0,-16.8,-15.1,-30.0,-2.4,0.0,73,136.5,37070.73,31718.94,16.9,7.0,0.0,244.0,0.0,1.0,16.9,4.0,22.1,0.0,11.0,0,0,0,0.0,0,0,0,0,0,0,0,0,5GSA,Unknown_ReEstResult
41.10137,29.0188,-140.0,-140.0,-138.9,-140.0,-140.0,-140.0,-125.2,-122.9,-140.0,-30.0,-30.0,-29.7,-30.0,-30.0,-30.0,-17.8,-15.6,-30.0,-6.7,0.0,73,143.1,12943.36,12139.85,5.1,0.0,0.0,110.0,0.0,1.0,5.1,4.0,22.4,0.0,13.4,0,0,0,0.0,0,0,0,0,0,0,0,0,5GSA,Unknown_ReEstResult
41.10144,29.0187,-140.0,-140.0,-125.2,-140.0,-140.0,-140.0,-124.8,-123.6,-140.0,-30.0,-30.0,-18.6,-30.0,-30.0,-30.0,-17.5,-15.9,-30.0,-5.1,0.0,73,140.7,9360.0,11503.69,3.2,12.0,0.0,94.0,0.0,1.0,3.2,4.0,22.3,0.0,14.0,0,0,0,0.0,0,0,0,0,0,0,0,0,5GSA,Unknown_ReEstResult
41.10151,29.0186,-140.0,-140.0,-137.2,-140.0,-140.0,-140.0,-127.5,-124.8,-140.0,-30.0,-30.0,-27.2,-30.0,-30.0,-30.0,-19.5,-16.4,-30.0,-7.4,0.0,73,143.5,12984.32,10503.61,32.5,0.0,0.0,156.0,0.0,1.0,32.5,4.0,22.4,0.0,15.5,0,0,0,0.0,0,0,0,0,0,0,0,0,5GSA,Unknown_ReEstResult
41.10159,29.0185,-140.0,-140.0,-140.0,-140.0,-140.0,-140.0,-126.7,-122.6,-140.0,-30.0,-30.0,-30.0,-30.0,-30.0,-30.0,-18.3,-15.5,-30.0,-5.8,0.0,73,140.2,9994.76,12050.82,5.8,3.0,0.0,145.0,0.0,1.0,5.8,4.0,22.4,0.0,10.0,0,0,0,0.0,0,0,0,0,0,0,0,0,5GSA,Unknown_ReEstResult
41.1019,29.01818,-140.0,-121.2,-124.0,-140.0,-123.1,-140.0,-140.0,-123.4,-140.0,-30.0,-16.8,-19.2,-30.0,-18.4,-30.0,-30.0,-18.5,-30.0,-4.1,0.0,73,142.8,12328.32,11556.42,16.9,0.0,0.0,89.0,0.0,1.0,16.9,4.0,22.3,0.0,9.5,0,0,0,0.0,0,0,0,0,0,0,0,0,5GSA,Unknown_ReEstResult
41.10263,29.01768,-140.0,-122.6,-140.0,-140.0,-140.0,-140.0,-133.0,-124.2,-140.0,-30.0,-15.4,-30.0,-30.0,-30.0,-30.0,-25.2,-17.4,-30.0,-2.8,0.0,73,143.7,14172.16,24738.44,9.3,0.0,0.0,68.0,0.0,1.0,9.3,4.0,22.3,0.0,12.0,0,0,0,0.0,0,0,0,0,0,0,0,0,5GSA,Unknown_ReEstResult
41.10269,29.01763,-140.0,-121.9,-140.0,-140.0,-140.0,-140.0,-133.2,-125.2,-140.0,-30.0,-15.0,-30.0,-30.0,-30.0,-30.0,-24.7,-18.4,-30.0,-2.3,0.0,73,142.5,29409.28,80993.77,10.3,1.0,0.0,74.0,0.0,1.0,10.3,4.0,22.3,0.0,8.0,0,0,0,0.0,0,0,0,0,0,0,0,0,5GSA,Unknown_ReEstResult
41.10314,29.0174,-140.0,-113.9,-140.0,-140.0,-140.0,-140.0,-140.0,-112.4,-140.0,-30.0,-14.8,-30.0,-30.0,-30.0,-30.0,-30.0,-13.0,-30.0,1.1,0.0,73,132.3,96322.45,93924.09,7.9,0.0,0.0,174.0,0.0,1.0,7.9,4.0,21.2,0.0,13.2,0,0,0,0.0,0,0,0,0,0,0,0,0,5GSA,Unknown_ReEstResult
41.10325,29.01732,-140.0,-110.3,-140.0,-140.0,-140.0,-140.0,-140.0,-109.1,-140.0,-30.0,-14.9,-30.0,-30.0,-30.0,-30.0,-30.0,-12.6,-30.0,1.1,0.0,73,129.8,97361.92,93795.57,12.7,0.0,0.0,167.0,0.0,1.0,12.7,4.0,20.8,0.0,9.9,0,0,0,0.0,0,0,0,0,0,0,0,0,5GSA,Unknown_ReEstResult
41.10354,29.01709,-140.0,-111.4,-140.0,-140.0,-140.0,-140.0,-140.0,-109.0,-140.0,-30.0,-14.9,-30.0,-30.0,-30.0,-30.0,-30.0,-12.8,-30.0,2.4,0.0,73,127.7,98595.85,96623.66,9.9,0.0,0.0,72.0,0.0,1.0,9.9,4.0,20.7,0.0,9.6,0,0,0,0.0,0,0,0,0,0,0,0,0,5GSA,Unknown_ReEstResult
41.10366,29.01699,-140.0,-114.5,-140.0,-140.0,-140.0,-140.0,-140.0,-117.1,-140.0,-30.0,-13.6,-30.0,-30.0,-30.0,-30.0,-30.0,-15.2,-30.0,-1.3,0.0,73,132.6,98406.4,93119.3,9.0,0.0,0.0,118.0,0.0,1.0,9.0,4.0,21.9,0.0,9.0,0,0,0,0.0,0,0,0,0,0,0,0,0,5GSA,Unknown_ReEstResult
41.10393,29.01679,-123.1,-116.5,-140.0,-140.0,-140.0,-140.0,-140.0,-120.3,-140.0,-18.7,-13.6,-30.0,-30.0,-30.0,-30.0,-30.0,-17.2,-30.0,-5.4,0.0,73,137.1,31416.32,27434.13,5.1,0.0,0.0,84.0,0.0,1.0,5.1,4.0,22.2,0.0,9.5,0,0,0,0.0,0,0,0,0,0,0,0,0,5GSA,Unknown_ReEstResult
41.10436,29.02004,-95.5,-72.6,-140.0,-140.0,-140.0,-140.0,-140.0,-140.0,-140.0,-25.9,-10.6,-30.0,-30.0,-30.0,-30.0,-30.0,-30.0,-30.0,15.5,0.0,73,93.8,95186.05,92377.04,0.0,0.0,0.0,55.0,0.0,1.0,0.0,4.0,17.5,0.0,0.0,0,0,0,0.0,0,0,0,0,0,0,0,0,5GSA,Unknown_ReEstResult
41.10442,29.01639,-140.0,-121.6,-140.0,-140.0,-140.0,-140.0,-140.0,-125.6,-140.0,-30.0,-14.4,-30.0,-30.0,-30.0,-30.0,-30.0,-17.4,-30.0,-8.1,0.0,73,143.1,16467.42,16490.42,2.3,16.0,0.0,119.0,0.0,1.0,2.3,4.0,22.3,0.0,16.4,0,0,0,0.0,0,0,0,0,0,0,0,0,5GSA,Unknown_ReEstResult
41.10447,29.01632,-140.0,-124.8,-140.0,-140.0,-141.4,-140.0,-140.0,-126.4,-140.0,-30.0,-16.1,-30.0,-30.0,-30.7,-30.0,-30.0,-17.4,-30.0,-8.6,0.0,73,145.3,15461.6,15552.05,10.9,8.0,0.0,113.0,0.0,1.0,10.9,4.0,22.4,0.0,16.1,0,0,0,0.0,0,0,0,0,0,0,0,0,5GSA,Unknown_ReEstResult
41.10451,29.02121,-71.8,-63.2,-140.0,-140.0,-140.0,-140.0,-140.0,-140.0,-140.0,-20.5,-10.7,-30.0,-30.0,-30.0,-30.0,-30.0,-30.0,-30.0,19.3,0.0,73,83.2,97326.05,94315.41,0.0,0.0,0.0,24.0,0.0,1.0,0.0,4.0,17.5,0.0,0.0,0,0,0,0.0,0,0,0,0,0,0,0,0,5GSA,Unknown_ReEstResult
41.10466,29.01616,-140.0,-129.5,-140.0,-140.0,-140.0,-140.0,-140.0,-125.5,-140.0,-30.0,-20.0,-30.0,-30.0,-30.0,-30.0,-30.0,-16.0,-30.0,-5.4,0.0,73,143.8,12860.77,16702.32,13.7,20.0,0.0,120.0,0.0,1.0,13.7,4.0,22.4,0.0,12.5,0,0,0,0.0,0,0,0,0,0,0,0,0,5GSA,Unknown_ReEstResult
41.10471,29.01611,-140.0,-127.2,-140.0,-140.0,-140.0,-140.0,-140.0,-127.9,-140.0,-30.0,-17.7,-30.0,-30.0,-30.0,-30.0,-30.0,-18.2,-30.0,-9.0,0.0,73,146.6,17879.04,11810.48,12.1,7.0,0.0,207.0,0.0,1.0,12.1,4.0,22.4,0.0,17.7,0,0,0,0.0,0,0,0,0,0,0,0,0,5GSA,Unknown_ReEstResult
41.10475,29.0231,-81.2,-95.3,-140.0,-140.0,-140.0,-140.0,-140.0,-96.4,-140.0,-11.2,-20.1,-30.0,-30.0,-30.0,-30.0,-30.0,-21.3,-30.0,10.4,0.0,73,100.1,95416.32,92707.35,10.4,0.0,0.0,62.0,0.0,1.0,10.4,4.0,17.5,0.0,0.0,0,0,0,0.0,0,0,0,0,0,0,0,0,5GSA,Unknown_ReEstResult
41.1048,29.02299,-75.8,-140.0,-140.0,-140.0,-140.0,-140.0,-140.0,-87.1,-140.0,-11.2,-30.0,-30.0,-30.0,-30.0,-30.0,-30.0,-16.3,-30.0,10.2,0.0,73,96.2,95236.99,92551.91,7.4,0.0,0.0,56.0,0.0,1.0,7.4,4.0,17.5,0.0,0.0,0,0,0,0.0,0,0,0,0,0,0,0,0,5GSA,Unknown_ReEstResult
41.10504,29.02556,-140.0,-140.0,-140.0,-140.0,-140.0,-140.0,-140.0,-76.5,-86.2,-30.0,-30.0,-30.0,-30.0,-30.0,-30.0,-30.0,-10.4,-20.7,27.3,0.0,73,98.5,97387.51,94558.77,10.4,0.0,0.0,82.0,0.0,1.0,10.4,4.0,17.5,0.0,0.0,0,0,0,0.0,0,0,0,0,0,0,0,0,5GSA,Unknown_ReEstResult
41.10507,29.01982,-140.0,-98.3,-93.0,-140.0,-140.0,-140.0,-140.0,-140.0,-140.0,-30.0,-15.0,-11.2,-30.0,-30.0,-30.0,-30.0,-30.0,-30.0,-0.8,0.0,73,116.1,96650.19,92819.16,20.3,0.0,0.0,136.0,0.0,1.0,20.3,4.0,19.0,0.0,9.0,0,0,0,0.0,0,0,0,0,0,0,0,0,5GSA,Unknown_ReEstResult
41.10524,29.02286,-80.8,-92.8,-91.4,-140.0,-140.0,-140.0,-140.0,-140.0,-140.0,-11.0,-20.3,-15.4,-30.0,-30.0,-30.0,-30.0,-30.0,-30.0,10.6,0.0,73,99.7,95641.6,92642.55,7.2,0.0,0.0,61.0,0.0,1.0,7.2,4.0,17.5,0.0,0.0,0,0,0,0.0,0,0,0,0,0,0,0,0,5GSA,Unknown_ReEstResult
41.10545,29.01544,-140.0,-140.0,-140.0,-140.0,-140.0,-140.0,-140.0,-124.5,-126.1,-30.0,-30.0,-30.0,-30.0,-30.0,-30.0,-30.0,-16.7,-18.2,-5.2,0.0,73,142.4,17735.68,20621.02,18.4,4.0,0.0,172.0,0.0,1.0,18.4,4.0,22.2,0.0,9.6,0,0,0,0.0,0,0,0,0,0,0,0,0,5GSA,Unknown_ReEstResult
41.10588,29.01536,-140.0,-140.0,-140.0,-140.0,-123.3,-140.0,-140.0,-121.0,-122.9,-30.0,-30.0,-30.0,-30.0,-16.5,-30.0,-30.0,-15.7,-16.1,-6.4,0.0,73,138.6,52920.32,42016.27,5.5,4.0,0.0,223.0,0.0,1.0,5.5,4.0,22.2,0.0,6.2,0,0,0,0.0,0,0,0,0,0,0,0,0,5GSA,Unknown_ReEstResult
41.10627,29.02776,-140.0,-140.0,-140.0,-140.0,-140.0,-140.0,-140.0,-140.0,-66.1,-30.0,-30.0,-30.0,-30.0,-30.0,-30.0,-30.0,-30.0,-10.4,29.8,0.0,73,84.2,89927.68,89023.48,8.3,0.0,0.0,28.0,0.0,1.0,8.3,4.0,17.5,0.0,2.4,0,0,0,0.0,0,0,0,0,0,0,0,0,5GSA,Unknown_ReEstResult
41.10634,29.02771,-140.0,-140.0,-140.0,-140.0,-140.0,-140.0,-140.0,-140.0,-66.6,-30.0,-30.0,-30.0,-30.0,-30.0,-30.0,-30.0,-30.0,-10.3,30.3,0.0,73,82.2,97735.68,89132.62,9.1,0.0,0.0,29.0,0.0,1.0,9.1,4.0,17.4,0.0,3.9,0,0,0,0.0,0,0,0,0,0,0,0,0,5GSA,Unknown_ReEstResult
41.10642,29.02818,-140.0,-140.0,-140.0,-140.0,-140.0,-88.7,-140.0,-140.0,-81.9,-30.0,-30.0,-30.0,-30.0,-30.0,-20.1,-30.0,-30.0,-11.0,12.2,0.0,73,97.5,96215.04,92734.54,4.6,0.0,0.0,77.0,0.0,1.0,4.6,4.0,17.5,0.0,0.0,0,0,0,0.0,0,0,0,0,0,0,0,0,5GSA,Unknown_ReEstResult
41.10712,29.02752,-140.0,-140.0,-140.0,-140.0,-140.0,-140.0,-86.3,-140.0,-77.2,-30.0,-30.0,-30.0,-30.0,-30.0,-30.0,-16.2,-30.0,-10.5,17.4,0.0,73,99.2,96890.88,94091.62,1.4,0.0,0.0,81.0,0.0,1.0,1.4,4.0,17.5,0.0,0.0,0,0,0,0.0,0,0,0,0,0,0,0,0,5GSA,Unknown_ReEstResult
41.10735,29.02265,-140.0,-140.0,-140.0,-88.9,-82.1,-140.0,-140.0,-140.0,-140.0,-30.0,-30.0,-30.0,-16.5,-10.7,-30.0,-30.0,-30.0,-30.0,13.1,0.0,73,100.2,96296.96,94815.32,8.1,0.0,0.0,36.0,0.0,1.0,8.1,4.0,17.5,0.0,0.0,0,0,0,0.0,0,0,0,0,0,0,0,0,5GSA,Unknown_ReEstResult
41.1074,29.01892,-140.0,-140.0,-140.0,-140.0,-119.2,-140.0,-140.0,-116.4,-114.2,-30.0,-30.0,-30.0,-30.0,-16.4,-30.0,-30.0,-14.8,-14.1,-2.2,0.0,73,130.9,98570.24,95453.61,9.4,0.0,0.0,119.0,0.0,1.0,9.4,4.0,21.3,0.0,13.4,0,0,0,0.0,0,0,0,0,0,0,0,0,5GSA,Unknown_ReEstResult
41.10743,29.02913,-140.0,-140.0,-140.0,-140.0,-140.0,-84.8,-140.0,-140.0,-90.6,-30.0,-30.0,-30.0,-30.0,-30.0,-12.2,-30.0,-30.0,-15.4,-1.0,0.0,73,105.9,95657.11,92537.51,9.2,0.0,0.0,112.0,0.0,1.0,9.2,4.0,17.5,0.0,1.1,0,0,0,0.0,0,0,0,0,0,0,0,0,5GSA,Unknown_ReEstResult
41.10745,29.02283,-140.0,-140.0,-140.0,-90.4,-88.4,-140.0,-140.0,-140.0,-140.0,-30.0,-30.0,-30.0,-12.8,-12.2,-30.0,-30.0,-30.0,-30.0,5.3,0.0,73,107.9,97879.05,101347.02,10.5,0.0,0.0,39.0,0.0,1.0,10.5,4.0,17.5,0.0,0.0,0,0,0,0.0,0,0,0,0,0,0,0,0,5GSA,Unknown_ReEstResult
41.10758,29.01934,-140.0,-112.2,-109.4,-140.0,-124.2,-140.0,-140.0,-120.0,-122.4,-30.0,-16.0,-13.3,-30.0,-23.2,-30.0,-30.0,-22.3,-23.5,-4.2,0.0,73,131.5,98475.52,101380.48,9.5,0.0,0.0,104.0,0.0,1.0,9.5,4.0,20.2,0.0,9.6,0,0,0,0.0,0,0,0,0,0,0,0,0,5GSA,Unknown_ReEstResult
41.10762,29.02205,-140.0,-140.0,-140.0,-85.7,-82.5,-140.0,-140.0,-140.0,-140.0,-30.0,-30.0,-30.0,-13.9,-11.1,-30.0,-30.0,-30.0,-30.0,9.1,0.0,73,102.6,95723.52,101985.51,1.0,0.0,0.0,73.0,0.0,1.0,1.0,4.0,17.5,0.0,0.0,0,0,0,0.0,0,0,0,0,0,0,0,0,5GSA,Unknown_ReEstResult
41.10772,29.02737,-140.0,-140.0,-140.0,-140.0,-140.0,-140.0,-67.1,-140.0,-73.4,-30.0,-30.0,-30.0,-30.0,-30.0,-30.0,-10.7,-30.0,-13.5,-0.9,0.0,73,96.3,90092.23,93135.53,19.6,5.0,0.0,109.0,0.0,1.0,19.6,4.0,17.6,0.0,5.6,0,0,0,0.0,0,0,0,0,0,0,0,0,5GSA,Unknown_ReEstResult
41.1078,29.02416,-140.0,-140.0,-140.0,-69.5,-140.0,-140.0,-140.0,-140.0,-140.0,-30.0,-30.0,-30.0,-10.4,-30.0,-30.0,-30.0,-30.0,-30.0,31.5,0.0,73,95.1,97602.56,94475.57,1.8,0.0,0.0,25.0,0.0,1.0,1.8,4.0,17.5,0.0,0.0,0,0,0,0.0,0,0,0,0,0,0,0,0,5GSA,Unknown_ReEstResult
41.10784,29.02047,-140.0,-140.0,-140.0,-108.3,-107.8,-140.0,-140.0,-140.0,-140.0,-30.0,-30.0,-30.0,-14.8,-13.0,-30.0,-30.0,-30.0,-30.0,5.4,0.0,73,127.5,98165.78,95515.9,7.8,0.0,0.0,68.0,0.0,1.0,7.8,4.0,19.7,0.0,7.3,0,0,0,0.0,0,0,0,0,0,0,0,0,5GSA,Unknown_ReEstResult
41.10786,29.02569,-140.0,-140.0,-140.0,-89.7,-140.0,-140.0,-94.3,-140.0,-94.9,-30.0,-30.0,-30.0,-12.4,-30.0,-30.0,-15.4,-30.0,-15.5,5.1,0.0,73,107.7,95928.32,93250.66,7.3,0.0,0.0,110.0,0.0,1.0,7.3,4.0,17.5,0.0,1.4,0,0,0,0.0,0,0,0,0,0,0,0,0,5GSA,Unknown_ReEstResult
41.10787,29.02556,-140.0,-140.0,-140.0,-90.3,-140.0,-140.0,-93.3,-140.0,-94.5,-30.0,-30.0,-30.0,-11.9,-30.0,-30.0,-15.4,-30.0,-17.0,6.2,0.0,73,109.2,95825.92,93039.01,9.4,0.0,0.0,101.0,0.0,1.0,9.4,4.0,17.5,0.0,0.0,0,0,0,0.0,0,0,0,0,0,0,0,0,5GSA,Unknown_ReEstResult
41.10788,29.02508,-140.0,-140.0,-140.0,-84.4,-140.0,-140.0,-93.0,-140.0,-140.0,-30.0,-30.0,-30.0,-10.5,-30.0,-30.0,-18.9,-30.0,-30.0,16.9,0.0,73,104.4,95554.1,98559.76,8.7,0.0,0.0,88.0,0.0,1.0,8.7,4.0,17.5,0.0,0.0,0,0,0,0.0,0,0,0,0,0,0,0,0,5GSA,Unknown_ReEstResult
41.10791,29.02721,-140.0,-140.0,-140.0,-140.0,-140.0,-140.0,-71.2,-140.0,-77.2,-30.0,-30.0,-30.0,-30.0,-30.0,-30.0,-11.0,-30.0,-13.9,11.0,0.0,73,90.2,97320.96,78616.49,0.3,0.0,0.0,24.0,0.0,1.0,0.3,4.0,17.5,0.0,1.1,0,0,0,0.0,0,0,0,0,0,0,0,0,5GSA,Unknown_ReEstResult
41.10805,29.0289,-140.0,-140.0,-140.0,-140.0,-140.0,-77.1,-89.7,-140.0,-120.4,-30.0,-30.0,-30.0,-30.0,-30.0,-10.7,-21.4,-30.0,-34.3,14.3,0.0,73,94.9,95539.84,77649.47,10.0,0.0,0.0,63.0,0.0,1.0,10.0,4.0,17.5,0.0,0.0,0,0,0,0.0,0,0,0,0,0,0,0,0,5GSA,Unknown_ReEstResult
41.10805,29.02895,-140.0,-140.0,-140.0,-140.0,-140.0,-76.7,-121.5,-140.0,-91.2,-30.0,-30.0,-30.0,-30.0,-30.0,-10.5,-34.1,-30.0,-18.4,18.5,0.0,73,93.2,95662.08,104327.62,7.1,0.0,0.0,56.0,0.0,1.0,7.1,4.0,17.5,0.0,0.0,0,0,0,0.0,0,0,0,0,0,0,0,0,5GSA,Unknown_ReEstResult
41.09981,29.02227,-140.0,-140.0,-140.0,-140.0,-140.0,-140.0,-125.1,-118.9,-140.0,-30.0,-30.0,-30.0,-30.0,-30.0,-30.0,-18.6,-12.9,-30.0,2.5,0.0,74,135.5,43788.52,33182.24,8.4,0.0,0.0,119.0,0.0,1.0,8.4,4.0,22.2,0.0,9.5,0,0,0,0.0,0,0,0,0,0,0,0,0,5GSA,Unknown_ReEstResult
41.10019,29.02172,-140.0,-140.0,-140.0,-140.0,-140.0,-140.0,-125.0,-119.6,-140.0,-30.0,-30.0,-30.0,-30.0,-30.0,-30.0,-17.6,-13.2,-30.0,0.6,0.0,74,136.0,31621.12,19437.34,8.5,1.0,0.0,140.0,0.0,1.0,8.5,4.0,22.2,0.0,9.8,0,0,0,0.0,0,0,0,0,0,0,0,0,5GSA,Unknown_ReEstResult
41.10036,29.02149,-140.0,-140.0,-140.0,-140.0,-140.0,-140.0,-122.1,-119.2,-140.0,-30.0,-30.0,-30.0,-30.0,-30.0,-30.0,-16.5,-13.6,-30.0,-0.6,0.0,74,136.6,28590.08,30291.17,7.0,11.0,0.0,244.0,0.0,1.0,7.0,4.0,22.3,0.0,12.2,0,0,0,0.0,0,0,0,0,0,0,0,0,5GSA,Unknown_ReEstResult
41.10119,29.01936,-140.0,-140.0,-120.2,-140.0,-140.0,-140.0,-120.9,-118.1,-140.0,-30.0,-30.0,-16.5,-30.0,-30.0,-30.0,-17.2,-15.1,-30.0,-5.8,0.0,74,137.6,18166.7,19662.12,5.7,0.0,0.0,86.0,0.0,1.0,5.7,4.0,22.3,0.0,9.0,0,0,0,0.0,0,0,0,0,0,0,0,0,5GSA,Unknown_ReEstResult
41.10121,29.01931,-140.0,-140.0,-119.2,-140.0,-140.0,-140.0,-121.9,-119.3,-140.0,-30.0,-30.0,-15.8,-30.0,-30.0,-30.0,-17.3,-15.5,-30.0,-6.6,0.0,74,140.0,21544.96,17267.97,13.7,0.0,0.0,73.0,0.0,1.0,13.7,4.0,22.2,0.0,7.9,0,0,0,0.0,0,0,0,0,0,0,0,0,5GSA,Unknown_ReEstResult
41.10124,29.01916,-140.0,-140.0,-127.0,-140.0,-140.0,-140.0,-120.6,-119.6,-140.0,-30.0,-30.0,-21.5,-30.0,-30.0,-30.0,-15.7,-14.8,-30.0,-5.1,0.0,74,140.7,16137.4,18557.34,10.5,0.0,0.0,106.0,0.0,1.0,10.5,4.0,22.3,0.0,11.9,0,0,0,0.0,0,0,0,0,0,0,0,0,5GSA,Unknown_ReEstResult
41.10124,29.01918,-140.0,-140.0,-122.6,-140.0,-140.0,-140.0,-121.3,-119.6,-140.0,-30.0,-30.0,-18.4,-30.0,-30.0,-30.0,-17.1,-14.5,-30.0,-5.0,0.0,74,140.1,17101.5,16545.42,5.9,4.0,0.0,72.0,0.0,1.0,5.9,4.0,22.2,0.0,8.5,0,0,0,0.0,0,0,0,0,0,0,0,0,5GSA,Unknown_ReEstResult
41.10432,29.01648,-140.0,-122.2,-140.0,-140.0,-140.0,-140.0,-126.6,-124.4,-140.0,-30.0,-15.1,-30.0,-30.0,-30.0,-30.0,-19.8,-17.1,-30.0,-7.7,0.0,74,143.0,16752.64,16205.14,10.0,3.0,0.0,111.0,0.0,1.0,10.0,4.0,22.3,0.0,9.2,0,0,0,0.0,0,0,0,0,0,0,0,0,5GSA,Unknown_ReEstResult
41.10436,29.02016,-83.2,-76.2,-140.0,-140.0,-140.0,-140.0,-140.0,-140.0,-140.0,-18.6,-10.9,-30.0,-30.0,-30.0,-30.0,-30.0,-30.0,-30.0,19.4,0.0,74,93.8,98570.24,90814.02,1.8,0.0,0.0,25.0,0.0,1.0,1.8,4.0,17.5,0.0,0.5,0,0,0,0.0,0,0,0,0,0,0,0,0,5GSA,Unknown_ReEstResult
41.10444,29.01636,-140.0,-126.2,-140.0,-140.0,-140.0,-140.0,-140.0,-124.9,-140.0,-30.0,-17.6,-30.0,-30.0,-30.0,-30.0,-30.0,-16.2,-30.0,-7.4,0.0,74,146.5,16712.56,15122.23,4.4,8.0,0.0,114.0,0.0,1.0,4.4,4.0,22.4,0.0,14.6,0,0,0,0.0,0,0,0,0,0,0,0,0,5GSA,Unknown_ReEstResult
41.10459,29.01994,-93.8,-78.2,-140.0,-140.0,-140.0,-140.0,-140.0,-140.0,-140.0,-19.6,-10.5,-30.0,-30.0,-30.0,-30.0,-30.0,-30.0,-30.0,21.2,0.0,74,98.1,97428.46,93280.84,10.2,0.0,0.0,29.0,0.0,1.0,10.2,4.0,17.5,0.0,0.0,0,0,0,0.0,0,0,0,0,0,0,0,0,5GSA,Unknown_ReEstResult
41.1046,29.0162,-140.0,-124.0,-140.0,-140.0,-140.0,-140.0,-140.0,-125.8,-140.0,-30.0,-15.6,-30.0,-30.0,-30.0,-30.0,-30.0,-16.9,-30.0,-7.0,0.0,74,143.9,16875.52,15311.82,7.4,4.0,0.0,119.0,0.0,1.0,7.4,4.0,22.4,0.0,11.1,0,0,0,0.0,0,0,0,0,0,0,0,0,5GSA,Unknown_ReEstResult
41.1047,29.02296,-82.6,-92.1,-140.0,-140.0,-140.0,-140.0,-140.0,-92.0,-140.0,-11.2,-19.8,-30.0,-30.0,-30.0,-30.0,-30.0,-18.3,-30.0,9.8,0.0,74,101.4,95477.76,92696.97,10.0,0.0,0.0,64.0,0.0,1.0,10.0,4.0,17.5,0.0,0.0,0,0,0,0.0,0,0,0,0,0,0,0,0,5GSA,Unknown_ReEstResult
41.10474,29.02322,-88.1,-93.1,-140.0,-140.0,-140.0,-140.0,-140.0,-89.2,-140.0,-13.6,-17.6,-30.0,-30.0,-30.0,-30.0,-30.0,-14.6,-30.0,-0.6,0.0,74,104.8,96174.72,93147.7,10.6,4.0,0.0,151.0,0.0,1.0,10.6,4.0,17.9,0.0,7.3,0,0,0,0.0,0,0,0,0,0,0,0,0,5GSA,Unknown_ReEstResult
41.1049,29.01594,-140.0,-123.5,-140.0,-140.0,-140.0,-140.0,-140.0,-121.2,-140.0,-30.0,-15.7,-30.0,-30.0,-30.0,-30.0,-30.0,-14.4,-30.0,-4.5,0.0,74,138.2,13823.28,18510.56,6.2,1.0,0.0,101.0,0.0,1.0,6.2,4.0,22.4,0.0,10.7,0,0,0,0.0,0,0,0,0,0,0,0,0,5GSA,Unknown_ReEstResult
41.105,29.01584,-140.0,-127.5,-140.0,-140.0,-125.0,-140.0,-140.0,-122.0,-140.0,-30.0,-20.1,-30.0,-30.0,-18.6,-30.0,-30.0,-15.2,-30.0,-4.1,0.0,74,139.3,26686.84,22912.02,5.9,0.0,0.0,101.0,0.0,1.0,5.9,4.0,22.3,0.0,9.5,0,0,0,0.0,0,0,0,0,0,0,0,0,5GSA,Unknown_ReEstResult
41.105,29.02497,-140.0,-140.0,-140.0,-140.0,-140.0,-140.0,-140.0,-75.2,-140.0,-30.0,-30.0,-30.0,-30.0,-30.0,-30.0,-30.0,-10.4,-30.0,22.6,0.0,74,91.4,95477.76,92911.77,3.4,0.0,0.0,83.0,0.0,1.0,3.4,4.0,17.5,0.0,0.0,0,0,0,0.0,0,0,0,0,0,0,0,0,5GSA,Unknown_ReEstResult
41.10552,29.02773,-140.0,-140.0,-140.0,-140.0,-140.0,-140.0,-140.0,-80.3,-80.3,-30.0,-30.0,-30.0,-30.0,-30.0,-30.0,-30.0,-12.1,-12.2,2.3,0.0,74,100.0,97361.92,92007.38,10.1,0.0,0.0,29.0,0.0,1.0,10.1,4.0,17.5,0.0,0.0,0,0,0,0.0,0,0,0,0,0,0,0,0,5GSA,Unknown_ReEstResult
41.10554,29.02659,-140.0,-140.0,-140.0,-140.0,-140.0,-140.0,-140.0,-75.9,-84.6,-30.0,-30.0,-30.0,-30.0,-30.0,-30.0,-30.0,-10.5,-18.3,19.2,0.0,74,93.2,98611.2,83050.66,9.9,0.0,0.0,28.0,0.0,1.0,9.9,4.0,17.5,0.0,0.0,0,0,0,0.0,0,0,0,0,0,0,0,0,5GSA,Unknown_ReEstResult
41.1056,29.02278,-88.6,-140.0,-86.9,-140.0,-108.3,-140.0,-140.0,-140.0,-140.0,-14.7,-30.0,-13.9,-30.0,-25.7,-30.0,-30.0,-30.0,-30.0,2.7,0.0,74,106.6,95636.59,93003.37,11.1,0.0,0.0,91.0,0.0,1.0,11.1,4.0,17.5,0.0,0.0,0,0,0,0.0,0,0,0,0,0,0,0,0,5GSA,Unknown_ReEstResult
41.10578,29.02656,-140.0,-140.0,-140.0,-140.0,-140.0,-140.0,-140.0,-91.6,-96.1,-30.0,-30.0,-30.0,-30.0,-30.0,-30.0,-30.0,-11.4,-15.0,8.1,0.0,74,108.1,97664.0,94658.28,8.5,0.0,0.0,50.0,0.0,1.0,8.5,4.0,17.5,0.0,0.0,0,0,0,0.0,0,0,0,0,0,0,0,0,5GSA,Unknown_ReEstResult
41.10596,29.0154,-140.0,-140.0,-140.0,-140.0,-121.9,-140.0,-140.0,-121.9,-122.0,-30.0,-30.0,-30.0,-30.0,-16.0,-30.0,-30.0,-15.6,-16.0,-4.0,0.0,74,140.5,68256.26,89109.23,7.5,2.0,0.0,154.0,0.0,1.0,7.5,4.0,22.1,0.0,12.4,0,0,0,0.0,0,0,0,0,0,0,0,0,5GSA,Unknown_ReEstResult
41.10597,29.02271,-114.2,-140.0,-88.9,-140.0,-85.1,-140.0,-140.0,-140.0,-140.0,-26.6,-30.0,-15.3,-30.0,-12.2,-30.0,-30.0,-30.0,-30.0,1.8,0.0,74,108.7,96927.77,94068.13,7.0,0.0,0.0,97.0,0.0,1.0,7.0,4.0,17.5,0.0,0.0,0,0,0,0.0,0,0,0,0,0,0,0,0,5GSA,Unknown_ReEstResult
41.10603,29.02648,-140.0,-140.0,-140.0,-140.0,-140.0,-140.0,-107.5,-96.7,-93.9,-30.0,-30.0,-30.0,-30.0,-30.0,-30.0,-20.8,-14.1,-12.4,0.8,0.0,74,110.8,96588.74,93768.65,7.3,0.0,0.0,96.0,0.0,1.0,7.3,4.0,17.5,0.0,5.4,0,0,0,0.0,0,0,0,0,0,0,0,0,5GSA,Unknown_ReEstResult
41.10634,29.01572,-140.0,-140.0,-140.0,-129.8,-120.7,-140.0,-140.0,-118.6,-115.1,-30.0,-30.0,-30.0,-24.2,-17.1,-30.0,-30.0,-16.0,-14.2,-3.8,0.0,74,138.3,98529.92,95759.93,8.2,0.0,0.0,182.0,0.0,1.0,8.2,4.0,22.0,0.0,5.2,0,0,0,0.0,0,0,0,0,0,0,0,0,5GSA,Unknown_ReEstResult
41.10638,29.02646,-140.0,-140.0,-140.0,-140.0,-140.0,-140.0,-99.5,-103.5,-101.8,-30.0,-30.0,-30.0,-30.0,-30.0,-30.0,-13.2,-16.7,-15.0,3.6,0.0,74,118.4,97317.13,90455.77,5.8,0.0,0.0,165.0,0.0,1.0,5.8,4.0,19.9,0.0,7.0,0,0,0,0.0,0,0,0,0,0,0,0,0,5GSA,Unknown_ReEstResult
41.10642,29.02648,-140.0,-140.0,-140.0,-140.0,-140.0,-140.0,-97.8,-105.5,-101.8,-30.0,-30.0,-30.0,-30.0,-30.0,-30.0,-11.9,-18.1,-15.5,4.9,0.0,74,117.9,96890.88,93743.97,11.0,0.0,0.0,164.0,0.0,1.0,11.0,4.0,19.5,0.0,10.2,0,0,0,0.0,0,0,0,0,0,0,0,0,5GSA,Unknown_ReEstResult
41.10644,29.0216,-140.0,-140.0,-95.9,-140.0,-79.0,-140.0,-140.0,-140.0,-140.0,-30.0,-30.0,-23.1,-30.0,-10.7,-30.0,-30.0,-30.0,-30.0,22.7,0.0,74,98.3,98462.67,87099.77,8.6,0.0,0.0,29.0,0.0,1.0,8.6,4.0,17.5,0.0,0.7,0,0,0,0.0,0,0,0,0,0,0,0,0,5GSA,Unknown_ReEstResult
41.10656,29.02644,-140.0,-140.0,-140.0,-140.0,-140.0,-140.0,-98.0,-107.2,-102.7,-30.0,-30.0,-30.0,-30.0,-30.0,-30.0,-11.6,-19.2,-15.5,5.6,0.0,74,117.9,96609.23,91230.26,8.5,0.0,0.0,167.0,0.0,1.0,8.5,4.0,20.2,0.0,9.1,0,0,0,0.0,0,0,0,0,0,0,0,0,5GSA,Unknown_ReEstResult
41.10742,29.01897,-140.0,-140.0,-140.0,-140.0,-116.5,-140.0,-140.0,-118.1,-111.2,-30.0,-30.0,-30.0,-30.0,-17.2,-30.0,-30.0,-18.1,-13.3,-0.1,0.0,74,128.1,97792.0,95480.36,8.4,0.0,0.0,107.0,0.0,1.0,8.4,4.0,20.9,0.0,9.6,0,0,0,0.0,0,0,0,0,0,0,0,0,5GSA,Unknown_ReEstResult
41.10757,29.0193,-140.0,-114.5,-113.8,-140.0,-116.7,-140.0,-140.0,-140.0,-118.5,-30.0,-15.2,-14.3,-30.0,-17.0,-30.0,-30.0,-30.0,-18.2,-6.4,0.0,74,139.5,98242.56,93232.91,8.5,0.0,0.0,140.0,0.0,1.0,8.5,4.0,20.4,0.0,7.4,0,0,0,0.0,0,0,0,0,0,0,0,0,5GSA,Unknown_ReEstResult
41.10763,29.02207,-140.0,-140.0,-140.0,-87.5,-87.1,-140.0,-140.0,-140.0,-140.0,-30.0,-30.0,-30.0,-12.5,-12.7,-30.0,-30.0,-30.0,-30.0,5.4,0.0,74,104.7,97448.95,92927.95,3.1,0.0,0.0,73.0,0.0,1.0,3.1,4.0,17.5,0.0,0.0,0,0,0,0.0,0,0,0,0,0,0,0,0,5GSA,Unknown_ReEstResult
41.10774,29.01989,-140.0,-140.0,-140.0,-119.3,-116.9,-140.0,-140.0,-140.0,-140.0,-30.0,-30.0,-30.0,-16.3,-13.9,-30.0,-30.0,-30.0,-30.0,1.6,0.0,74,135.2,96993.28,93577.39,7.7,0.0,0.0,197.0,0.0,1.0,7.7,4.0,21.2,0.0,17.3,0,0,0,0.0,0,0,0,0,0,0,0,0,5GSA,Unknown_ReEstResult
41.10776,29.02258,-140.0,-140.0,-140.0,-83.2,-84.7,-140.0,-140.0,-140.0,-140.0,-30.0,-30.0,-30.0,-11.2,-12.6,-30.0,-30.0,-30.0,-30.0,6.0,0.0,74,105.9,95789.94,92193.2,0.0,0.0,0.0,71.0,0.0,1.0,0.0,4.0,17.5,0.0,0.0,0,0,0,0.0,0,0,0,0,0,0,0,0,5GSA,Unknown_ReEstResult
41.1078,29.02574,-140.0,-140.0,-140.0,-94.5,-140.0,-98.4,-90.3,-140.0,-94.8,-30.0,-30.0,-30.0,-16.2,-30.0,-18.0,-12.5,-30.0,-15.2,3.1,0.0,74,109.9,96092.16,74922.69,6.5,0.0,0.0,120.0,0.0,1.0,6.5,4.0,17.5,0.0,6.0,0,0,0,0.0,0,0,0,0,0,0,0,0,5GSA,Unknown_ReEstResult
41.1078,29.02616,-140.0,-140.0,-140.0,-93.0,-140.0,-140.0,-90.5,-140.0,-92.3,-30.0,-30.0,-30.0,-15.1,-30.0,-30.0,-12.6,-30.0,-14.5,-2.4,0.0,74,112.4,96532.61,93066.05,9.1,0.0,0.0,134.0,0.0,1.0,9.1,4.0,17.7,0.0,9.1,0,0,0,0.0,0,0,0,0,0,0,0,0,5GSA,Unknown_ReEstResult
41.10782,29.02598,-140.0,-140.0,-140.0,-88.1,-140.0,-140.0,-90.4,-140.0,-90.1,-30.0,-30.0,-30.0,-13.7,-30.0,-30.0,-14.8,-30.0,-12.2,-1.0,0.0,74,109.5,95764.48,93309.01,7.7,0.0,0.0,118.0,0.0,1.0,7.7,4.0,17.5,0.0,0.0,0,0,0,0.0,0,0,0,0,0,0,0,0,5GSA,Unknown_ReEstResult
41.10782,29.02623,-140.0,-140.0,-140.0,-94.7,-140.0,-140.0,-88.5,-140.0,-92.9,-30.0,-30.0,-30.0,-17.6,-30.0,-30.0,-11.6,-30.0,-15.7,9.1,0.0,74,109.8,96281.48,93050.06,1.3,0.0,0.0,97.0,0.0,1.0,1.3,4.0,17.5,0.0,0.0,0,0,0,0.0,0,0,0,0,0,0,0,0,5GSA,Unknown_ReEstResult
41.10783,29.02035,-140.0,-140.0,-140.0,-110.2,-108.7,-140.0,-140.0,-140.0,-140.0,-30.0,-30.0,-30.0,-14.8,-12.8,-30.0,-30.0,-30.0,-30.0,4.6,0.0,74,130.2,98641.98,95971.47,8.5,0.0,0.0,76.0,0.0,1.0,8.5,4.0,20.3,0.0,7.7,0,0,0,0.0,0,0,0,0,0,0,0,0,5GSA,Unknown_ReEstResult
41.10783,29.02611,-140.0,-140.0,-140.0,-94.0,-140.0,-140.0,-88.5,-140.0,-91.2,-30.0,-30.0,-30.0,-16.2,-30.0,-30.0,-12.4,-30.0,-14.4,-6.2,0.0,74,124.1,88949.3,93256.59,21.3,2.0,0.0,110.0,0.0,1.0,21.3,4.0,18.0,0.0,10.0,0,0,0,0.0,0,0,0,0,0,0,0,0,5GSA,Unknown_ReEstResult
41.10783,29.02911,-140.0,-140.0,-140.0,-140.0,-140.0,-79.1,-140.0,-140.0,-91.5,-30.0,-30.0,-30.0,-30.0,-30.0,-10.6,-30.0,-30.0,-19.3,22.7,0.0,74,95.8,95155.06,84266.71,0.0,0.0,0.0,71.0,0.0,1.0,0.0,4.0,17.5,0.0,0.0,0,0,0,0.0,0,0,0,0,0,0,0,0,5GSA,Unknown_ReEstResult
41.10785,29.02052,-140.0,-140.0,-140.0,-111.1,-106.9,-140.0,-140.0,-140.0,-140.0,-30.0,-30.0,-30.0,-16.0,-12.5,-30.0,-30.0,-30.0,-30.0,3.0,0.0,74,126.5,98488.32,95451.66,9.8,0.0,0.0,76.0,0.0,1.0,9.8,4.0,20.1,0.0,9.1,0,0,0,0.0,0,0,0,0,0,0,0,0,5GSA,Unknown_ReEstResult
41.10787,29.02621,-140.0,-140.0,-140.0,-93.2,-140.0,-140.0,-90.9,-140.0,-90.9,-30.0,-30.0,-30.0,-15.9,-30.0,-30.0,-14.3,-30.0,-13.3,-0.9,0.0,74,110.6,97116.8,115802.21,16.4,0.0,0.0,170.0,0.0,1.0,16.4,4.0,17.7,0.0,7.0,0,0,0,0.0,0,0,0,0,0,0,0,0,5GSA,Unknown_ReEstResult
41.10791,29.02671,-140.0,-140.0,-140.0,-91.9,-140.0,-114.3,-84.1,-140.0,-140.0,-30.0,-30.0,-30.0,-18.7,-30.0,-29.5,-10.7,-30.0,-30.0,11.4,0.0,74,104.3,95457.28,91979.41,0.3,0.0,0.0,101.0,0.0,1.0,0.3,4.0,17.5,0.0,0.0,0,0,0,0.0,0,0,0,0,0,0,0,0,5GSA,Unknown_ReEstResult
41.10794,29.02227,-140.0,-140.0,-140.0,-88.3,-87.2,-140.0,-140.0,-140.0,-140.0,-30.0,-30.0,-30.0,-11.9,-12.2,-30.0,-30.0,-30.0,-30.0,0.9,0.0,74,106.9,95994.79,93216.26,8.4,0.0,0.0,146.0,0.0,1.0,8.4,4.0,17.5,0.0,0.0,0,0,0,0.0,0,0,0,0,0,0,0,0,5GSA,Unknown_ReEstResult
41.10797,29.02218,-140.0,-140.0,-140.0,-88.8,-90.3,-140.0,-140.0,-140.0,-140.0,-30.0,-30.0,-30.0,-12.3,-12.6,-30.0,-30.0,-30.0,-30.0,4.7,0.0,74,109.5,95766.91,93195.88,12.1,0.0,0.0,128.0,0.0,1.0,12.1,4.0,17.5,0.0,0.0,0,0,0,0.0,0,0,0,0,0,0,0,0,5GSA,Unknown_ReEstResult
41.108,29.02133,-140.0,-140.0,-140.0,-98.3,-96.5,-140.0,-140.0,-140.0,-140.0,-30.0,-30.0,-30.0,-12.2,-12.9,-30.0,-30.0,-30.0,-30.0,0.9,0.0,74,120.1,96179.12,89246.66,5.7,0.0,0.0,131.0,0.0,1.0,5.7,4.0,17.7,0.0,15.0,0,0,0,0.0,0,0,0,0,0,0,0,0,5GSA,Unknown_ReEstResult
41.10803,29.02833,-140.0,-140.0,-140.0,-140.0,-140.0,-72.7,-140.0,-140.0,-81.4,-30.0,-30.0,-30.0,-30.0,-30.0,-11.5,-30.0,-30.0,-16.4,7.3,0.0,74,91.0,97798.83,105945.32,9.7,1.0,0.0,62.0,0.0,1.0,9.7,4.0,17.5,0.0,0.5,0,0,0,0.0,0,0,0,0,0,0,0,0,5GSA,Unknown_ReEstResult
41.10807,29.02854,-140.0,-140.0,-140.0,-140.0,-140.0,-77.5,-84.1,-140.0,-92.5,-30.0,-30.0,-30.0,-30.0,-30.0,-11.1,-17.6,-30.0,-23.7,8.9,0.0,74,93.0,97177.6,94114.74,9.0,0.0,0.0,64.0,0.0,1.0,9.0,4.0,17.5,0.0,0.0,0,0,0,0.0,0,0,0,0,0,0,0,0,5GSA,Unknown_ReEstResult
41.10083,29.02067,-140.0,-140.0,-140.0,-140.0,-140.0,-140.0,-120.2,-115.9,-140.0,-30.0,-30.0,-30.0,-30.0,-30.0,-30.0,-16.4,-13.3,-30.0,1.6,0.0,75,133.0,54743.07,32521.69,4.4,0.0,0.0,250.0,0.0,1.0,4.4,4.0,22.0,0.0,9.5,0,0,0,0.0,0,0,0,0,0,0,0,0,5GSA,Unknown_ReEstResult
41.10104,29.02001,-140.0,-140.0,-120.9,-140.0,-140.0,-140.0,-118.1,-114.7,-140.0,-30.0,-30.0,-17.7,-30.0,-30.0,-30.0,-16.8,-13.5,-30.0,-0.1,0.0,75,131.9,79994.88,84400.55,17.0,3.0,0.0,236.0,0.0,1.0,17.0,4.0,22.1,0.0,9.5,0,0,0,0.0,0,0,0,0,0,0,0,0,5GSA,Unknown_ReEstResult
41.10123,29.01921,-140.0,-140.0,-122.1,-140.0,-140.0,-140.0,-122.3,-118.9,-140.0,-30.0,-30.0,-17.8,-30.0,-30.0,-30.0,-18.0,-15.1,-30.0,-5.1,0.0,75,138.5,19047.39,18296.59,9.1,0.0,0.0,68.0,0.0,1.0,9.1,4.0,22.3,0.0,10.5,0,0,0,0.0,0,0,0,0,0,0,0,0,5GSA,Unknown_ReEstResult
41.10126,29.01909,-140.0,-140.0,-140.0,-140.0,-140.0,-140.0,-120.0,-119.0,-140.0,-30.0,-30.0,-30.0,-30.0,-30.0,-30.0,-15.4,-14.2,-30.0,-3.3,0.0,75,137.3,19763.2,19221.57,9.9,0.0,0.0,97.0,0.0,1.0,9.9,4.0,22.3,0.0,11.0,0,0,0,0.0,0,0,0,0,0,0,0,0,5GSA,Unknown_ReEstResult
41.10181,29.01825,-140.0,-121.4,-140.0,-140.0,-140.0,-140.0,-122.6,-123.4,-140.0,-30.0,-16.7,-30.0,-30.0,-30.0,-30.0,-17.2,-17.1,-30.0,-7.2,0.0,75,145.9,10608.64,10868.12,15.3,0.0,0.0,134.0,0.0,1.0,15.3,4.0,22.4,0.0,9.5,0,0,0,0.0,0,0,0,0,0,0,0,0,5GSA,Unknown_ReEstResult
41.10233,29.01786,-140.0,-125.0,-140.0,-140.0,-124.1,-140.0,-140.0,-124.5,-140.0,-30.0,-18.2,-30.0,-30.0,-17.5,-30.0,-30.0,-17.3,-30.0,-8.9,0.0,75,146.0,8949.76,12843.97,0.0,2.0,0.0,135.0,0.0,1.0,0.0,4.0,22.4,0.0,13.4,0,0,0,0.0,0,0,0,0,0,0,0,0,5GSA,Unknown_ReEstResult
41.10388,29.01683,-121.1,-116.1,-140.0,-140.0,-140.0,-140.0,-140.0,-119.5,-140.0,-17.6,-13.5,-30.0,-30.0,-30.0,-30.0,-30.0,-16.8,-30.0,-4.4,0.0,75,135.5,54722.56,34873.06,10.4,0.0,0.0,106.0,0.0,1.0,10.4,4.0,22.0,0.0,10.0,0,0,0,0.0,0,0,0,0,0,0,0,0,5GSA,Unknown_ReEstResult
41.1041,29.01667,-122.0,-116.5,-140.0,-140.0,-140.0,-140.0,-138.5,-122.3,-140.0,-18.8,-14.3,-30.0,-30.0,-30.0,-30.0,-30.1,-18.1,-30.0,-7.6,0.0,75,138.7,23161.68,18150.3,11.8,0.0,0.0,74.0,0.0,1.0,11.8,4.0,22.2,0.0,10.0,0,0,0,0.0,0,0,0,0,0,0,0,0,5GSA,Unknown_ReEstResult
41.10422,29.01658,-123.6,-120.8,-140.0,-140.0,-140.0,-140.0,-125.3,-124.3,-140.0,-18.1,-14.5,-30.0,-30.0,-30.0,-30.0,-19.0,-17.5,-30.0,-8.6,0.0,75,145.7,18350.08,15425.07,22.7,3.0,0.0,92.0,0.0,1.0,22.7,4.0,22.3,0.0,11.2,0,0,0,0.0,0,0,0,0,0,0,0,0,5GSA,Unknown_ReEstResult
41.10456,29.01624,-140.0,-127.2,-140.0,-140.0,-128.8,-140.0,-140.0,-123.1,-140.0,-30.0,-18.4,-30.0,-30.0,-20.3,-30.0,-30.0,-14.8,-30.0,-4.8,0.0,75,142.4,15646.72,15571.99,8.6,12.0,0.0,104.0,0.0,1.0,8.6,4.0,22.4,0.0,14.6,0,0,0,0.0,0,0,0,0,0,0,0,0,5GSA,Unknown_ReEstResult
41.10462,29.01619,-140.0,-129.6,-140.0,-140.0,-129.2,-140.0,-140.0,-125.6,-140.0,-30.0,-20.1,-30.0,-30.0,-19.8,-30.0,-30.0,-16.4,-30.0,-7.1,0.0,75,144.6,15523.84,15847.78,8.7,3.0,0.0,112.0,0.0,1.0,8.7,4.0,22.4,0.0,13.1,0,0,0,0.0,0,0,0,0,0,0,0,0,5GSA,Unknown_ReEstResult
41.10464,29.01618,-140.0,-126.9,-140.0,-140.0,-140.0,-140.0,-140.0,-126.3,-140.0,-30.0,-17.7,-30.0,-30.0,-30.0,-30.0,-30.0,-16.9,-30.0,-7.3,0.0,75,144.8,16670.72,13715.57,9.8,2.0,0.0,118.0,0.0,1.0,9.8,4.0,22.4,0.0,12.0,0,0,0,0.0,0,0,0,0,0,0,0,0,5GSA,Unknown_ReEstResult
41.10556,29.01537,-140.0,-140.0,-140.0,-140.0,-125.6,-140.0,-140.0,-123.3,-122.4,-30.0,-30.0,-30.0,-30.0,-17.9,-30.0,-30.0,-16.8,-15.5,-7.1,0.0,75,142.8,28016.64,17377.38,9.8,17.0,0.0,125.0,0.0,1.0,9.8,4.0,22.2,0.0,15.3,0,0,0,0.0,0,0,0,0,0,0,0,0,5GSA,Unknown_ReEstResult
41.10566,29.02657,-140.0,-140.0,-140.0,-140.0,-140.0,-140.0,-140.0,-81.7,-84.5,-30.0,-30.0,-30.0,-30.0,-30.0,-30.0,-30.0,-10.7,-17.8,16.2,0.0,75,100.3,97454.05,94099.25,6.9,0.0,0.0,36.0,0.0,1.0,6.9,4.0,17.5,0.0,0.0,0,0,0,0.0,0,0,0,0,0,0,0,0,5GSA,Unknown_ReEstResult
41.10568,29.01534,-140.0,-140.0,-140.0,-140.0,-125.8,-140.0,-140.0,-124.4,-125.1,-30.0,-30.0,-30.0,-30.0,-18.6,-30.0,-30.0,-17.4,-18.0,-8.2,0.0,75,154.1,23101.44,26372.78,5.9,3.0,0.0,118.0,0.0,1.0,5.9,4.0,22.2,0.0,9.7,0,0,0,0.0,0,0,0,0,0,0,0,0,5GSA,Unknown_ReEstResult
41.10583,29.01534,-140.0,-140.0,-140.0,-129.3,-124.5,-140.0,-140.0,-124.7,-121.2,-30.0,-30.0,-30.0,-22.3,-17.8,-30.0,-30.0,-18.4,-15.2,-10.1,0.0,75,148.5,33486.55,33435.66,4.2,35.0,0.0,198.0,0.0,1.0,4.2,4.0,22.2,0.0,15.2,0,0,0,0.0,0,0,0,0,0,0,0,0,5GSA,Unknown_ReEstResult
41.10585,29.01535,-140.0,-140.0,-140.0,-125.6,-122.6,-140.0,-140.0,-122.9,-121.5,-30.0,-30.0,-30.0,-20.2,-16.6,-30.0,-30.0,-17.4,-15.6,-8.5,0.0,75,144.1,34590.72,48679.12,17.6,10.0,0.0,159.0,0.0,1.0,17.6,4.0,22.2,0.0,9.2,0,0,0,0.0,0,0,0,0,0,0,0,0,5GSA,Unknown_ReEstResult
41.10589,29.02653,-140.0,-140.0,-140.0,-140.0,-140.0,-140.0,-140.0,-91.5,-96.9,-30.0,-30.0,-30.0,-30.0,-30.0,-30.0,-30.0,-11.1,-15.8,6.8,0.0,75,114.6,130280.18,79883.87,11.0,7.0,0.0,175.0,0.0,1.0,11.0,4.0,18.3,0.0,3.3,0,0,0,0.0,0,0,0,0,0,0,0,0,5GSA,Unknown_ReEstResult
41.10625,29.02645,-140.0,-140.0,-140.0,-140.0,-140.0,-140.0,-101.8,-101.4,-97.5,-30.0,-30.0,-30.0,-30.0,-30.0,-30.0,-15.3,-15.2,-13.0,-4.0,0.0,75,121.4,97034.24,93803.81,8.2,0.0,0.0,179.0,0.0,1.0,8.2,4.0,20.5,0.0,8.5,0,0,0,0.0,0,0,0,0,0,0,0,0,5GSA,Unknown_ReEstResult
41.10629,29.01565,-140.0,-140.0,-140.0,-140.0,-127.9,-140.0,-140.0,-115.1,-118.5,-30.0,-30.0,-30.0,-30.0,-23.8,-30.0,-30.0,-13.6,-16.9,3.1,0.0,75,134.7,95109.12,95919.95,11.3,0.0,0.0,185.0,0.0,1.0,11.3,4.0,21.7,0.0,10.7,0,0,0,0.0,0,0,0,0,0,0,0,0,5GSA,Unknown_ReEstResult
41.1067,29.02642,-140.0,-140.0,-140.0,-140.0,-140.0,-140.0,-91.4,-140.0,-98.2,-30.0,-30.0,-30.0,-30.0,-30.0,-30.0,-10.9,-30.0,-16.9,10.2,0.0,75,108.4,95703.04,93418.9,8.8,0.0,0.0,137.0,0.0,1.0,8.8,4.0,18.0,0.0,8.8,0,0,0,0.0,0,0,0,0,0,0,0,0,5GSA,Unknown_ReEstResult
41.10693,29.0215,-140.0,-140.0,-140.0,-140.0,-68.3,-140.0,-140.0,-140.0,-140.0,-30.0,-30.0,-30.0,-30.0,-10.3,-30.0,-30.0,-30.0,-30.0,33.0,0.0,75,91.6,96528.0,88552.08,1.0,0.0,0.0,57.0,0.0,1.0,1.0,4.0,17.5,0.0,0.0,0,0,0,0.0,0,0,0,0,0,0,0,0,5GSA,Unknown_ReEstResult
41.10751,29.02915,-140.0,-140.0,-140.0,-140.0,-140.0,-85.0,-140.0,-140.0,-87.9,-30.0,-30.0,-30.0,-30.0,-30.0,-11.7,-30.0,-30.0,-13.8,0.6,0.0,75,104.8,95718.55,92781.9,10.8,0.0,0.0,111.0,0.0,1.0,10.8,4.0,17.5,0.0,0.0,0,0,0,0.0,0,0,0,0,0,0,0,0,5GSA,Unknown_ReEstResult
41.10765,29.0221,-140.0,-140.0,-140.0,-87.2,-87.8,-140.0,-140.0,-140.0,-140.0,-30.0,-30.0,-30.0,-12.2,-12.3,-30.0,-30.0,-30.0,-30.0,3.3,0.0,75,107.8,97771.52,82527.55,11.5,0.0,0.0,79.0,0.0,1.0,11.5,4.0,17.5,0.0,0.0,0,0,0,0.0,0,0,0,0,0,0,0,0,5GSA,Unknown_ReEstResult
41.10772,29.02619,-140.0,-140.0,-140.0,-97.8,-140.0,-140.0,-92.3,-140.0,-94.3,-30.0,-30.0,-30.0,-17.6,-30.0,-30.0,-12.5,-30.0,-13.7,4.6,0.0,75,112.3,98590.72,80074.48,10.5,0.0,0.0,63.0,0.0,1.0,10.5,4.0,17.6,0.0,5.3,0,0,0,0.0,0,0,0,0,0,0,0,0,5GSA,Unknown_ReEstResult
41.10784,29.02608,-140.0,-140.0,-140.0,-92.6,-140.0,-140.0,-91.8,-140.0,-92.9,-30.0,-30.0,-30.0,-15.5,-30.0,-30.0,-12.8,-30.0,-14.1,-6.6,0.0,75,116.9,96399.36,93381.44,12.1,0.0,0.0,117.0,0.0,1.0,12.1,4.0,17.5,0.0,8.8,0,0,0,0.0,0,0,0,0,0,0,0,0,5GSA,Unknown_ReEstResult
41.10786,29.02063,-140.0,-140.0,-140.0,-106.6,-105.9,-140.0,-140.0,-140.0,-140.0,-30.0,-30.0,-30.0,-13.9,-12.9,-30.0,-30.0,-30.0,-30.0,1.5,0.0,75,126.5,98606.07,96245.73,8.1,0.0,0.0,60.0,0.0,1.0,8.1,4.0,19.9,0.0,8.1,0,0,0,0.0,0,0,0,0,0,0,0,0,5GSA,Unknown_ReEstResult
41.1079,29.02234,-140.0,-140.0,-140.0,-85.7,-86.6,-140.0,-140.0,-140.0,-140.0,-30.0,-30.0,-30.0,-12.0,-13.2,-30.0,-30.0,-30.0,-30.0,3.1,0.0,75,104.3,96947.31,94098.75,0.7,0.0,0.0,75.0,0.0,1.0,0.7,4.0,17.5,0.0,0.0,0,0,0,0.0,0,0,0,0,0,0,0,0,5GSA,Unknown_ReEstResult
41.1079,29.02911,-140.0,-140.0,-140.0,-140.0,-140.0,-83.9,-97.5,-140.0,-92.2,-30.0,-30.0,-30.0,-30.0,-30.0,-11.1,-22.6,-30.0,-20.1,13.1,0.0,75,97.9,95605.65,92952.15,6.7,0.0,0.0,71.0,0.0,1.0,6.7,4.0,17.5,0.0,0.0,0,0,0,0.0,0,0,0,0,0,0,0,0,5GSA,Unknown_ReEstResult
41.10791,29.02232,-140.0,-140.0,-140.0,-85.6,-87.0,-140.0,-140.0,-140.0,-140.0,-30.0,-30.0,-30.0,-11.1,-12.9,-30.0,-30.0,-30.0,-30.0,5.4,0.0,75,107.1,96337.92,94253.98,17.6,0.0,0.0,84.0,0.0,1.0,17.6,4.0,17.5,0.0,1.5,0,0,0,0.0,0,0,0,0,0,0,0,0,5GSA,Unknown_ReEstResult
41.10803,29.029,-140.0,-140.0,-140.0,-140.0,-140.0,-76.5,-140.0,-140.0,-97.5,-30.0,-30.0,-30.0,-30.0,-30.0,-10.4,-30.0,-30.0,-22.1,17.8,0.0,75,99.0,95191.04,93904.0,9.6,0.0,0.0,68.0,0.0,1.0,9.6,4.0,17.5,0.0,0.0,0,0,0,0.0,0,0,0,0,0,0,0,0,5GSA,Unknown_ReEstResult
41.10063,29.0211,-140.0,-140.0,-140.0,-140.0,-140.0,-140.0,-119.2,-115.8,-140.0,-30.0,-30.0,-30.0,-30.0,-30.0,-30.0,-15.9,-12.8,-30.0,1.1,0.0,76,134.7,22410.32,16383.43,5.2,0.0,0.0,265.0,0.0,1.0,5.2,4.0,22.0,0.0,10.2,0,0,0,0.0,0,0,0,0,0,0,0,0,5GSA,Unknown_ReEstResult
41.10099,29.02022,-140.0,-140.0,-140.0,-140.0,-140.0,-140.0,-115.9,-115.9,-140.0,-30.0,-30.0,-30.0,-30.0,-30.0,-30.0,-13.9,-14.3,-30.0,-0.3,0.0,76,132.9,32831.22,43101.89,2.6,0.0,0.0,267.0,0.0,1.0,2.6,4.0,21.8,0.0,12.9,0,0,0,0.0,0,0,0,0,0,0,0,0,5GSA,Unknown_ReEstResult
41.10108,29.01986,-140.0,-140.0,-121.7,-140.0,-140.0,-140.0,-118.8,-115.4,-140.0,-30.0,-30.0,-19.3,-30.0,-30.0,-30.0,-16.6,-13.9,-30.0,0.3,0.0,76,131.6,38485.25,8688.42,0.0,8.0,0.0,269.0,0.0,1.0,0.0,4.0,21.9,0.0,13.5,0,0,0,0.0,0,0,0,0,0,0,0,0,5GSA,Unknown_ReEstResult
41.10115,29.01951,-140.0,-140.0,-118.7,-140.0,-140.0,-140.0,-118.2,-116.4,-140.0,-30.0,-30.0,-17.1,-30.0,-30.0,-30.0,-15.9,-14.5,-30.0,-3.1,0.0,76,133.7,40857.6,36951.72,15.4,4.0,0.0,249.0,0.0,1.0,15.4,4.0,22.2,0.0,8.9,0,0,0,0.0,0,0,0,0,0,0,0,0,5GSA,Unknown_ReEstResult
41.10118,29.01944,-140.0,-140.0,-120.7,-140.0,-140.0,-140.0,-119.1,-118.5,-140.0,-30.0,-30.0,-18.1,-30.0,-30.0,-30.0,-16.3,-15.6,-30.0,-3.4,0.0,76,135.3,28427.52,21679.68,26.1,4.0,0.0,190.0,0.0,1.0,26.1,4.0,22.2,0.0,7.2,0,0,0,0.0,0,0,0,0,0,0,0,0,5GSA,Unknown_ReEstResult
41.10122,29.01926,-140.0,-140.0,-121.0,-140.0,-140.0,-140.0,-140.0,-118.5,-140.0,-30.0,-30.0,-17.1,-30.0,-30.0,-30.0,-30.0,-15.3,-30.0,-5.5,0.0,76,136.8,18329.6,17863.3,8.9,4.0,0.0,66.0,0.0,1.0,8.9,4.0,22.3,0.0,9.0,0,0,0,0.0,0,0,0,0,0,0,0,0,5GSA,Unknown_ReEstResult
41.10127,29.01905,-140.0,-140.0,-127.1,-140.0,-140.0,-140.0,-122.5,-119.2,-140.0,-30.0,-30.0,-21.2,-30.0,-30.0,-30.0,-17.0,-14.5,-30.0,-1.8,0.0,76,135.6,18698.24,15393.14,18.8,4.0,0.0,98.0,0.0,1.0,18.8,4.0,22.3,0.0,9.5,0,0,0,0.0,0,0,0,0,0,0,0,0,5GSA,Unknown_ReEstResult
41.10166,29.01841,-140.0,-129.5,-130.4,-140.0,-140.0,-140.0,-125.2,-124.8,-140.0,-30.0,-21.8,-22.6,-30.0,-30.0,-30.0,-17.9,-17.1,-30.0,-7.1,0.0,76,142.6,13750.25,9381.09,4.2,21.0,0.0,195.0,0.0,1.0,4.2,4.0,22.3,0.0,18.5,0,0,0,0.0,0,0,0,0,0,0,0,0,5GSA,Unknown_ReEstResult
41.10227,29.0179,-140.0,-125.5,-140.0,-140.0,-125.4,-140.0,-126.1,-123.8,-140.0,-30.0,-18.8,-30.0,-30.0,-18.7,-30.0,-19.5,-17.4,-30.0,-10.9,0.0,76,152.6,13845.2,9739.86,20.6,0.0,0.0,99.0,0.0,1.0,20.6,4.0,22.4,0.0,9.1,0,0,0,0.0,0,0,0,0,0,0,0,0,5GSA,Unknown_ReEstResult
41.10361,29.01704,-120.8,-110.9,-140.0,-140.0,-140.0,-140.0,-140.0,-114.3,-140.0,-21.3,-12.5,-30.0,-30.0,-30.0,-30.0,-30.0,-15.0,-30.0,4.6,0.0,76,131.0,110028.1,108183.48,6.9,0.0,0.0,71.0,0.0,1.0,6.9,4.0,20.7,0.0,11.0,0,0,0,0.0,0,0,0,0,0,0,0,0,5GSA,Unknown_ReEstResult
41.10399,29.01673,-122.4,-114.8,-140.0,-140.0,-140.0,-140.0,-140.0,-120.6,-140.0,-20.9,-13.2,-30.0,-30.0,-30.0,-30.0,-30.0,-17.9,-30.0,-7.4,0.0,76,139.3,29040.64,25019.96,9.7,9.0,0.0,91.0,0.0,1.0,9.7,4.0,22.2,0.0,10.1,0,0,0,0.0,0,0,0,0,0,0,0,0,5GSA,Unknown_ReEstResult
41.10427,29.01652,-140.0,-122.4,-140.0,-140.0,-137.2,-140.0,-140.0,-123.1,-140.0,-30.0,-15.3,-30.0,-30.0,-28.2,-30.0,-30.0,-16.6,-30.0,-8.4,0.0,76,143.4,16097.28,16941.06,21.2,2.0,0.0,112.0,0.0,1.0,21.2,4.0,22.3,0.0,11.2,0,0,0,0.0,0,0,0,0,0,0,0,0,5GSA,Unknown_ReEstResult
41.10437,29.01644,-124.7,-123.0,-140.0,-140.0,-140.0,-140.0,-140.0,-124.5,-140.0,-17.8,-16.1,-30.0,-30.0,-30.0,-30.0,-30.0,-16.4,-30.0,-7.8,0.0,76,143.3,16117.76,15609.57,9.6,11.0,0.0,110.0,0.0,1.0,9.6,4.0,22.4,0.0,14.5,0,0,0,0.0,0,0,0,0,0,0,0,0,5GSA,Unknown_ReEstResult
41.10474,29.02343,-92.2,-92.2,-140.0,-140.0,-140.0,-140.0,-140.0,-91.6,-140.0,-15.1,-14.6,-30.0,-30.0,-30.0,-30.0,-30.0,-13.2,-30.0,-0.9,0.0,76,108.3,96128.72,93026.34,7.9,0.0,0.0,124.0,0.0,1.0,7.9,4.0,17.5,0.0,4.7,0,0,0,0.0,0,0,0,0,0,0,0,0,5GSA,Unknown_ReEstResult
41.10478,29.01606,-140.0,-123.4,-140.0,-140.0,-140.0,-140.0,-140.0,-126.3,-140.0,-30.0,-15.2,-30.0,-30.0,-30.0,-30.0,-30.0,-18.2,-30.0,-11.2,0.0,76,147.0,11509.76,15575.2,35.0,12.0,0.0,167.0,0.0,1.0,35.0,4.0,22.5,0.0,14.9,0,0,0,0.0,0,0,0,0,0,0,0,0,5GSA,Unknown_ReEstResult
41.10484,29.01599,-140.0,-127.6,-140.0,-140.0,-126.5,-140.0,-140.0,-125.2,-140.0,-30.0,-19.0,-30.0,-30.0,-18.4,-30.0,-30.0,-16.6,-30.0,-7.5,0.0,76,144.8,17428.48,14877.34,6.1,14.0,0.0,125.0,0.0,1.0,6.1,4.0,22.4,0.0,12.6,0,0,0,0.0,0,0,0,0,0,0,0,0,5GSA,Unknown_ReEstResult
41.10497,29.02293,-76.7,-92.1,-117.9,-140.0,-140.0,-140.0,-140.0,-111.9,-140.0,-10.7,-23.8,-30.2,-30.0,-30.0,-30.0,-30.0,-29.4,-30.0,23.7,0.0,76,98.9,95503.24,86477.48,13.0,0.0,0.0,63.0,0.0,1.0,13.0,4.0,17.5,0.0,0.0,0,0,0,0.0,0,0,0,0,0,0,0,0,5GSA,Unknown_ReEstResult
41.10562,29.01536,-140.0,-140.0,-140.0,-140.0,-124.9,-140.0,-140.0,-125.1,-125.0,-30.0,-30.0,-30.0,-30.0,-17.6,-30.0,-30.0,-17.8,-17.3,-7.6,0.0,76,146.8,16035.84,22772.69,4.8,9.0,0.0,129.0,0.0,1.0,4.8,4.0,22.3,0.0,14.5,0,0,0,0.0,0,0,0,0,0,0,0,0,5GSA,Unknown_ReEstResult
41.10602,29.01543,-140.0,-140.0,-140.0,-123.2,-125.5,-140.0,-140.0,-123.0,-122.1,-30.0,-30.0,-30.0,-17.3,-20.0,-30.0,-30.0,-16.1,-16.3,-1.6,0.0,76,142.4,96881.4,74030.87,6.5,4.0,0.0,178.0,0.0,1.0,6.5,4.0,22.0,0.0,16.3,0,0,0,0.0,0,0,0,0,0,0,0,0,5GSA,Unknown_ReEstResult
41.10615,29.01551,-140.0,-140.0,-140.0,-140.0,-121.2,-140.0,-140.0,-120.5,-120.7,-30.0,-30.0,-30.0,-30.0,-16.3,-30.0,-30.0,-15.1,-15.5,-5.3,0.0,76,141.6,97024.11,94230.62,10.3,0.0,0.0,206.0,0.0,1.0,10.3,4.0,22.1,0.0,9.5,0,0,0,0.0,0,0,0,0,0,0,0,0,5GSA,Unknown_ReEstResult
41.10619,29.02264,-140.0,-140.0,-88.0,-140.0,-82.7,-140.0,-140.0,-140.0,-140.0,-30.0,-30.0,-15.2,-30.0,-11.4,-30.0,-30.0,-30.0,-30.0,6.0,0.0,76,104.2,97448.95,94163.77,9.4,0.0,0.0,94.0,0.0,1.0,9.4,4.0,17.5,0.0,1.0,0,0,0,0.0,0,0,0,0,0,0,0,0,5GSA,Unknown_ReEstResult
41.10628,29.01563,-140.0,-140.0,-140.0,-140.0,-140.0,-140.0,-140.0,-113.7,-119.5,-30.0,-30.0,-30.0,-30.0,-30.0,-30.0,-30.0,-12.4,-15.5,-0.1,0.0,76,137.9,96849.92,94488.9,7.9,0.0,0.0,189.0,0.0,1.0,7.9,4.0,21.3,0.0,9.5,0,0,0,0.0,0,0,0,0,0,0,0,0,5GSA,Unknown_ReEstResult
41.10631,29.02793,-140.0,-140.0,-140.0,-140.0,-140.0,-140.0,-140.0,-140.0,-80.6,-30.0,-30.0,-30.0,-30.0,-30.0,-30.0,-30.0,-30.0,-10.5,19.8,0.0,76,97.8,95601.28,93124.42,4.8,0.0,0.0,72.0,0.0,1.0,4.8,4.0,17.5,0.0,0.0,0,0,0,0.0,0,0,0,0,0,0,0,0,5GSA,Unknown_ReEstResult
41.10674,29.02845,-140.0,-140.0,-140.0,-140.0,-140.0,-83.8,-81.5,-140.0,-73.9,-30.0,-30.0,-30.0,-30.0,-30.0,-19.0,-12.9,-30.0,-10.6,11.4,0.0,76,96.4,97505.28,75161.64,7.0,0.0,0.0,37.0,0.0,1.0,7.0,4.0,17.5,0.0,0.9,0,0,0,0.0,0,0,0,0,0,0,0,0,5GSA,Unknown_ReEstResult
41.10744,29.01899,-140.0,-140.0,-120.1,-117.4,-115.8,-140.0,-140.0,-140.0,-113.7,-30.0,-30.0,-17.7,-18.1,-16.8,-30.0,-30.0,-30.0,-14.8,0.0,0.0,76,126.2,98447.36,95299.47,8.1,0.0,0.0,105.0,0.0,1.0,8.1,4.0,20.7,0.0,9.8,0,0,0,0.0,0,0,0,0,0,0,0,0,5GSA,Unknown_ReEstResult
41.1076,29.02622,-140.0,-140.0,-140.0,-104.4,-140.0,-140.0,-98.6,-140.0,-98.1,-30.0,-30.0,-30.0,-19.7,-30.0,-30.0,-13.3,-30.0,-13.0,3.2,0.0,76,116.8,95851.42,94100.21,6.8,0.0,0.0,159.0,0.0,1.0,6.8,4.0,18.6,0.0,8.0,0,0,0,0.0,0,0,0,0,0,0,0,0,5GSA,Unknown_ReEstResult
41.10779,29.02737,-140.0,-140.0,-140.0,-140.0,-140.0,-140.0,-70.2,-140.0,-71.4,-30.0,-30.0,-30.0,-30.0,-30.0,-30.0,-11.8,-30.0,-14.1,0.6,0.0,76,95.1,97428.42,92142.81,14.2,3.0,0.0,143.0,0.0,1.0,14.2,4.0,17.8,0.0,10.7,0,0,0,0.0,0,0,0,0,0,0,0,0,5GSA,Unknown_ReEstResult
41.1078,29.02911,-140.0,-140.0,-140.0,-140.0,-140.0,-81.2,-140.0,-140.0,-93.4,-30.0,-30.0,-30.0,-30.0,-30.0,-10.7,-30.0,-30.0,-16.7,11.7,0.0,76,100.2,95646.61,88877.52,10.2,0.0,0.0,80.0,0.0,1.0,10.2,4.0,17.5,0.0,0.0,0,0,0,0.0,0,0,0,0,0,0,0,0,5GSA,Unknown_ReEstResult
41.10784,29.02245,-140.0,-140.0,-140.0,-83.6,-84.6,-140.0,-140.0,-140.0,-140.0,-30.0,-30.0,-30.0,-11.8,-12.9,-30.0,-30.0,-30.0,-30.0,1.5,0.0,76,103.4,95964.25,92548.83,2.6,0.0,0.0,70.0,0.0,1.0,2.6,4.0,17.5,0.0,0.0,0,0,0,0.0,0,0,0,0,0,0,0,0,5GSA,Unknown_ReEstResult
41.10785,29.02583,-140.0,-140.0,-140.0,-94.6,-140.0,-140.0,-91.8,-140.0,-92.1,-30.0,-30.0,-30.0,-14.2,-30.0,-30.0,-13.8,-30.0,-14.0,-0.3,0.0,76,113.3,96358.4,93136.6,13.0,0.0,0.0,128.0,0.0,1.0,13.0,4.0,17.5,0.0,1.8,0,0,0,0.0,0,0,0,0,0,0,0,0,5GSA,Unknown_ReEstResult
41.10788,29.02632,-140.0,-140.0,-140.0,-92.3,-140.0,-140.0,-87.8,-140.0,-94.6,-30.0,-30.0,-30.0,-17.3,-30.0,-30.0,-11.7,-30.0,-17.8,6.8,0.0,76,106.7,97080.25,93788.34,2.0,0.0,0.0,76.0,0.0,1.0,2.0,4.0,17.6,0.0,0.0,0,0,0,0.0,0,0,0,0,0,0,0,0,5GSA,Unknown_ReEstResult
41.10796,29.02222,-140.0,-140.0,-140.0,-87.5,-91.0,-140.0,-140.0,-140.0,-140.0,-30.0,-30.0,-30.0,-12.5,-13.8,-30.0,-30.0,-30.0,-30.0,4.6,0.0,76,108.4,96341.38,93241.68,9.7,0.0,0.0,139.0,0.0,1.0,9.7,4.0,17.5,0.0,0.0,0,0,0,0.0,0,0,0,0,0,0,0,0,5GSA,Unknown_ReEstResult
41.10801,29.02187,-140.0,-140.0,-140.0,-90.8,-88.1,-140.0,-140.0,-140.0,-140.0,-30.0,-30.0,-30.0,-12.4,-11.9,-30.0,-30.0,-30.0,-30.0,-0.2,0.0,76,110.9,95713.03,93251.76,10.4,0.0,0.0,135.0,0.0,1.0,10.4,4.0,17.5,0.0,0.5,0,0,0,0.0,0,0,0,0,0,0,0,0,5GSA,Unknown_ReEstResult
41.09957,29.03005,-140.0,-140.0,-140.0,-140.0,-140.0,-140.0,-140.0,-140.0,-140.0,-30.0,-30.0,-30.0,-30.0,-30.0,-30.0,-30.0,-30.0,-30.0,-20.0,10.0,77,150.0,0.0,0.0,0.0,0.0,0.0,42.0,0.0,1.0,0.0,4.0,0.0,20.0,0.0,0,0,0,36.0,0,0,0,0,0,0,0,0,5GSA,Unknown_ReEstResult
41.09996,29.02204,-140.0,-140.0,-140.0,-140.0,-140.0,-140.0,-125.1,-119.5,-140.0,-30.0,-30.0,-30.0,-30.0,-30.0,-30.0,-17.7,-12.7,-30.0,1.3,0.0,77,135.7,27156.48,28901.9,7.3,11.0,0.0,131.0,0.0,1.0,7.3,4.0,22.3,0.0,11.6,0,0,0,0.0,0,0,0,0,0,0,0,0,5GSA,Unknown_ReEstResult
41.10025,29.02164,-140.0,-140.0,-140.0,-140.0,-140.0,-140.0,-123.3,-120.9,-140.0,-30.0,-30.0,-30.0,-30.0,-30.0,-30.0,-16.2,-13.7,-30.0,-1.7,0.0,77,137.3,16424.96,16186.86,24.8,14.0,0.0,165.0,0.0,1.0,24.8,4.0,22.3,0.0,13.1,0,0,0,0.0,0,0,0,0,0,0,0,0,5GSA,Unknown_ReEstResult
41.10049,29.02135,-140.0,-140.0,-140.0,-140.0,-140.0,-140.0,-120.7,-118.5,-140.0,-30.0,-30.0,-30.0,-30.0,-30.0,-30.0,-15.4,-13.4,-30.0,2.1,0.0,77,137.2,60907.52,58854.81,5.4,4.0,0.0,260.0,0.0,1.0,5.4,4.0,22.2,0.0,11.1,0,0,0,0.0,0,0,0,0,0,0,0,0,5GSA,Unknown_ReEstResult
41.10063,29.02113,-140.0,-140.0,-140.0,-140.0,-140.0,-140.0,-117.2,-116.5,-140.0,-30.0,-30.0,-30.0,-30.0,-30.0,-30.0,-14.0,-14.1,-30.0,-0.2,0.0,77,133.7,21402.81,27206.02,4.9,0.0,0.0,265.0,0.0,1.0,4.9,4.0,21.9,0.0,10.4,0,0,0,0.0,0,0,0,0,0,0,0,0,5GSA,Unknown_ReEstResult
41.10066,29.02105,-140.0,-140.0,-140.0,-140.0,-140.0,-140.0,-118.1,-115.9,-140.0,-30.0,-30.0,-30.0,-30.0,-30.0,-30.0,-14.5,-13.0,-30.0,1.4,0.0,77,133.0,34795.59,40296.81,8.5,0.0,0.0,265.0,0.0,1.0,8.5,4.0,21.9,0.0,11.0,0,0,0,0.0,0,0,0,0,0,0,0,0,5GSA,Unknown_ReEstResult
41.10115,29.01957,-140.0,-140.0,-118.7,-140.0,-140.0,-140.0,-118.0,-116.2,-140.0,-30.0,-30.0,-17.2,-30.0,-30.0,-30.0,-16.5,-14.7,-30.0,-1.9,0.0,77,133.0,37535.98,44846.89,1.3,3.0,0.0,268.0,0.0,1.0,1.3,4.0,22.0,0.0,8.8,0,0,0,0.0,0,0,0,0,0,0,0,0,5GSA,Unknown_ReEstResult
41.10129,29.01897,-140.0,-140.0,-126.7,-140.0,-126.9,-140.0,-124.3,-119.4,-140.0,-30.0,-30.0,-20.7,-30.0,-20.7,-30.0,-18.6,-14.0,-30.0,-2.7,0.0,77,138.5,12574.72,12743.4,12.0,3.0,0.0,78.0,0.0,1.0,12.0,4.0,22.3,0.0,10.9,0,0,0,0.0,0,0,0,0,0,0,0,0,5GSA,Unknown_ReEstResult
41.10134,29.01889,-140.0,-140.0,-133.7,-140.0,-121.9,-140.0,-121.5,-121.1,-140.0,-30.0,-30.0,-26.1,-30.0,-15.8,-30.0,-15.5,-14.9,-30.0,-4.3,0.0,77,140.1,12595.2,11276.08,4.7,5.0,0.0,85.0,0.0,1.0,4.7,4.0,22.3,0.0,8.5,0,0,0,0.0,0,0,0,0,0,0,0,0,5GSA,Unknown_ReEstResult
41.10292,29.01753,-140.0,-112.7,-140.0,-140.0,-140.0,-140.0,-140.0,-116.9,-140.0,-30.0,-12.6,-30.0,-30.0,-30.0,-30.0,-30.0,-16.0,-30.0,2.9,0.0,77,132.4,96880.76,94191.65,9.6,0.0,0.0,172.0,0.0,1.0,9.6,4.0,21.2,0.0,11.7,0,0,0,0.0,0,0,0,0,0,0,0,0,5GSA,Unknown_ReEstResult
41.10513,29.01572,-140.0,-126.5,-140.0,-140.0,-140.0,-140.0,-140.0,-118.9,-140.0,-30.0,-19.8,-30.0,-30.0,-30.0,-30.0,-30.0,-14.1,-30.0,-2.8,0.0,77,136.3,50854.5,46160.31,9.2,0.0,0.0,118.0,0.0,1.0,9.2,4.0,22.2,0.0,10.5,0,0,0,0.0,0,0,0,0,0,0,0,0,5GSA,Unknown_ReEstResult
41.10534,29.02753,-140.0,-140.0,-140.0,-140.0,-140.0,-140.0,-140.0,-65.9,-96.6,-30.0,-30.0,-30.0,-30.0,-30.0,-30.0,-30.0,-10.4,-23.1,23.7,0.0,77,86.2,98616.37,95281.34,11.9,0.0,0.0,29.0,0.0,1.0,11.9,4.0,17.5,0.0,0.0,0,0,0,0.0,0,0,0,0,0,0,0,0,5GSA,Unknown_ReEstResult
41.10572,29.02657,-140.0,-140.0,-140.0,-140.0,-140.0,-140.0,-140.0,-89.3,-95.8,-30.0,-30.0,-30.0,-30.0,-30.0,-30.0,-30.0,-10.8,-18.4,13.1,0.0,77,107.0,97402.88,94587.53,7.6,0.0,0.0,49.0,0.0,1.0,7.6,4.0,17.5,0.0,0.0,0,0,0,0.0,0,0,0,0,0,0,0,0,5GSA,Unknown_ReEstResult
41.10574,29.01534,-140.0,-140.0,-140.0,-140.0,-122.6,-140.0,-140.0,-126.1,-123.8,-30.0,-30.0,-30.0,-30.0,-16.4,-30.0,-30.0,-19.0,-17.3,-8.7,0.0,77,145.3,29532.16,23868.11,8.1,2.0,0.0,126.0,0.0,1.0,8.1,4.0,22.2,0.0,10.6,0,0,0,0.0,0,0,0,0,0,0,0,0,5GSA,Unknown_ReEstResult
41.10629,29.02644,-140.0,-140.0,-140.0,-140.0,-140.0,-140.0,-101.0,-103.9,-99.1,-30.0,-30.0,-30.0,-30.0,-30.0,-30.0,-14.9,-17.2,-12.3,0.2,0.0,77,119.9,96583.68,93822.34,8.6,0.0,0.0,167.0,0.0,1.0,8.6,4.0,20.4,0.0,8.0,0,0,0,0.0,0,0,0,0,0,0,0,0,5GSA,Unknown_ReEstResult
41.10674,29.01626,-140.0,-140.0,-140.0,-119.9,-116.6,-140.0,-140.0,-117.4,-119.8,-30.0,-30.0,-30.0,-18.6,-14.6,-30.0,-30.0,-16.0,-18.1,-3.6,0.0,77,140.3,98923.55,86349.73,10.5,0.0,0.0,117.0,0.0,1.0,10.5,4.0,20.9,0.0,9.5,0,0,0,0.0,0,0,0,0,0,0,0,0,5GSA,Unknown_ReEstResult
41.10718,29.01744,-140.0,-140.0,-121.9,-120.0,-119.8,-140.0,-140.0,-118.5,-119.0,-30.0,-30.0,-18.6,-17.7,-17.4,-30.0,-30.0,-16.6,-16.4,-7.1,0.0,77,144.9,101493.61,96160.13,7.6,0.0,0.0,230.0,0.0,1.0,7.6,4.0,21.8,0.0,11.9,0,0,0,0.0,0,0,0,0,0,0,0,0,5GSA,Unknown_ReEstResult
41.10785,29.02497,-140.0,-140.0,-140.0,-85.6,-140.0,-140.0,-94.6,-140.0,-140.0,-30.0,-30.0,-30.0,-10.7,-30.0,-30.0,-18.2,-30.0,-30.0,15.4,0.0,77,106.6,98611.2,76278.05,7.1,0.0,0.0,42.0,0.0,1.0,7.1,4.0,17.5,0.0,0.5,0,0,0,0.0,0,0,0,0,0,0,0,0,5GSA,Unknown_ReEstResult
41.10801,29.02181,-140.0,-140.0,-140.0,-93.6,-87.6,-140.0,-140.0,-140.0,-140.0,-30.0,-30.0,-30.0,-14.5,-11.1,-30.0,-30.0,-30.0,-30.0,-2.0,4.0,77,115.3,96358.4,0.0,9.4,0.0,0.0,142.0,0.0,1.0,9.4,4.0,17.5,-2.0,2.6,0,0,0,24.0,0,0,0,0,0,0,0,0,5GSA,Unknown_ReEstResult
41.1011,29.01975,-140.0,-140.0,-117.8,-140.0,-140.0,-140.0,-117.4,-115.4,-140.0,-30.0,-30.0,-16.6,-30.0,-30.0,-30.0,-16.2,-14.7,-30.0,-0.5,0.0,78,132.5,23859.26,15529.44,0.0,2.0,0.0,268.0,0.0,1.0,0.0,4.0,22.0,0.0,10.2,0,0,0,0.0,0,0,0,0,0,0,0,0,5GSA,Unknown_ReEstResult
41.10199,29.01811,-140.0,-122.9,-122.4,-140.0,-124.1,-140.0,-133.5,-122.7,-140.0,-30.0,-18.0,-18.0,-30.0,-19.1,-30.0,-26.9,-18.2,-30.0,-6.1,0.0,78,144.9,11652.51,11974.6,7.4,2.0,0.0,109.0,0.0,1.0,7.4,4.0,22.3,0.0,10.5,0,0,0,0.0,0,0,0,0,0,0,0,0,5GSA,Unknown_ReEstResult
41.10358,29.01705,-114.6,-109.9,-140.0,-140.0,-140.0,-140.0,-140.0,-115.8,-140.0,-17.3,-12.0,-30.0,-30.0,-30.0,-30.0,-30.0,-16.0,-30.0,4.7,0.0,78,130.8,98432.0,100953.2,9.4,0.0,0.0,70.0,0.0,1.0,9.4,4.0,20.8,0.0,10.7,0,0,0,0.0,0,0,0,0,0,0,0,0,5GSA,Unknown_ReEstResult
41.10463,29.02241,-74.3,-96.8,-140.0,-140.0,-140.0,-140.0,-140.0,-89.6,-140.0,-10.9,-25.7,-30.0,-30.0,-30.0,-30.0,-30.0,-22.6,-30.0,17.8,0.0,78,90.2,96645.12,94411.29,4.7,0.0,0.0,58.0,0.0,1.0,4.7,4.0,17.5,0.0,0.0,0,0,0,0.0,0,0,0,0,0,0,0,0,5GSA,Unknown_ReEstResult
41.10472,29.02314,-82.0,-140.0,-153.6,-140.0,-140.0,-140.0,-140.0,-91.9,-140.0,-11.9,-30.0,-42.1,-30.0,-30.0,-30.0,-30.0,-18.6,-30.0,8.0,0.0,78,100.2,95641.6,92883.86,1.4,0.0,0.0,74.0,0.0,1.0,1.4,4.0,17.5,0.0,0.0,0,0,0,0.0,0,0,0,0,0,0,0,0,5GSA,Unknown_ReEstResult
41.10491,29.02439,-95.8,-140.0,-140.0,-140.0,-140.0,-140.0,-140.0,-85.2,-140.0,-17.2,-30.0,-30.0,-30.0,-30.0,-30.0,-30.0,-10.6,-30.0,13.2,0.0,78,104.7,95703.04,88033.37,5.7,0.0,0.0,105.0,0.0,1.0,5.7,4.0,17.5,0.0,0.0,0,0,0,0.0,0,0,0,0,0,0,0,0,5GSA,Unknown_ReEstResult
41.10566,29.02276,-90.0,-140.0,-79.1,-140.0,-92.5,-140.0,-140.0,-140.0,-140.0,-15.4,-30.0,-11.4,-30.0,-20.1,-30.0,-30.0,-30.0,-30.0,1.0,5.0,78,108.3,96087.12,0.0,6.7,0.0,0.0,87.0,0.0,1.0,6.7,4.0,17.5,-12.0,0.0,0,0,0,12.0,0,0,0,0,0,0,0,0,5GSA,Unknown_ReEstResult
41.10627,29.02645,-140.0,-140.0,-140.0,-140.0,-140.0,-140.0,-101.3,-104.2,-99.9,-30.0,-30.0,-30.0,-30.0,-30.0,-30.0,-14.7,-16.7,-13.7,-1.6,0.0,78,119.5,96768.0,93866.02,10.8,0.0,0.0,170.0,0.0,1.0,10.8,4.0,20.4,0.0,8.0,0,0,0,0.0,0,0,0,0,0,0,0,0,5GSA,Unknown_ReEstResult
41.10721,29.0263,-140.0,-140.0,-140.0,-140.0,-140.0,-140.0,-97.9,-140.0,-102.0,-30.0,-30.0,-30.0,-30.0,-30.0,-30.0,-11.7,-30.0,-16.7,7.7,0.0,78,116.3,96830.08,93747.62,6.3,0.0,0.0,168.0,0.0,1.0,6.3,4.0,18.5,0.0,8.5,0,0,0,0.0,0,0,0,0,0,0,0,0,5GSA,Unknown_ReEstResult
41.10724,29.01779,-140.0,-140.0,-140.0,-140.0,-123.5,-140.0,-140.0,-119.6,-121.5,-30.0,-30.0,-30.0,-30.0,-18.5,-30.0,-30.0,-15.0,-17.3,-5.0,0.0,78,147.4,84464.26,81706.57,7.7,0.0,0.0,144.0,0.0,1.0,7.7,4.0,22.0,0.0,24.7,0,0,0,0.0,0,0,0,0,0,0,0,0,5GSA,Unknown_ReEstResult
41.10749,29.02292,-140.0,-140.0,-140.0,-87.1,-88.6,-140.0,-140.0,-140.0,-140.0,-30.0,-30.0,-30.0,-12.1,-13.2,-30.0,-30.0,-30.0,-30.0,3.6,0.0,78,107.8,97198.08,94707.01,8.5,0.0,0.0,41.0,0.0,1.0,8.5,4.0,17.5,0.0,2.4,0,0,0,0.0,0,0,0,0,0,0,0,0,5GSA,Unknown_ReEstResult
41.10778,29.02254,-140.0,-140.0,-140.0,-82.8,-85.4,-140.0,-140.0,-140.0,-140.0,-30.0,-30.0,-30.0,-11.3,-13.3,-30.0,-30.0,-30.0,-30.0,2.7,0.0,78,102.5,96158.6,93084.77,0.3,0.0,0.0,71.0,0.0,1.0,0.3,4.0,17.5,0.0,0.0,0,0,0,0.0,0,0,0,0,0,0,0,0,5GSA,Unknown_ReEstResult
41.10119,29.0194,-140.0,-140.0,-118.9,-140.0,-140.0,-140.0,-119.7,-118.2,-140.0,-30.0,-30.0,-16.3,-30.0,-30.0,-30.0,-16.7,-15.6,-30.0,-4.7,0.0,79,136.7,25374.72,20114.47,22.4,6.0,0.0,129.0,0.0,1.0,22.4,4.0,22.2,0.0,13.1,0,0,0,0.0,0,0,0,0,0,0,0,0,5GSA,Unknown_ReEstResult
41.10126,29.01913,-140.0,-140.0,-128.2,-140.0,-140.0,-140.0,-120.7,-121.0,-140.0,-30.0,-30.0,-21.7,-30.0,-30.0,-30.0,-15.8,-15.8,-30.0,-4.0,0.0,79,140.9,17490.83,18566.21,21.3,0.0,0.0,98.0,0.0,1.0,21.3,4.0,22.3,0.0,8.0,0,0,0,0.0,0,0,0,0,0,0,0,0,5GSA,Unknown_ReEstResult
41.10207,29.01805,-140.0,-123.8,-127.0,-140.0,-140.0,-140.0,-140.0,-121.6,-140.0,-30.0,-18.1,-21.1,-30.0,-30.0,-30.0,-30.0,-16.7,-30.0,-6.5,0.0,79,146.5,12246.4,11260.31,12.1,3.0,0.0,120.0,0.0,1.0,12.1,4.0,22.3,0.0,11.6,0,0,0,0.0,0,0,0,0,0,0,0,0,5GSA,Unknown_ReEstResult
41.10553,29.02279,-86.8,-140.0,-88.9,-140.0,-97.3,-140.0,-140.0,-140.0,-140.0,-13.2,-30.0,-15.0,-30.0,-21.4,-30.0,-30.0,-30.0,-30.0,2.8,0.0,79,106.2,95718.49,93034.36,11.2,0.0,0.0,81.0,0.0,1.0,11.2,4.0,17.5,0.0,0.0,0,0,0,0.0,0,0,0,0,0,0,0,0,5GSA,Unknown_ReEstResult
41.10579,29.01534,-140.0,-140.0,-140.0,-124.9,-123.4,-140.0,-140.0,-124.4,-125.4,-30.0,-30.0,-30.0,-18.2,-16.9,-30.0,-30.0,-18.4,-18.4,-10.6,0.0,79,146.9,26544.11,32195.62,10.3,6.0,0.0,121.0,0.0,1.0,10.3,4.0,22.2,0.0,11.1,0,0,0,0.0,0,0,0,0,0,0,0,0,5GSA,Unknown_ReEstResult
41.1064,29.0158,-140.0,-140.0,-140.0,-116.5,-120.1,-140.0,-140.0,-116.8,-117.2,-30.0,-30.0,-30.0,-13.7,-17.6,-30.0,-30.0,-15.1,-14.8,-4.9,0.0,79,134.8,99635.2,96851.97,10.5,0.0,0.0,191.0,0.0,1.0,10.5,4.0,21.5,0.0,9.5,0,0,0,0.0,0,0,0,0,0,0,0,0,5GSA,Unknown_ReEstResult
41.10714,29.02161,-140.0,-140.0,-140.0,-140.0,-71.0,-140.0,-140.0,-140.0,-140.0,-30.0,-30.0,-30.0,-30.0,-10.4,-30.0,-30.0,-30.0,-30.0,30.7,0.0,79,91.6,94740.48,92734.87,9.1,0.0,0.0,62.0,0.0,1.0,9.1,4.0,17.5,0.0,0.0,0,0,0,0.0,0,0,0,0,0,0,0,0,5GSA,Unknown_ReEstResult
41.10736,29.01874,-140.0,-140.0,-140.0,-125.5,-125.7,-140.0,-140.0,-123.1,-123.1,-30.0,-30.0,-30.0,-18.2,-18.3,-30.0,-30.0,-15.1,-16.5,-10.9,0.0,79,152.5,19395.57,16047.61,8.5,7.0,0.0,194.0,0.0,1.0,8.5,4.0,22.3,0.0,15.1,0,0,0,0.0,0,0,0,0,0,0,0,0,5GSA,Unknown_ReEstResult
41.10767,29.02216,-140.0,-140.0,-140.0,-84.8,-88.4,-140.0,-140.0,-140.0,-140.0,-30.0,-30.0,-30.0,-11.4,-14.0,-30.0,-30.0,-30.0,-30.0,-0.7,0.0,79,108.8,98416.57,94536.8,7.5,0.0,0.0,82.0,0.0,1.0,7.5,4.0,17.5,0.0,0.0,0,0,0,0.0,0,0,0,0,0,0,0,0,5GSA,Unknown_ReEstResult
41.10786,29.02661,-140.0,-140.0,-140.0,-140.0,-140.0,-95.6,-84.5,-140.0,-94.4,-30.0,-30.0,-30.0,-30.0,-30.0,-19.6,-10.9,-30.0,-19.0,10.5,0.0,79,105.3,96337.92,103627.73,5.6,0.0,0.0,75.0,0.0,1.0,5.6,4.0,17.5,0.0,0.0,0,0,0,0.0,0,0,0,0,0,0,0,0,5GSA,Unknown_ReEstResult
41.10459,29.01621,-140.0,-126.4,-140.0,-140.0,-140.0,-140.0,-140.0,-125.9,-140.0,-30.0,-17.4,-30.0,-30.0,-30.0,-30.0,-30.0,-16.4,-30.0,-6.3,0.0,80,146.7,16896.0,15630.05,9.1,9.0,0.0,113.0,0.0,1.0,9.1,4.0,22.4,0.0,17.6,0,0,0,0.0,0,0,0,0,0,0,0,0,5GSA,Unknown_ReEstResult
41.10572,29.02274,-94.7,-140.0,-76.5,-140.0,-89.4,-140.0,-140.0,-140.0,-140.0,-20.6,-30.0,-10.8,-30.0,-21.3,-30.0,-30.0,-30.0,-30.0,7.1,0.0,80,100.4,142432.84,83242.73,6.2,0.0,0.0,97.0,0.0,1.0,6.2,4.0,17.6,0.0,0.0,0,0,0,0.0,0,0,0,0,0,0,0,0,5GSA,Unknown_ReEstResult
41.10626,29.01561,-140.0,-140.0,-140.0,-123.1,-124.6,-140.0,-140.0,-118.6,-121.3,-30.0,-30.0,-30.0,-17.8,-17.9,-30.0,-30.0,-14.2,-16.1,-4.2,0.0,80,140.2,97136.64,93905.09,8.1,0.0,0.0,202.0,0.0,1.0,8.1,4.0,21.5,0.0,10.6,0,0,0,0.0,0,0,0,0,0,0,0,0,5GSA,Unknown_ReEstResult
41.1063,29.01567,-140.0,-140.0,-140.0,-140.0,-120.7,-140.0,-140.0,-115.4,-115.5,-30.0,-30.0,-30.0,-30.0,-18.1,-30.0,-30.0,-14.4,-13.8,-5.6,0.0,80,143.4,98483.2,95423.45,8.8,0.0,0.0,127.0,0.0,1.0,8.8,4.0,21.3,0.0,10.9,0,0,0,0.0,0,0,0,0,0,0,0,0,5GSA,Unknown_ReEstResult
41.10632,29.02644,-140.0,-140.0,-140.0,-140.0,-140.0,-140.0,-99.1,-101.2,-98.1,-30.0,-30.0,-30.0,-30.0,-30.0,-30.0,-14.5,-16.4,-13.1,0.5,0.0,80,117.9,96583.68,93677.38,4.7,0.0,0.0,164.0,0.0,1.0,4.7,4.0,19.7,0.0,10.6,0,0,0,0.0,0,0,0,0,0,0,0,0,5GSA,Unknown_ReEstResult
41.10633,29.0157,-140.0,-140.0,-140.0,-140.0,-125.7,-140.0,-140.0,-114.7,-115.5,-30.0,-30.0,-30.0,-30.0,-21.1,-30.0,-30.0,-13.6,-14.6,-1.3,0.0,80,136.1,98554.88,95442.12,9.4,0.0,0.0,155.0,0.0,1.0,9.4,4.0,21.6,0.0,10.5,0,0,0,0.0,0,0,0,0,0,0,0,0,5GSA,Unknown_ReEstResult
41.10715,29.01735,-140.0,-140.0,-122.0,-121.2,-121.9,-140.0,-140.0,-121.6,-119.3,-30.0,-30.0,-19.7,-18.0,-18.9,-30.0,-30.0,-18.6,-16.7,-8.2,0.0,80,153.1,97812.48,94147.59,12.0,0.0,0.0,256.0,0.0,1.0,12.0,4.0,21.9,0.0,6.6,0,0,0,0.0,0,0,0,0,0,0,0,0,5GSA,Unknown_ReEstResult
41.10791,29.02658,-140.0,-140.0,-140.0,-95.5,-140.0,-96.7,-90.7,-140.0,-98.0,-30.0,-30.0,-30.0,-16.7,-30.0,-15.5,-11.2,-30.0,-18.2,9.1,0.0,80,109.8,95703.04,92926.3,0.0,0.0,0.0,124.0,0.0,1.0,0.0,4.0,17.5,0.0,0.0,0,0,0,0.0,0,0,0,0,0,0,0,0,5GSA,Unknown_ReEstResult
41.10416,29.01662,-121.9,-120.0,-140.0,-140.0,-140.0,-140.0,-126.1,-125.0,-140.0,-17.8,-14.6,-30.0,-30.0,-30.0,-30.0,-19.6,-18.6,-30.0,-7.6,0.0,81,142.2,17530.88,17076.75,7.0,13.0,0.0,91.0,0.0,1.0,7.0,4.0,22.2,0.0,9.5,0,0,0,0.0,0,0,0,0,0,0,0,0,5GSA,Unknown_ReEstResult
41.1059,29.01536,-140.0,-140.0,-140.0,-132.2,-140.0,-140.0,-140.0,-123.6,-122.1,-30.0,-30.0,-30.0,-24.4,-30.0,-30.0,-30.0,-16.5,-15.5,-7.8,0.0,81,142.1,41594.88,46382.38,6.1,6.0,0.0,203.0,0.0,1.0,6.1,4.0,22.2,0.0,12.2,0,0,0,0.0,0,0,0,0,0,0,0,0,5GSA,Unknown_ReEstResult
41.10766,29.02362,-140.0,-140.0,-140.0,-61.6,-140.0,-140.0,-140.0,-140.0,-140.0,-30.0,-30.0,-30.0,-10.3,-30.0,-30.0,-30.0,-30.0,-30.0,37.4,0.0,81,84.3,97326.05,0.0,0.2,0.0,0.0,24.0,0.0,1.0,0.2,4.0,17.5,0.0,0.0,0,0,0,0.0,0,0,0,0,0,0,0,0,5GSA,Unknown_ReEstResult
41.10781,29.02611,-140.0,-140.0,-140.0,-95.5,-140.0,-100.4,-90.2,-140.0,-88.1,-30.0,-30.0,-30.0,-18.9,-30.0,-22.0,-13.5,-30.0,-12.2,3.8,0.0,81,111.4,96153.6,93301.18,1.7,0.0,0.0,100.0,0.0,1.0,1.7,4.0,17.5,0.0,1.3,0,0,0,0.0,0,0,0,0,0,0,0,0,5GSA,Unknown_ReEstResult
41.10783,29.02614,-140.0,-140.0,-140.0,-92.9,-140.0,-101.0,-90.6,-140.0,-94.9,-30.0,-30.0,-30.0,-16.5,-30.0,-21.9,-12.7,-30.0,-15.9,-2.1,0.0,81,112.7,96092.16,97286.98,13.3,0.0,0.0,98.0,0.0,1.0,13.3,4.0,17.8,0.0,10.5,0,0,0,0.0,0,0,0,0,0,0,0,0,5GSA,Unknown_ReEstResult
41.10792,29.0223,-140.0,-140.0,-140.0,-85.5,-89.5,-140.0,-140.0,-140.0,-140.0,-30.0,-30.0,-30.0,-11.2,-12.9,-30.0,-30.0,-30.0,-30.0,4.9,0.0,81,110.8,97669.12,93976.75,15.8,0.0,0.0,91.0,0.0,1.0,15.8,4.0,17.5,0.0,0.0,0,0,0,0.0,0,0,0,0,0,0,0,0,5GSA,Unknown_ReEstResult
41.10472,29.02309,-85.7,-140.0,-98.3,-140.0,-140.0,-140.0,-140.0,-91.3,-140.0,-12.5,-30.0,-20.5,-30.0,-30.0,-30.0,-30.0,-17.3,-30.0,5.7,0.0,82,108.2,286.69,92565.27,9.3,2.0,0.0,136.0,0.0,1.0,9.3,4.0,17.9,0.0,2.9,0,0,0,0.0,0,0,0,0,0,0,0,0,5GSA,Unknown_ReEstResult
41.10635,29.02645,-140.0,-140.0,-140.0,-140.0,-140.0,-140.0,-99.1,-104.4,-100.5,-30.0,-30.0,-30.0,-30.0,-30.0,-30.0,-12.7,-19.2,-15.8,3.8,0.0,82,117.1,97131.55,97587.21,11.7,0.0,0.0,154.0,0.0,1.0,11.7,4.0,19.7,0.0,7.1,0,0,0,0.0,0,0,0,0,0,0,0,0,5GSA,Unknown_ReEstResult
41.10793,29.02095,-140.0,-140.0,-140.0,-104.9,-106.1,-140.0,-140.0,-140.0,-140.0,-30.0,-30.0,-30.0,-13.0,-13.5,-30.0,-30.0,-30.0,-30.0,-0.8,0.0,82,126.3,27627.52,16174.74,0.0,8.0,0.0,210.0,0.0,1.0,0.0,4.0,18.6,0.0,10.2,0,0,0,0.0,0,0,0,0,0,0,0,0,5GSA,Unknown_ReEstResult
41.10455,29.01625,-140.0,-127.5,-140.0,-140.0,-127.9,-140.0,-140.0,-123.2,-140.0,-30.0,-18.7,-30.0,-30.0,-19.3,-30.0,-30.0,-14.8,-30.0,-4.8,0.0,83,139.5,15074.06,15970.09,9.4,24.0,0.0,105.0,0.0,1.0,9.4,4.0,22.4,0.0,16.9,0,0,0,0.0,0,0,0,0,0,0,0,0,5GSA,Unknown_ReEstResult
41.10753,29.01918,-140.0,-128.6,-117.9,-140.0,-117.3,-140.0,-140.0,-140.0,-116.1,-30.0,-25.1,-16.6,-30.0,-15.7,-30.0,-30.0,-30.0,-15.6,-9.6,0.0,84,143.3,7598.08,8509.98,5.2,16.0,0.0,117.0,0.0,1.0,5.2,4.0,22.4,0.0,15.5,0,0,0,0.0,0,0,0,0,0,0,0,0,5GSA,Unknown_ReEstResult
41.10765,29.0236,-140.0,-140.0,-140.0,-56.1,-64.0,-140.0,-140.0,-140.0,-140.0,-30.0,-30.0,-30.0,-10.3,-19.2,-30.0,-30.0,-30.0,-30.0,-16.3,0.0,84,150.0,0.0,0.0,0.0,0.0,0.0,30.0,0.0,1.0,0.0,4.0,0.0,20.0,0.0,0,0,0,14.0,0,0,0,0,0,0,0,0,5GSA,Re-establishment failure after Request
41.09923,29.02385,-140.0,-140.0,-140.0,-140.0,-140.0,-140.0,-140.0,-127.3,-140.0,-30.0,-30.0,-30.0,-30.0,-30.0,-30.0,-30.0,-14.7,-30.0,-20.0,26.0,85,150.0,0.0,0.0,0.0,0.0,0.0,30.0,0.0,1.0,0.0,4.0,0.0,0.0,0.0,0,0,0,41.0,0,0,0,0,0,0,0,0,5GSA,Unknown_ReEstResult
41.10762,29.02345,-140.0,-140.0,-140.0,-69.4,-80.8,-140.0,-140.0,-140.0,-140.0,-30.0,-30.0,-30.0,-10.4,-19.6,-30.0,-30.0,-30.0,-30.0,-17.0,0.0,85,153.9,0.0,88391.08,0.2,0.0,0.0,25.0,0.0,1.0,0.2,4.0,17.5,0.0,12.5,0,0,0,0.0,0,0,0,0,0,0,0,0,5GSA,Unknown_ReEstResult
41.10544,29.02766,-140.0,-140.0,-140.0,-140.0,-140.0,-140.0,-140.0,-71.9,-82.8,-30.0,-30.0,-30.0,-30.0,-30.0,-30.0,-30.0,-10.7,-16.1,-5.7,1.0,87,99.5,95068.16,94401.7,3.7,0.0,0.0,34.0,0.0,1.0,3.7,4.0,17.5,-26.0,0.0,0,0,0,2.0,0,0,0,0,0,0,0,0,5GSA,Unknown_ReEstResult
41.10727,29.01792,-140.0,-140.0,-140.0,-123.1,-125.9,-140.0,-140.0,-120.7,-121.9,-30.0,-30.0,-30.0,-17.4,-20.2,-30.0,-30.0,-16.5,-16.5,-8.8,35.0,93,148.0,98636.8,0.0,10.8,0.0,0.0,193.0,0.0,1.0,10.8,4.0,21.8,30.0,9.4,0,0,0,30.0,0,0,0,0,0,0,0,0,5GSA,Unknown_ReEstResult
41.10363,29.01702,-116.9,-109.8,-140.0,-140.0,-140.0,-140.0,-140.0,-114.9,-140.0,-16.1,-12.1,-30.0,-30.0,-30.0,-30.0,-30.0,-15.5,-30.0,-3.3,11.0,94,132.6,98575.17,83517.77,10.8,0.0,0.0,107.0,0.0,1.0,10.8,4.0,21.6,20.0,12.0,0,0,0,33.0,0,0,0,0,0,0,0,0,5GSA,Unknown_ReEstResult
41.10612,29.02266,-140.0,-140.0,-90.3,-140.0,-86.0,-140.0,-140.0,-140.0,-140.0,-30.0,-30.0,-15.2,-30.0,-12.5,-30.0,-30.0,-30.0,-30.0,-0.5,4.0,94,109.7,97439.43,93988.97,5.5,0.0,0.0,98.0,0.0,1.0,5.5,4.0,17.5,-6.0,0.5,0,0,0,13.0,0,0,0,0,0,0,0,0,5GSA,Unknown_ReEstResult
41.10739,29.02911,-140.0,-140.0,-140.0,-140.0,-140.0,-84.4,-140.0,-140.0,-92.1,-30.0,-30.0,-30.0,-30.0,-30.0,-11.1,-30.0,-30.0,-15.9,-1.0,4.0,94,108.5,95436.8,75247.77,8.0,0.0,0.0,113.0,0.0,1.0,8.0,4.0,17.5,-8.0,2.4,0,0,0,20.0,0,0,0,0,0,0,0,0,5GSA,Unknown_ReEstResult
41.10637,29.02161,-140.0,-140.0,-84.2,-140.0,-79.3,-140.0,-140.0,-140.0,-140.0,-30.0,-30.0,-13.8,-30.0,-10.9,-30.0,-30.0,-30.0,-30.0,5.6,4.0,96,110.0,97730.56,94397.74,9.1,0.0,0.0,40.0,0.0,1.0,9.1,4.0,17.5,-12.0,1.6,0,0,0,6.0,0,0,0,0,0,0,0,0,5GSA,Unknown_ReEstResult
41.10173,29.01833,-140.0,-133.7,-140.0,-140.0,-127.2,-140.0,-126.4,-124.7,-140.0,-30.0,-25.1,-30.0,-30.0,-19.5,-30.0,-18.9,-17.3,-30.0,-9.5,36.0,99,157.3,8642.56,10721.42,6.6,20.0,0.0,213.0,0.0,1.0,6.6,4.0,22.5,0.0,27.2,0,0,0,34.0,0,0,0,0,0,0,0,0,5GSA,Unknown_ReEstResult
41.10764,29.02356,-140.0,-140.0,-140.0,-58.2,-72.0,-140.0,-140.0,-140.0,-140.0,-30.0,-30.0,-30.0,-10.4,-19.9,-30.0,-30.0,-30.0,-30.0,35.8,0.0,100,88.5,0.0,78711.24,1.5,0.0,0.0,24.0,0.0,1.0,1.5,4.0,17.5,0.0,1.0,0,0,0,0.0,0,0,0,0,0,0,0,0,5GSA,Unknown_ReEstResult
41.10512,29.01982,-140.0,-105.3,-91.7,-140.0,-140.0,-140.0,-140.0,-140.0,-140.0,-30.0,-20.0,-10.9,-30.0,-30.0,-30.0,-30.0,-30.0,-30.0,-6.7,3.0,101,122.6,91898.58,80831.38,11.2,2.0,0.0,164.0,0.0,1.0,11.2,4.0,20.0,14.0,6.6,0,0,0,5.0,0,0,0,0,0,0,0,0,5GSA,Unknown_ReEstResult
41.1062,29.02646,-140.0,-140.0,-140.0,-140.0,-140.0,-140.0,-102.2,-101.0,-96.7,-30.0,-30.0,-30.0,-30.0,-30.0,-30.0,-16.6,-15.0,-12.5,-5.9,4.0,101,123.9,61027.2,93653.26,7.8,0.0,0.0,183.0,0.0,1.0,7.8,4.0,20.6,6.0,8.5,0,0,0,9.0,0,0,0,0,0,0,0,0,5GSA,Unknown_ReEstResult
41.10804,29.02808,-140.0,-140.0,-140.0,-140.0,-140.0,-77.4,-78.6,-140.0,-81.3,-30.0,-30.0,-30.0,-30.0,-30.0,-12.9,-14.1,-30.0,-14.9,-1.9,1.0,101,100.2,96947.28,79189.98,4.1,0.0,0.0,76.0,0.0,1.0,4.1,4.0,17.5,-20.0,0.0,0,0,0,18.0,0,0,0,0,0,0,0,0,5GSA,Unknown_ReEstResult
41.10455,29.02158,-70.2,-65.9,-140.0,-140.0,-140.0,-140.0,-140.0,-140.0,-140.0,-14.2,-11.6,-30.0,-30.0,-30.0,-30.0,-30.0,-30.0,-30.0,-2.5,1.0,103,89.0,97438.73,94748.8,0.5,0.0,0.0,24.0,0.0,1.0,0.5,4.0,17.5,-28.0,0.0,0,0,0,4.0,0,0,0,0,0,0,0,0,5GSA,Unknown_ReEstResult
41.1077,29.02379,-140.0,-140.0,-140.0,-60.2,-140.0,-140.0,-140.0,-140.0,-140.0,-30.0,-30.0,-30.0,-10.3,-30.0,-30.0,-30.0,-30.0,-30.0,36.7,0.0,103,85.3,97444.55,93443.21,1.5,0.0,0.0,24.0,0.0,1.0,1.5,4.0,17.5,0.0,0.0,0,0,0,0.0,0,0,0,0,0,0,0,0,5GSA,Unknown_ReEstResult
41.10472,29.02313,-87.9,-93.2,-95.5,-140.0,-140.0,-140.0,-140.0,-92.1,-140.0,-13.1,-17.8,-18.8,-30.0,-30.0,-30.0,-30.0,-16.3,-30.0,-3.3,4.0,105,108.5,95549.13,102586.1,17.9,0.0,0.0,156.0,0.0,1.0,17.9,4.0,18.1,-2.0,6.8,0,0,0,3.0,0,0,0,0,0,0,0,0,5GSA,Unknown_ReEstResult
41.10757,29.01928,-140.0,-121.6,-118.3,-140.0,-118.0,-140.0,-140.0,-120.9,-117.3,-30.0,-20.1,-17.4,-30.0,-16.9,-30.0,-30.0,-19.1,-16.7,-8.0,13.0,108,143.3,98462.72,98389.09,4.3,4.0,0.0,224.0,0.0,1.0,4.3,4.0,20.9,27.0,7.6,0,0,0,26.0,0,0,0,0,0,0,0,0,5GSA,Unknown_ReEstResult
41.10753,29.01915,-140.0,-121.5,-126.5,-120.8,-118.1,-140.0,-140.0,-119.5,-116.8,-30.0,-19.8,-23.2,-17.9,-16.6,-30.0,-30.0,-17.6,-15.8,-12.6,25.0,109,143.4,10997.76,9382.1,14.5,69.0,0.0,135.0,0.0,1.0,14.5,4.0,22.4,0.0,24.6,0,0,0,27.0,0,0,0,0,0,0,0,0,5GSA,Unknown_ReEstResult
41.10657,29.01601,-140.0,-140.0,-140.0,-116.7,-118.9,-140.0,-140.0,-116.8,-119.2,-30.0,-30.0,-30.0,-17.0,-16.1,-30.0,-30.0,-15.1,-16.9,-5.9,30.0,110,142.1,98554.92,95468.55,12.0,0.0,0.0,119.0,0.0,1.0,12.0,4.0,20.8,23.0,7.0,0,0,0,32.0,0,0,0,0,0,0,0,0,5GSA,Unknown_ReEstResult
41.10764,29.01952,-140.0,-113.5,-111.7,-140.0,-115.4,-140.0,-140.0,-140.0,-140.0,-30.0,-16.6,-14.9,-30.0,-18.1,-30.0,-30.0,-30.0,-30.0,-1.8,16.0,112,138.8,96911.36,93618.1,8.6,0.0,0.0,208.0,0.0,1.0,8.6,4.0,20.5,22.0,9.1,0,0,0,25.0,0,0,0,0,0,0,0,0,5GSA,Unknown_ReEstResult
41.10739,29.01889,-140.0,-140.0,-140.0,-122.5,-121.0,-140.0,-140.0,-121.0,-116.4,-30.0,-30.0,-30.0,-16.1,-16.6,-30.0,-30.0,-17.0,-14.9,-5.0,20.0,113,140.3,66682.88,52223.41,11.2,37.0,0.0,208.0,0.0,1.0,11.2,4.0,22.3,0.0,21.0,0,0,0,28.0,0,0,0,0,0,0,0,0,5GSA,Unknown_ReEstResult
41.10775,29.02619,-140.0,-140.0,-140.0,-96.7,-140.0,-140.0,-89.1,-140.0,-92.3,-30.0,-30.0,-30.0,-18.1,-30.0,-30.0,-11.5,-30.0,-14.5,-7.2,4.0,117,117.8,91443.2,93740.38,12.8,0.0,0.0,149.0,0.0,1.0,12.8,4.0,18.4,2.0,10.2,0,0,0,8.0,0,0,0,0,0,0,0,0,5GSA,Unknown_ReEstResult
41.10786,29.02736,-140.0,-140.0,-140.0,-140.0,-140.0,-140.0,-69.7,-140.0,-73.0,-30.0,-30.0,-30.0,-30.0,-30.0,-30.0,-11.6,-30.0,-14.6,-0.8,2.0,117,93.7,96645.12,94695.73,13.1,0.0,0.0,193.0,0.0,1.0,13.1,4.0,17.5,-17.0,4.5,0,0,0,22.0,0,0,0,0,0,0,0,0,5GSA,Unknown_ReEstResult
41.10786,29.02462,-140.0,-140.0,-140.0,-72.2,-140.0,-140.0,-140.0,-140.0,-140.0,-30.0,-30.0,-30.0,-10.4,-30.0,-30.0,-30.0,-30.0,-30.0,33.7,0.0,118,94.9,96824.36,93817.52,8.1,0.0,0.0,62.0,0.0,1.0,8.1,4.0,17.5,0.0,0.5,0,0,0,0.0,0,0,0,0,0,0,0,0,5GSA,Unknown_ReEstResult
41.10762,29.02251,-140.0,-140.0,-140.0,-84.9,-78.7,-140.0,-140.0,-140.0,-140.0,-30.0,-30.0,-30.0,-14.1,-11.2,-30.0,-30.0,-30.0,-30.0,3.5,2.0,120,101.4,95805.44,92397.39,11.5,0.0,0.0,93.0,0.0,1.0,11.5,4.0,17.5,-7.0,0.0,0,0,0,7.0,0,0,0,0,0,0,0,0,5GSA,Unknown_ReEstResult
41.09942,29.02721,-130.5,-140.0,-140.0,-140.0,-140.0,-140.0,-140.0,-140.0,-140.0,-17.5,-30.0,-30.0,-30.0,-30.0,-30.0,-30.0,-30.0,-30.0,-3.3,22.0,125,147.0,0.0,0.0,0.0,0.0,0.0,23.0,0.0,1.0,0.0,4.0,22.2,0.0,0.0,0,0,0,39.0,0,0,0,0,0,0,0,0,5GSA,Unknown_ReEstResult
41.10781,29.02549,-140.0,-140.0,-140.0,-92.3,-140.0,-140.0,-94.2,-140.0,-98.5,-30.0,-30.0,-30.0,-12.8,-30.0,-30.0,-13.6,-30.0,-17.5,0.1,0.0,126,113.9,59860.41,102454.34,4.0,0.0,0.0,41.0,0.0,1.0,4.0,4.0,17.9,0.0,9.5,0,0,0,0.0,0,0,0,0,0,0,0,0,5GSA,Unknown_ReEstResult
41.09974,29.03086,-140.0,-140.0,-140.0,-140.0,-140.0,-140.0,-140.0,-140.0,-140.0,-30.0,-30.0,-30.0,-30.0,-30.0,-30.0,-30.0,-30.0,-30.0,17.6,8.0,127,120.8,0.0,0.0,0.0,0.0,0.0,4.0,0.0,1.0,0.0,4.0,22.0,29.0,0.0,0,0,0,37.0,0,0,0,0,0,0,0,0,5GSA,Unknown_ReEstResult
41.10748,29.02189,-140.0,-140.0,-140.0,-87.0,-79.7,-140.0,-140.0,-140.0,-140.0,-30.0,-30.0,-30.0,-17.5,-10.5,-30.0,-30.0,-30.0,-30.0,17.7,0.0,140,100.9,95293.44,92666.52,0.3,0.0,0.0,60.0,0.0,1.0,0.3,4.0,17.5,0.0,0.0,0,0,0,0.0,0,0,0,0,0,0,0,0,5GSA,Unknown_ReEstResult
41.10747,29.02188,-140.0,-140.0,-140.0,-86.3,-77.8,-140.0,-140.0,-140.0,-140.0,-30.0,-30.0,-30.0,-16.7,-10.5,-30.0,-30.0,-30.0,-30.0,19.9,0.0,142,98.7,95334.4,92784.7,0.3,0.0,0.0,61.0,0.0,1.0,0.3,4.0,17.5,0.0,0.0,0,0,0,0.0,0,0,0,0,0,0,0,0,5GSA,Unknown_ReEstResult
41.1078,29.02617,-140.0,-140.0,-140.0,-90.8,-140.0,-140.0,-87.1,-140.0,-88.8,-30.0,-30.0,-30.0,-15.9,-30.0,-30.0,-12.5,-30.0,-14.2,-2.5,0.0,149,109.2,97443.84,93023.81,8.0,0.0,0.0,139.0,0.0,1.0,8.0,4.0,17.9,0.0,13.7,0,0,0,0.0,0,0,0,0,0,0,0,0,5GSA,Unknown_ReEstResult
41.10029,29.02145,-140.0,-140.0,-140.0,-140.0,-140.0,-140.0,-122.6,-118.1,-140.0,-30.0,-30.0,-30.0,-30.0,-30.0,-30.0,-16.8,-13.2,-30.0,3.2,0.0,152,135.1,0.0,0.0,50.0,0.0,0.0,16.0,0.0,1.0,50.0,4.0,22.0,0.0,11.1,0,0,0,0.0,0,0,0,0,0,0,0,0,5GSA,Unknown_ReEstResult
41.1079,29.02733,-140.0,-140.0,-140.0,-140.0,-140.0,-140.0,-66.0,-140.0,-73.7,-30.0,-30.0,-30.0,-30.0,-30.0,-30.0,-11.0,-30.0,-16.3,10.7,0.0,220,89.3,84951.04,86170.87,10.0,14.0,0.0,28.0,0.0,1.0,10.0,4.0,17.5,0.0,0.0,0,0,0,0.0,0,0,0,0,0,0,0,0,5GSA,Unknown_ReEstResult
41.09925,29.02377,-140.0,-140.0,-140.0,-140.0,-140.0,-140.0,-140.0,-124.1,-140.0,-30.0,-30.0,-30.0,-30.0,-30.0,-30.0,-30.0,-14.1,-30.0,-0.9,0.0,225,141.7,3.03,0.0,7.1,0.0,0.0,23.0,0.0,1.0,7.1,4.0,22.3,0.0,0.0,0,0,0,0.0,0,0,0,0,0,0,0,0,5GSA,Unknown_ReEstResult
41.1003,29.02143,-140.0,-140.0,-140.0,-140.0,-140.0,-140.0,-120.4,-116.1,-140.0,-30.0,-30.0,-30.0,-30.0,-30.0,-30.0,-15.4,-12.6,-30.0,2.4,0.0,271,135.2,0.0,0.0,50.0,0.0,0.0,19.0,0.0,1.0,50.0,4.0,22.0,0.0,9.5,0,0,0,0.0,0,0,0,0,0,0,0,0,5GSA,Unknown_ReEstResult
41.10723,29.02949,-140.0,-140.0,-140.0,-140.0,-140.0,-84.4,-140.0,-140.0,-96.9,-30.0,-30.0,-30.0,-30.0,-30.0,-11.0,-30.0,-30.0,-16.1,6.9,0.0,558,100.3,0.0,80890.89,100.0,0.0,0.0,16.0,0.0,1.0,100.0,4.0,17.5,0.0,0.0,0,0,0,0.0,0,0,0,0,0,0,0,0,5GSA,Unknown_ReEstResult
