RSRP_PCI3,RSRP_PCI13,RSRP_PCI23,RSRP_PCI30,RSRP_PCI40,RSRP_PCI48,RSRP_PCI59,RSRP_PCI68,RSRP_PCI76,RSRQ_PCI3,RSRQ_PCI13,RSRQ_PCI23,RSRQ_PCI30,RSRQ_PCI40,RSRQ_PCI48,RSRQ_PCI59,RSRQ_PCI68,RSRQ_PCI76,TA_Serving,SINR_Serving,Latitude,Longitude
-180.0,-180.0,-180.0,-180.0,-180.0,-180.0,-180.0,-180.0,-180.0,-45.0,-45.0,-45.0,-45.0,-45.0,-45.0,-45.0,-45.0,-45.0,0.0,-20.0,41.10786,29.02614
-180.0,-180.0,-180.0,-180.0,-70.6,-180.0,-180.0,-180.0,-180.0,-45.0,-45.0,-45.0,-45.0,-10.4,-45.0,-45.0,-45.0,-45.0,0.0,30.3,41.10654,29.02157
-180.0,-180.0,-180.0,-180.0,-76.9,-180.0,-180.0,-180.0,-180.0,-45.0,-45.0,-45.0,-45.0,-10.4,-45.0,-45.0,-45.0,-45.0,0.0,27.8,41.1066,29.02156
-180.0,-180.0,-79.6,-180.0,-180.0,-180.0,-180.0,-180.0,-180.0,-45.0,-45.0,-10.4,-45.0,-45.0,-45.0,-45.0,-45.0,-45.0,0.0,24.7,41.10553,29.02012
-180.0,-180.0,-93.5,-180.0,-76.0,-180.0,-180.0,-180.0,-180.0,-45.0,-45.0,-21.4,-45.0,-10.5,-45.0,-45.0,-45.0,-45.0,0.0,23.0,41.1064,29.02161
-143.8,-180.0,-180.0,-180.0,-180.0,-180.0,-180.0,-180.0,-180.0,-30.9,-45.0,-45.0,-45.0,-45.0,-45.0,-45.0,-45.0,-45.0,0.0,-18.0,41.0991,29.02663
-180.0,-180.0,-180.0,-180.0,-180.0,-180.0,-180.0,-180.0,-180.0,-45.0,-45.0,-45.0,-45.0,-45.0,-45.0,-45.0,-45.0,-45.0,0.0,-20.0,41.09969,29.02751
-180.0,-180.0,-180.0,-103.0,-180.0,-180.0,-98.0,-180.0,-97.3,-45.0,-45.0,-45.0,-19.0,-45.0,-45.0,-13.9,-45.0,-12.9,0.0,3.0,41.10764,29.02621
-180.0,-180.0,-180.0,-180.0,-180.0,-180.0,-180.0,-147.7,-180.0,-45.0,-45.0,-45.0,-45.0,-45.0,-45.0,-45.0,-34.9,-45.0,0.0,-17.2,41.09926,29.0268
-180.0,-128.1,-180.0,-180.0,-128.2,-180.0,-180.0,-125.2,-180.0,-45.0,-19.0,-45.0,-45.0,-19.4,-45.0,-45.0,-16.4,-45.0,0.0,-8.5,41.10453,29.01627
-180.0,-180.0,-180.0,-180.0,-180.0,-87.1,-180.0,-180.0,-89.3,-45.0,-45.0,-45.0,-45.0,-45.0,-11.6,-45.0,-45.0,-12.5,0.0,6.5,41.1073,29.02906
-180.0,-180.0,-180.0,-88.0,-82.7,-180.0,-180.0,-180.0,-180.0,-45.0,-45.0,-45.0,-16.3,-11.0,-45.0,-45.0,-45.0,-45.0,0.0,10.9,41.10761,29.02203
-180.0,-180.0,-180.0,-119.2,-119.2,-180.0,-180.0,-121.2,-120.6,-45.0,-45.0,-45.0,-16.3,-16.4,-45.0,-45.0,-18.8,-17.5,0.0,-7.5,41.10693,29.01666
-180.0,-180.0,-180.0,-82.4,-180.0,-180.0,-89.6,-180.0,-180.0,-45.0,-45.0,-45.0,-10.5,-45.0,-45.0,-18.9,-45.0,-45.0,0.0,22.7,41.10783,29.02489
-180.0,-180.0,-180.0,-118.9,-118.4,-180.0,-180.0,-120.1,-121.3,-45.0,-45.0,-45.0,-16.1,-15.4,-45.0,-45.0,-16.6,-17.9,0.0,-8.0,41.10689,29.01657
-180.0,-180.0,-180.0,-120.1,-117.2,-180.0,-180.0,-118.5,-116.6,-45.0,-45.0,-45.0,-18.1,-15.9,-45.0,-45.0,-16.3,-14.8,0.0,-5.9,41.10701,29.01684
-180.0,-180.0,-180.0,-180.0,-180.0,-86.3,-180.0,-180.0,-89.0,-45.0,-45.0,-45.0,-45.0,-45.0,-11.8,-45.0,-45.0,-12.0,0.0,6.4,41.1072,29.02899
-180.0,-180.0,-180.0,-180.0,-180.0,-86.2,-180.0,-180.0,-90.8,-45.0,-45.0,-45.0,-45.0,-45.0,-11.9,-45.0,-45.0,-15.4,0.0,-1.3,41.10745,29.02914
-180.0,-180.0,-180.0,-62.4,-75.6,-180.0,-180.0,-180.0,-180.0,-45.0,-45.0,-45.0,-10.3,-20.3,-45.0,-45.0,-45.0,-45.0,0.0,-16.3,41.10764,29.02351
-180.0,-180.0,-180.0,-180.0,-180.0,-180.0,-180.0,-180.0,-180.0,-45.0,-45.0,-45.0,-45.0,-45.0,-45.0,-45.0,-45.0,-45.0,0.0,-20.0,41.09963,29.03034
-180.0,-180.0,-180.0,-180.0,-180.0,-180.0,-180.0,-120.3,-180.0,-45.0,-45.0,-45.0,-45.0,-45.0,-45.0,-45.0,-12.8,-45.0,0.0,3.5,41.09981,29.02221
-180.0,-180.0,-180.0,-180.0,-180.0,-180.0,-124.7,-120.6,-180.0,-45.0,-45.0,-45.0,-45.0,-45.0,-45.0,-17.5,-13.7,-45.0,0.0,-0.7,41.10023,29.02158
-180.0,-180.0,-180.0,-75.5,-84.0,-180.0,-180.0,-180.0,-180.0,-45.0,-45.0,-45.0,-10.4,-18.8,-45.0,-45.0,-45.0,-45.0,0.0,-14.1,41.10759,29.02332
-180.0,-180.0,-180.0,-180.0,-180.0,-80.0,-180.0,-180.0,-89.4,-45.0,-45.0,-45.0,-45.0,-45.0,-10.7,-45.0,-45.0,-18.9,0.0,21.0,41.10785,29.0291
-132.2,-180.0,-180.0,-180.0,-180.0,-180.0,-180.0,-180.0,-180.0,-20.1,-45.0,-45.0,-45.0,-45.0,-45.0,-45.0,-45.0,-45.0,0.0,-16.2,41.09932,29.02693
-180.0,-180.0,-180.0,-180.0,-180.0,-180.0,-180.0,-180.0,-180.0,-45.0,-45.0,-45.0,-45.0,-45.0,-45.0,-45.0,-45.0,-45.0,0.0,-20.0,41.10753,29.0231
-180.0,-180.0,-180.0,-180.0,-180.0,-180.0,-180.0,-123.2,-180.0,-45.0,-45.0,-45.0,-45.0,-45.0,-45.0,-45.0,-13.9,-45.0,0.0,0.4,41.09931,29.02337
-84.1,-68.5,-180.0,-180.0,-180.0,-180.0,-180.0,-180.0,-180.0,-18.7,-10.5,-45.0,-45.0,-45.0,-45.0,-45.0,-45.0,-45.0,0.0,15.7,41.10439,29.02033
-180.0,-68.9,-180.0,-180.0,-180.0,-180.0,-180.0,-180.0,-180.0,-45.0,-10.7,-45.0,-45.0,-45.0,-45.0,-45.0,-45.0,-45.0,0.0,15.6,41.10443,29.02055
-180.0,-180.0,-180.0,-180.0,-180.0,-180.0,-180.0,-140.8,-180.0,-45.0,-45.0,-45.0,-45.0,-45.0,-45.0,-45.0,-28.0,-45.0,0.0,-16.9,41.09929,29.02686
-180.0,-61.1,-180.0,-180.0,-180.0,-180.0,-180.0,-180.0,-180.0,-45.0,-10.4,-45.0,-45.0,-45.0,-45.0,-45.0,-45.0,-45.0,0.0,27.3,41.10446,29.02074
-180.0,-180.0,-180.0,-180.0,-180.0,-180.0,-180.0,-180.0,-180.0,-45.0,-45.0,-45.0,-45.0,-45.0,-45.0,-45.0,-45.0,-45.0,0.0,-20.0,41.10453,29.02148
-84.6,-66.8,-180.0,-180.0,-180.0,-180.0,-180.0,-180.0,-180.0,-22.4,-10.4,-45.0,-45.0,-45.0,-45.0,-45.0,-45.0,-45.0,0.0,17.8,41.10437,29.02022
-180.0,-180.0,-180.0,-84.3,-85.6,-180.0,-180.0,-180.0,-180.0,-45.0,-45.0,-45.0,-11.8,-13.3,-45.0,-45.0,-45.0,-45.0,0.0,5.3,41.10756,29.02266
-180.0,-180.0,-180.0,-180.0,-180.0,-180.0,-180.0,-122.0,-180.0,-45.0,-45.0,-45.0,-45.0,-45.0,-45.0,-45.0,-13.2,-45.0,0.0,2.4,41.09934,29.02317
-82.3,-95.3,-99.9,-180.0,-180.0,-180.0,-180.0,-180.0,-180.0,-11.1,-19.8,-22.3,-45.0,-45.0,-45.0,-45.0,-45.0,-45.0,0.0,13.9,41.10514,29.02288
-180.0,-180.0,-180.0,-61.2,-75.2,-180.0,-180.0,-180.0,-180.0,-45.0,-45.0,-45.0,-10.3,-20.6,-45.0,-45.0,-45.0,-45.0,0.0,-18.1,41.10764,29.02353
-180.0,-180.0,-180.0,-180.0,-180.0,-180.0,-180.0,-180.0,-180.0,-45.0,-45.0,-45.0,-45.0,-45.0,-45.0,-45.0,-45.0,-45.0,0.0,-20.0,41.10767,29.02368
-180.0,-180.0,-180.0,-68.4,-180.0,-180.0,-180.0,-180.0,-180.0,-45.0,-45.0,-45.0,-10.4,-45.0,-45.0,-45.0,-45.0,-45.0,0.0,32.7,41.10785,29.02467
-180.0,-180.0,-180.0,-180.0,-180.0,-180.0,-180.0,-127.7,-180.0,-45.0,-45.0,-45.0,-45.0,-45.0,-45.0,-45.0,-16.2,-45.0,0.0,-7.0,41.09904,29.02617
-180.0,-180.0,-180.0,-180.0,-180.0,-180.0,-180.0,-120.2,-180.0,-45.0,-45.0,-45.0,-45.0,-45.0,-45.0,-45.0,-12.5,-45.0,0.0,1.5,41.09936,29.02311
-80.1,-89.4,-180.0,-180.0,-180.0,-180.0,-180.0,-108.0,-180.0,-11.2,-20.1,-45.0,-45.0,-45.0,-45.0,-45.0,-24.7,-45.0,0.0,11.0,41.10469,29.02284
-81.1,-180.0,-180.0,-180.0,-180.0,-180.0,-180.0,-83.3,-180.0,-11.6,-45.0,-45.0,-45.0,-45.0,-45.0,-45.0,-15.1,-45.0,0.0,6.7,41.10477,29.02304
-77.0,-104.3,-180.0,-180.0,-180.0,-180.0,-180.0,-88.7,-180.0,-11.0,-26.1,-45.0,-45.0,-45.0,-45.0,-45.0,-20.4,-45.0,0.0,10.0,41.10479,29.02301
-75.2,-180.0,-180.0,-180.0,-180.0,-180.0,-180.0,-100.1,-180.0,-10.7,-45.0,-45.0,-45.0,-45.0,-45.0,-45.0,-24.5,-45.0,0.0,14.4,41.10484,29.02297
-83.0,-180.0,-90.1,-180.0,-107.8,-180.0,-180.0,-180.0,-180.0,-11.5,-45.0,-15.7,-45.0,-25.9,-45.0,-45.0,-45.0,-45.0,0.0,6.3,41.10543,29.02281
-180.0,-180.0,-180.0,-180.0,-180.0,-180.0,-180.0,-75.7,-81.3,-45.0,-45.0,-45.0,-45.0,-45.0,-45.0,-45.0,-11.0,-15.0,0.0,-2.3,41.10546,29.02769
-86.8,-180.0,-86.3,-180.0,-91.9,-180.0,-180.0,-180.0,-180.0,-13.3,-45.0,-13.5,-45.0,-18.2,-45.0,-45.0,-45.0,-45.0,0.0,5.1,41.1055,29.0228
-180.0,-180.0,-180.0,-180.0,-73.7,-180.0,-180.0,-180.0,-180.0,-45.0,-45.0,-45.0,-45.0,-10.4,-45.0,-45.0,-45.0,-45.0,0.0,27.3,41.1074,29.02183
-81.5,-87.9,-180.0,-180.0,-180.0,-180.0,-180.0,-94.8,-180.0,-11.2,-17.5,-45.0,-45.0,-45.0,-45.0,-45.0,-21.0,-45.0,0.0,11.7,41.10467,29.02269
-78.0,-100.8,-129.6,-180.0,-180.0,-180.0,-180.0,-180.0,-180.0,-10.8,-24.9,-34.5,-45.0,-45.0,-45.0,-45.0,-45.0,-45.0,0.0,11.7,41.10521,29.02287
-180.0,-180.0,-180.0,-180.0,-74.9,-180.0,-180.0,-180.0,-180.0,-45.0,-45.0,-45.0,-45.0,-10.3,-45.0,-45.0,-45.0,-45.0,0.0,29.7,41.10699,29.02152
-180.0,-180.0,-180.0,-66.0,-180.0,-180.0,-180.0,-180.0,-180.0,-45.0,-45.0,-45.0,-10.4,-45.0,-45.0,-45.0,-45.0,-45.0,0.0,35.3,41.10774,29.02393
-180.0,-180.0,-180.0,-180.0,-180.0,-180.0,-79.9,-180.0,-180.0,-45.0,-45.0,-45.0,-45.0,-45.0,-45.0,-10.7,-45.0,-45.0,0.0,11.4,41.10788,29.02691
-180.0,-180.0,-180.0,-180.0,-132.2,-180.0,-180.0,-137.5,-180.0,-45.0,-45.0,-45.0,-45.0,-19.4,-45.0,-45.0,-25.2,-45.0,0.0,-9.9,41.099,29.02604
-126.4,-180.0,-180.0,-180.0,-180.0,-180.0,-180.0,-180.0,-180.0,-14.0,-45.0,-45.0,-45.0,-45.0,-45.0,-45.0,-45.0,-45.0,0.0,-20.0,41.09965,29.02747
-94.4,-180.0,-180.0,-180.0,-180.0,-180.0,-180.0,-82.2,-180.0,-17.0,-45.0,-45.0,-45.0,-45.0,-45.0,-45.0,-10.6,-45.0,0.0,10.7,41.10488,29.02451
-79.8,-111.9,-94.8,-180.0,-180.0,-180.0,-180.0,-98.4,-180.0,-11.3,-28.9,-22.6,-45.0,-45.0,-45.0,-45.0,-23.3,-45.0,0.0,11.6,41.10493,29.02294
-180.0,-180.0,-180.0,-180.0,-180.0,-180.0,-180.0,-76.0,-85.2,-45.0,-45.0,-45.0,-45.0,-45.0,-45.0,-45.0,-10.4,-20.4,0.0,26.2,41.10505,29.02562
-81.2,-96.1,-87.8,-180.0,-91.5,-180.0,-180.0,-180.0,-180.0,-11.5,-21.6,-15.1,-45.0,-17.2,-45.0,-45.0,-45.0,-45.0,0.0,7.5,41.10536,29.02283
-180.0,-180.0,-180.0,-71.7,-180.0,-180.0,-180.0,-180.0,-180.0,-45.0,-45.0,-45.0,-10.3,-45.0,-45.0,-45.0,-45.0,-45.0,0.0,31.1,41.10785,29.02448
-180.0,-180.0,-180.0,-180.0,-180.0,-180.0,-180.0,-180.0,-180.0,-45.0,-45.0,-45.0,-45.0,-45.0,-45.0,-45.0,-45.0,-45.0,0.0,-20.0,41.09963,29.03008
-80.7,-91.8,-180.0,-180.0,-180.0,-180.0,-180.0,-97.7,-180.0,-11.5,-19.8,-45.0,-45.0,-45.0,-45.0,-45.0,-20.2,-45.0,0.0,7.7,41.10471,29.023
-88.3,-180.0,-98.9,-180.0,-180.0,-180.0,-180.0,-86.2,-180.0,-13.2,-45.0,-20.7,-45.0,-45.0,-45.0,-45.0,-13.1,-45.0,0.0,4.0,41.10473,29.02323
-180.0,-180.0,-180.0,-180.0,-180.0,-180.0,-180.0,-76.8,-180.0,-45.0,-45.0,-45.0,-45.0,-45.0,-45.0,-45.0,-10.4,-45.0,0.0,23.0,41.10498,29.02514
-180.0,-180.0,-118.4,-180.0,-113.6,-180.0,-180.0,-116.7,-108.4,-45.0,-45.0,-19.7,-45.0,-16.3,-45.0,-45.0,-18.9,-13.1,0.0,-0.8,41.10748,29.01903
-180.0,-180.0,-180.0,-82.1,-84.6,-180.0,-180.0,-180.0,-180.0,-45.0,-45.0,-45.0,-11.7,-12.9,-45.0,-45.0,-45.0,-45.0,0.0,5.2,41.10753,29.02274
-180.0,-180.0,-180.0,-64.2,-180.0,-180.0,-180.0,-180.0,-180.0,-45.0,-45.0,-45.0,-10.3,-45.0,-45.0,-45.0,-45.0,-45.0,0.0,35.5,41.10761,29.02344
-180.0,-180.0,-180.0,-61.3,-180.0,-180.0,-180.0,-180.0,-180.0,-45.0,-45.0,-45.0,-10.4,-45.0,-45.0,-45.0,-45.0,-45.0,0.0,35.3,41.10763,29.02352
-180.0,-180.0,-180.0,-89.3,-180.0,-180.0,-96.2,-180.0,-180.0,-45.0,-45.0,-45.0,-10.8,-45.0,-45.0,-18.0,-45.0,-45.0,0.0,15.2,41.10784,29.02512
-180.0,-180.0,-180.0,-180.0,-180.0,-180.0,-180.0,-145.3,-180.0,-45.0,-45.0,-45.0,-45.0,-45.0,-45.0,-45.0,-32.4,-45.0,0.0,-16.2,41.0992,29.02666
-180.0,-180.0,-180.0,-180.0,-180.0,-180.0,-180.0,-180.0,-180.0,-45.0,-45.0,-45.0,-45.0,-45.0,-45.0,-45.0,-45.0,-45.0,0.0,-20.0,41.09975,29.03094
-79.3,-90.9,-180.0,-180.0,-180.0,-180.0,-180.0,-99.5,-180.0,-11.2,-20.1,-45.0,-45.0,-45.0,-45.0,-45.0,-23.4,-45.0,0.0,10.4,41.10468,29.02277
-180.0,-180.0,-180.0,-85.0,-87.2,-180.0,-180.0,-180.0,-180.0,-45.0,-45.0,-45.0,-11.6,-14.1,-45.0,-45.0,-45.0,-45.0,0.0,9.9,41.10753,29.02295
-180.0,-180.0,-180.0,-68.3,-84.6,-180.0,-180.0,-180.0,-180.0,-45.0,-45.0,-45.0,-10.4,-21.5,-45.0,-45.0,-45.0,-45.0,0.0,-17.2,41.10761,29.02341
-180.0,-180.0,-180.0,-94.2,-180.0,-180.0,-93.0,-180.0,-102.0,-45.0,-45.0,-45.0,-12.9,-45.0,-45.0,-13.5,-45.0,-17.3,0.0,1.2,41.10782,29.02543
-180.0,-180.0,-180.0,-96.9,-91.6,-180.0,-180.0,-180.0,-180.0,-45.0,-45.0,-45.0,-14.2,-11.5,-45.0,-45.0,-45.0,-45.0,0.0,6.9,41.10802,29.02155
-180.0,-180.0,-180.0,-180.0,-180.0,-180.0,-180.0,-76.6,-180.0,-45.0,-45.0,-45.0,-45.0,-45.0,-45.0,-45.0,-10.4,-45.0,0.0,22.1,41.10496,29.02502
-180.0,-180.0,-180.0,-180.0,-180.0,-180.0,-180.0,-63.2,-180.0,-45.0,-45.0,-45.0,-45.0,-45.0,-45.0,-45.0,-10.4,-45.0,0.0,27.3,41.10532,29.02746
-180.0,-180.0,-180.0,-180.0,-180.0,-180.0,-180.0,-123.0,-180.0,-45.0,-45.0,-45.0,-45.0,-45.0,-45.0,-45.0,-13.7,-45.0,0.0,0.6,41.09929,29.02344
-105.1,-180.0,-180.0,-180.0,-180.0,-180.0,-180.0,-86.5,-180.0,-26.7,-45.0,-45.0,-45.0,-45.0,-45.0,-45.0,-10.8,-45.0,0.0,11.3,41.10486,29.02433
-180.0,-180.0,-180.0,-180.0,-76.4,-180.0,-180.0,-180.0,-180.0,-45.0,-45.0,-45.0,-45.0,-10.4,-45.0,-45.0,-45.0,-45.0,0.0,29.9,41.10686,29.02151
-180.0,-180.0,-180.0,-91.6,-86.3,-180.0,-180.0,-180.0,-180.0,-45.0,-45.0,-45.0,-15.2,-11.1,-45.0,-45.0,-45.0,-45.0,0.0,7.9,41.10802,29.02178
-180.0,-180.0,-180.0,-180.0,-180.0,-180.0,-180.0,-135.2,-180.0,-45.0,-45.0,-45.0,-45.0,-45.0,-45.0,-45.0,-22.9,-45.0,0.0,-12.0,41.09895,29.02557
-180.0,-180.0,-180.0,-180.0,-180.0,-180.0,-180.0,-132.4,-180.0,-45.0,-45.0,-45.0,-45.0,-45.0,-45.0,-45.0,-20.3,-45.0,0.0,-10.3,41.09896,29.02569
-180.0,-180.0,-180.0,-180.0,-180.0,-180.0,-180.0,-122.9,-180.0,-45.0,-45.0,-45.0,-45.0,-45.0,-45.0,-45.0,-13.5,-45.0,0.0,2.7,41.09923,29.02425
-180.0,-180.0,-180.0,-180.0,-180.0,-180.0,-180.0,-73.8,-180.0,-45.0,-45.0,-45.0,-45.0,-45.0,-45.0,-45.0,-10.4,-45.0,0.0,24.3,41.10508,29.02583
-180.0,-180.0,-180.0,-180.0,-180.0,-180.0,-180.0,-70.8,-180.0,-45.0,-45.0,-45.0,-45.0,-45.0,-45.0,-45.0,-10.4,-45.0,0.0,29.1,41.10511,29.02603
-180.0,-180.0,-180.0,-180.0,-180.0,-180.0,-180.0,-180.0,-69.2,-45.0,-45.0,-45.0,-45.0,-45.0,-45.0,-45.0,-45.0,-10.6,0.0,20.2,41.10571,29.02781
-180.0,-180.0,-180.0,-180.0,-180.0,-180.0,-180.0,-180.0,-71.9,-45.0,-45.0,-45.0,-45.0,-45.0,-45.0,-45.0,-45.0,-10.4,0.0,26.6,41.10614,29.02781
-180.0,-180.0,-180.0,-180.0,-180.0,-180.0,-180.0,-180.0,-73.0,-45.0,-45.0,-45.0,-45.0,-45.0,-45.0,-45.0,-45.0,-10.3,0.0,27.0,41.10617,29.02784
-180.0,-180.0,-180.0,-180.0,-180.0,-93.2,-180.0,-180.0,-84.3,-45.0,-45.0,-45.0,-45.0,-45.0,-18.5,-45.0,-45.0,-10.7,0.0,17.3,41.10627,29.02798
-180.0,-180.0,-180.0,-180.0,-180.0,-89.8,-180.0,-180.0,-79.3,-45.0,-45.0,-45.0,-45.0,-45.0,-22.2,-45.0,-45.0,-10.5,0.0,20.5,41.10632,29.02805
-180.0,-180.0,-180.0,-180.0,-180.0,-180.0,-180.0,-126.9,-180.0,-45.0,-45.0,-45.0,-45.0,-45.0,-45.0,-45.0,-15.8,-45.0,0.0,-3.0,41.09905,29.02486
-180.0,-180.0,-180.0,-180.0,-180.0,-180.0,-129.8,-124.1,-180.0,-45.0,-45.0,-45.0,-45.0,-45.0,-45.0,-19.6,-14.5,-45.0,0.0,-1.9,41.09931,29.02392
-180.0,-180.0,-180.0,-180.0,-180.0,-180.0,-180.0,-119.7,-180.0,-45.0,-45.0,-45.0,-45.0,-45.0,-45.0,-45.0,-12.6,-45.0,0.0,2.6,41.09978,29.02227
-180.0,-180.0,-180.0,-180.0,-180.0,-180.0,-125.3,-120.6,-180.0,-45.0,-45.0,-45.0,-45.0,-45.0,-45.0,-18.3,-14.0,-45.0,0.0,-1.1,41.1003,29.02157
-180.0,-180.0,-180.0,-180.0,-180.0,-180.0,-116.9,-116.4,-180.0,-45.0,-45.0,-45.0,-45.0,-45.0,-45.0,-14.0,-14.1,-45.0,0.0,-0.7,41.10077,29.02079
-180.0,-180.0,-180.0,-180.0,-180.0,-180.0,-180.0,-78.7,-180.0,-45.0,-45.0,-45.0,-45.0,-45.0,-45.0,-45.0,-10.4,-45.0,0.0,16.4,41.10492,29.0248
-180.0,-180.0,-180.0,-180.0,-180.0,-180.0,-180.0,-72.9,-180.0,-45.0,-45.0,-45.0,-45.0,-45.0,-45.0,-45.0,-10.4,-45.0,0.0,23.4,41.10514,29.02625
-180.0,-180.0,-180.0,-180.0,-180.0,-180.0,-180.0,-73.6,-180.0,-45.0,-45.0,-45.0,-45.0,-45.0,-45.0,-45.0,-10.4,-45.0,0.0,26.7,41.10525,29.027
-180.0,-180.0,-180.0,-180.0,-180.0,-180.0,-180.0,-82.9,-79.3,-45.0,-45.0,-45.0,-45.0,-45.0,-45.0,-45.0,-15.7,-11.4,0.0,6.9,41.10558,29.02777
-180.0,-180.0,-180.0,-180.0,-180.0,-180.0,-180.0,-180.0,-79.2,-45.0,-45.0,-45.0,-45.0,-45.0,-45.0,-45.0,-45.0,-10.5,0.0,20.3,41.1059,29.02779
-180.0,-180.0,-180.0,-180.0,-80.1,-180.0,-180.0,-180.0,-180.0,-45.0,-45.0,-45.0,-45.0,-10.4,-45.0,-45.0,-45.0,-45.0,0.0,25.8,41.10669,29.02154
-180.0,-180.0,-117.4,-180.0,-121.4,-180.0,-180.0,-118.1,-119.6,-45.0,-45.0,-15.6,-45.0,-19.4,-45.0,-45.0,-15.5,-17.2,0.0,-6.5,41.10721,29.0176
-180.0,-180.0,-180.0,-180.0,-180.0,-180.0,-99.9,-180.0,-102.1,-45.0,-45.0,-45.0,-45.0,-45.0,-45.0,-12.3,-45.0,-14.3,0.0,6.3,41.10733,29.02627
-180.0,-180.0,-180.0,-90.2,-90.6,-180.0,-180.0,-180.0,-180.0,-45.0,-45.0,-45.0,-12.1,-12.5,-45.0,-45.0,-45.0,-45.0,0.0,4.2,41.10799,29.0221
-180.0,-180.0,-180.0,-90.7,-89.8,-180.0,-180.0,-180.0,-180.0,-45.0,-45.0,-45.0,-12.6,-11.8,-45.0,-45.0,-45.0,-45.0,0.0,2.0,41.10801,29.0219
-180.0,-180.0,-180.0,-180.0,-133.2,-180.0,-180.0,-130.9,-180.0,-45.0,-45.0,-45.0,-45.0,-21.6,-45.0,-45.0,-19.3,-45.0,0.0,-7.0,41.09898,29.02523
-180.0,-180.0,-180.0,-180.0,-180.0,-180.0,-180.0,-122.3,-180.0,-45.0,-45.0,-45.0,-45.0,-45.0,-45.0,-45.0,-13.4,-45.0,0.0,0.4,41.0994,29.02343
-180.0,-180.0,-180.0,-180.0,-180.0,-180.0,-180.0,-117.6,-180.0,-45.0,-45.0,-45.0,-45.0,-45.0,-45.0,-45.0,-11.9,-45.0,0.0,2.7,41.09952,29.02286
-180.0,-180.0,-180.0,-180.0,-180.0,-180.0,-129.6,-117.9,-180.0,-45.0,-45.0,-45.0,-45.0,-45.0,-45.0,-22.5,-12.1,-45.0,0.0,2.3,41.09989,29.02215
-180.0,-180.0,-180.0,-180.0,-180.0,-180.0,-180.0,-77.3,-180.0,-45.0,-45.0,-45.0,-45.0,-45.0,-45.0,-45.0,-10.4,-45.0,0.0,22.5,41.10501,29.02538
-180.0,-180.0,-180.0,-180.0,-180.0,-180.0,-180.0,-71.1,-180.0,-45.0,-45.0,-45.0,-45.0,-45.0,-45.0,-45.0,-10.4,-45.0,0.0,32.0,41.10519,29.02654
-180.0,-180.0,-180.0,-180.0,-180.0,-180.0,-180.0,-73.6,-180.0,-45.0,-45.0,-45.0,-45.0,-45.0,-45.0,-45.0,-10.4,-45.0,0.0,29.3,41.10523,29.02681
-180.0,-180.0,-180.0,-180.0,-180.0,-180.0,-180.0,-74.5,-180.0,-45.0,-45.0,-45.0,-45.0,-45.0,-45.0,-45.0,-10.4,-45.0,0.0,29.7,41.10524,29.02691
-180.0,-180.0,-180.0,-180.0,-180.0,-180.0,-180.0,-72.4,-180.0,-45.0,-45.0,-45.0,-45.0,-45.0,-45.0,-45.0,-10.4,-45.0,0.0,20.3,41.10528,29.02718
-180.0,-180.0,-180.0,-180.0,-180.0,-180.0,-180.0,-63.3,-180.0,-45.0,-45.0,-45.0,-45.0,-45.0,-45.0,-45.0,-10.4,-45.0,0.0,26.3,41.10531,29.02743
-180.0,-180.0,-180.0,-180.0,-180.0,-180.0,-180.0,-83.2,-76.7,-45.0,-45.0,-45.0,-45.0,-45.0,-45.0,-45.0,-15.6,-11.4,0.0,11.7,41.10564,29.0278
-180.0,-180.0,-180.0,-180.0,-180.0,-180.0,-180.0,-180.0,-70.2,-45.0,-45.0,-45.0,-45.0,-45.0,-45.0,-45.0,-45.0,-10.4,0.0,26.4,41.10613,29.02779
-180.0,-180.0,-180.0,-180.0,-180.0,-180.0,-88.3,-180.0,-96.5,-45.0,-45.0,-45.0,-45.0,-45.0,-45.0,-10.9,-45.0,-14.7,0.0,8.2,41.10684,29.02639
-180.0,-180.0,-180.0,-180.0,-180.0,-87.9,-180.0,-180.0,-88.5,-45.0,-45.0,-45.0,-45.0,-45.0,-12.8,-45.0,-45.0,-12.6,0.0,4.5,41.10714,29.02894
-180.0,-180.0,-180.0,-90.2,-180.0,-180.0,-96.0,-180.0,-180.0,-45.0,-45.0,-45.0,-11.5,-45.0,-45.0,-15.4,-45.0,-45.0,0.0,-0.6,41.10783,29.02517
-180.0,-180.0,-180.0,-97.6,-102.8,-180.0,-180.0,-180.0,-180.0,-45.0,-45.0,-45.0,-11.2,-15.6,-45.0,-45.0,-45.0,-45.0,0.0,-4.3,41.10798,29.02123
-180.0,-180.0,-180.0,-180.0,-180.0,-180.0,-180.0,-123.9,-180.0,-45.0,-45.0,-45.0,-45.0,-45.0,-45.0,-45.0,-14.2,-45.0,0.0,-1.3,41.09939,29.02351
-180.0,-180.0,-180.0,-180.0,-180.0,-180.0,-122.8,-121.1,-180.0,-45.0,-45.0,-45.0,-45.0,-45.0,-45.0,-15.7,-14.3,-45.0,0.0,-0.6,41.10022,29.0216
-180.0,-180.0,-180.0,-180.0,-180.0,-180.0,-117.0,-115.9,-180.0,-45.0,-45.0,-45.0,-45.0,-45.0,-45.0,-14.7,-13.6,-45.0,0.0,0.1,41.10073,29.02089
-180.0,-180.0,-180.0,-180.0,-180.0,-180.0,-117.7,-116.2,-180.0,-45.0,-45.0,-45.0,-45.0,-45.0,-45.0,-14.9,-14.1,-45.0,0.0,1.0,41.10089,29.02052
-180.0,-180.0,-122.9,-180.0,-180.0,-180.0,-122.3,-115.4,-180.0,-45.0,-45.0,-20.3,-45.0,-45.0,-45.0,-19.7,-13.5,-45.0,0.0,0.9,41.10106,29.01993
-180.0,-180.0,-115.0,-180.0,-180.0,-180.0,-120.4,-116.3,-180.0,-45.0,-45.0,-14.8,-45.0,-45.0,-45.0,-17.7,-14.9,-45.0,0.0,-1.6,41.10112,29.01969
-180.0,-180.0,-117.7,-180.0,-180.0,-180.0,-121.7,-116.3,-180.0,-45.0,-45.0,-16.6,-45.0,-45.0,-45.0,-19.8,-15.3,-45.0,0.0,-1.4,41.10113,29.01963
-180.0,-180.0,-180.0,-180.0,-180.0,-180.0,-180.0,-65.9,-93.4,-45.0,-45.0,-45.0,-45.0,-45.0,-45.0,-45.0,-10.4,-25.1,0.0,24.5,41.10536,29.02755
-180.0,-180.0,-180.0,-103.1,-180.0,-180.0,-99.2,-180.0,-100.9,-45.0,-45.0,-45.0,-16.3,-45.0,-45.0,-13.1,-45.0,-14.7,0.0,2.2,41.10746,29.02624
-180.0,-180.0,-180.0,-90.8,-180.0,-180.0,-98.3,-180.0,-180.0,-45.0,-45.0,-45.0,-11.5,-45.0,-45.0,-16.4,-45.0,-45.0,0.0,-0.3,41.10782,29.02523
-180.0,-180.0,-180.0,-180.0,-180.0,-180.0,-180.0,-120.9,-180.0,-45.0,-45.0,-45.0,-45.0,-45.0,-45.0,-45.0,-12.8,-45.0,0.0,0.4,41.09925,29.02416
-180.0,-180.0,-180.0,-180.0,-180.0,-180.0,-133.1,-123.1,-180.0,-45.0,-45.0,-45.0,-45.0,-45.0,-45.0,-23.2,-14.2,-45.0,0.0,1.0,41.09929,29.024
-180.0,-180.0,-180.0,-180.0,-180.0,-180.0,-180.0,-119.7,-180.0,-45.0,-45.0,-45.0,-45.0,-45.0,-45.0,-45.0,-12.7,-45.0,0.0,1.7,41.09945,29.02306
-130.4,-180.0,-180.0,-180.0,-180.0,-180.0,-180.0,-180.0,-180.0,-17.6,-45.0,-45.0,-45.0,-45.0,-45.0,-45.0,-45.0,-45.0,0.0,-20.0,41.09951,29.02732
-180.0,-180.0,-180.0,-180.0,-180.0,-180.0,-124.6,-119.9,-180.0,-45.0,-45.0,-45.0,-45.0,-45.0,-45.0,-16.9,-12.9,-45.0,0.0,0.9,41.10004,29.02193
-180.0,-180.0,-180.0,-180.0,-180.0,-180.0,-121.6,-119.1,-180.0,-45.0,-45.0,-45.0,-45.0,-45.0,-45.0,-16.1,-13.6,-45.0,0.0,-1.6,41.10033,29.02154
-180.0,-180.0,-180.0,-180.0,-180.0,-180.0,-117.9,-115.7,-180.0,-45.0,-45.0,-45.0,-45.0,-45.0,-45.0,-14.9,-12.9,-45.0,0.0,-0.3,41.10069,29.02098
-180.0,-180.0,-180.0,-180.0,-180.0,-180.0,-116.0,-115.2,-180.0,-45.0,-45.0,-45.0,-45.0,-45.0,-45.0,-14.1,-13.8,-45.0,0.0,-0.2,41.10095,29.02037
-180.0,-180.0,-122.0,-180.0,-180.0,-180.0,-117.1,-115.8,-180.0,-45.0,-45.0,-20.2,-45.0,-45.0,-45.0,-15.3,-14.3,-45.0,0.0,-0.7,41.10101,29.0201
-180.0,-180.0,-117.0,-180.0,-180.0,-180.0,-119.8,-114.2,-180.0,-45.0,-45.0,-15.8,-45.0,-45.0,-45.0,-19.3,-14.1,-45.0,0.0,-0.9,41.10109,29.0198
-180.0,-180.0,-180.0,-180.0,-180.0,-180.0,-180.0,-81.1,-180.0,-45.0,-45.0,-45.0,-45.0,-45.0,-45.0,-45.0,-10.5,-45.0,0.0,14.9,41.10489,29.0246
-180.0,-180.0,-180.0,-76.3,-180.0,-180.0,-180.0,-180.0,-180.0,-45.0,-45.0,-45.0,-10.5,-45.0,-45.0,-45.0,-45.0,-45.0,0.0,19.5,41.10757,29.02301
-180.0,-180.0,-180.0,-82.2,-86.4,-180.0,-180.0,-180.0,-180.0,-45.0,-45.0,-45.0,-11.0,-14.6,-45.0,-45.0,-45.0,-45.0,0.0,6.2,41.10774,29.0226
-180.0,-180.0,-180.0,-84.5,-85.8,-180.0,-180.0,-180.0,-180.0,-45.0,-45.0,-45.0,-11.8,-13.5,-45.0,-45.0,-45.0,-45.0,0.0,4.5,41.10782,29.02247
-180.0,-180.0,-180.0,-86.7,-84.2,-180.0,-180.0,-180.0,-180.0,-45.0,-45.0,-45.0,-15.1,-11.4,-45.0,-45.0,-45.0,-45.0,0.0,0.1,41.10787,29.02239
-180.0,-180.0,-180.0,-89.2,-90.3,-180.0,-180.0,-180.0,-180.0,-45.0,-45.0,-45.0,-11.9,-13.7,-45.0,-45.0,-45.0,-45.0,0.0,2.7,41.108,29.02196
-180.0,-180.0,-180.0,-180.0,-180.0,-180.0,-180.0,-129.3,-180.0,-45.0,-45.0,-45.0,-45.0,-45.0,-45.0,-45.0,-17.4,-45.0,0.0,-6.2,41.0991,29.02637
-146.3,-180.0,-180.0,-180.0,-180.0,-180.0,-180.0,-180.0,-180.0,-33.4,-45.0,-45.0,-45.0,-45.0,-45.0,-45.0,-45.0,-45.0,0.0,-11.3,41.09914,29.0267
-180.0,-180.0,-180.0,-180.0,-180.0,-180.0,-128.0,-117.1,-180.0,-45.0,-45.0,-45.0,-45.0,-45.0,-45.0,-20.9,-11.9,-45.0,0.0,3.5,41.09967,29.02253
-180.0,-180.0,-180.0,-180.0,-180.0,-180.0,-180.0,-76.0,-180.0,-45.0,-45.0,-45.0,-45.0,-45.0,-45.0,-45.0,-10.4,-45.0,0.0,29.6,41.10538,29.02661
-180.0,-180.0,-180.0,-67.8,-180.0,-180.0,-180.0,-180.0,-180.0,-45.0,-45.0,-45.0,-10.4,-45.0,-45.0,-45.0,-45.0,-45.0,0.0,36.5,41.10771,29.02383
-128.7,-180.0,-180.0,-180.0,-180.0,-180.0,-180.0,-180.0,-180.0,-17.4,-45.0,-45.0,-45.0,-45.0,-45.0,-45.0,-45.0,-45.0,0.0,-4.5,41.09935,29.02709
-180.0,-180.0,-180.0,-180.0,-180.0,-180.0,-180.0,-80.8,-180.0,-45.0,-45.0,-45.0,-45.0,-45.0,-45.0,-45.0,-10.4,-45.0,0.0,17.9,41.10493,29.02485
-180.0,-180.0,-180.0,-180.0,-180.0,-180.0,-180.0,-70.6,-180.0,-45.0,-45.0,-45.0,-45.0,-45.0,-45.0,-45.0,-10.3,-45.0,0.0,31.6,41.10519,29.02659
-180.0,-180.0,-180.0,-180.0,-180.0,-180.0,-180.0,-76.1,-180.0,-45.0,-45.0,-45.0,-45.0,-45.0,-45.0,-45.0,-10.4,-45.0,0.0,25.7,41.1054,29.02661
-180.0,-180.0,-180.0,-180.0,-180.0,-180.0,-180.0,-180.0,-69.4,-45.0,-45.0,-45.0,-45.0,-45.0,-45.0,-45.0,-45.0,-10.4,0.0,24.3,41.10577,29.02781
-180.0,-180.0,-180.0,-180.0,-180.0,-180.0,-104.8,-96.1,-99.1,-45.0,-45.0,-45.0,-45.0,-45.0,-45.0,-20.6,-11.8,-14.8,0.0,-3.2,41.10596,29.0265
-180.0,-180.0,-180.0,-180.0,-180.0,-180.0,-180.0,-180.0,-77.5,-45.0,-45.0,-45.0,-45.0,-45.0,-45.0,-45.0,-45.0,-10.6,0.0,18.9,41.10596,29.02778
-180.0,-180.0,-180.0,-180.0,-180.0,-180.0,-180.0,-180.0,-71.0,-45.0,-45.0,-45.0,-45.0,-45.0,-45.0,-45.0,-45.0,-10.4,0.0,24.6,41.10612,29.02778
-180.0,-180.0,-180.0,-180.0,-180.0,-85.5,-180.0,-180.0,-78.2,-45.0,-45.0,-45.0,-45.0,-45.0,-15.4,-45.0,-45.0,-10.9,0.0,8.6,41.10657,29.02825
-180.0,-180.0,-180.0,-180.0,-180.0,-180.0,-91.4,-180.0,-100.8,-45.0,-45.0,-45.0,-45.0,-45.0,-45.0,-10.7,-45.0,-17.7,0.0,12.3,41.10703,29.02635
-180.0,-180.0,-180.0,-67.3,-180.0,-180.0,-180.0,-180.0,-180.0,-45.0,-45.0,-45.0,-10.4,-45.0,-45.0,-45.0,-45.0,-45.0,0.0,35.0,41.10763,29.02349
-180.0,-180.0,-180.0,-73.3,-180.0,-180.0,-180.0,-180.0,-180.0,-45.0,-45.0,-45.0,-10.4,-45.0,-45.0,-45.0,-45.0,-45.0,0.0,30.3,41.10787,29.02473
-180.0,-180.0,-180.0,-180.0,-136.9,-180.0,-180.0,-135.5,-180.0,-45.0,-45.0,-45.0,-45.0,-25.0,-45.0,-45.0,-23.3,-45.0,0.0,-8.3,41.09895,29.02551
-180.0,-180.0,-180.0,-180.0,-180.0,-180.0,-138.8,-123.1,-180.0,-45.0,-45.0,-45.0,-45.0,-45.0,-45.0,-27.9,-13.9,-45.0,0.0,-0.1,41.09927,29.02408
-180.0,-180.0,-180.0,-180.0,-180.0,-180.0,-180.0,-123.8,-180.0,-45.0,-45.0,-45.0,-45.0,-45.0,-45.0,-45.0,-14.3,-45.0,0.0,-1.4,41.09938,29.02359
-180.0,-180.0,-180.0,-180.0,-180.0,-180.0,-180.0,-79.9,-180.0,-45.0,-45.0,-45.0,-45.0,-45.0,-45.0,-45.0,-10.5,-45.0,0.0,15.0,41.1049,29.02465
-180.0,-180.0,-180.0,-180.0,-180.0,-180.0,-180.0,-71.6,-180.0,-45.0,-45.0,-45.0,-45.0,-45.0,-45.0,-45.0,-10.4,-45.0,0.0,25.2,41.10509,29.02588
-180.0,-180.0,-180.0,-180.0,-180.0,-180.0,-180.0,-72.4,-180.0,-45.0,-45.0,-45.0,-45.0,-45.0,-45.0,-45.0,-10.4,-45.0,0.0,27.2,41.10512,29.02608
-180.0,-180.0,-180.0,-180.0,-180.0,-180.0,-180.0,-71.5,-180.0,-45.0,-45.0,-45.0,-45.0,-45.0,-45.0,-45.0,-10.4,-45.0,0.0,26.8,41.10515,29.0263
-180.0,-180.0,-180.0,-180.0,-180.0,-180.0,-180.0,-74.4,-180.0,-45.0,-45.0,-45.0,-45.0,-45.0,-45.0,-45.0,-10.4,-45.0,0.0,25.6,41.10525,29.02696
-180.0,-180.0,-180.0,-180.0,-180.0,-180.0,-180.0,-73.1,-180.0,-45.0,-45.0,-45.0,-45.0,-45.0,-45.0,-45.0,-10.4,-45.0,0.0,23.4,41.10526,29.02705
-180.0,-180.0,-180.0,-180.0,-180.0,-180.0,-180.0,-69.2,-180.0,-45.0,-45.0,-45.0,-45.0,-45.0,-45.0,-45.0,-10.4,-45.0,0.0,21.5,41.10528,29.02723
-180.0,-180.0,-180.0,-180.0,-180.0,-180.0,-180.0,-63.2,-180.0,-45.0,-45.0,-45.0,-45.0,-45.0,-45.0,-45.0,-10.4,-45.0,0.0,28.6,41.1053,29.0274
-180.0,-180.0,-180.0,-180.0,-180.0,-180.0,-99.8,-97.8,-94.2,-45.0,-45.0,-45.0,-45.0,-45.0,-45.0,-18.6,-16.1,-12.2,0.0,5.2,41.10614,29.02647
-180.0,-180.0,-180.0,-180.0,-180.0,-180.0,-97.4,-180.0,-102.2,-45.0,-45.0,-45.0,-45.0,-45.0,-45.0,-11.4,-45.0,-14.7,0.0,6.1,41.10726,29.02628
-180.0,-180.0,-180.0,-102.4,-180.0,-180.0,-98.0,-180.0,-101.9,-45.0,-45.0,-45.0,-16.1,-45.0,-45.0,-12.6,-45.0,-15.2,0.0,2.0,41.1075,29.02623
-180.0,-180.0,-180.0,-75.9,-84.3,-180.0,-180.0,-180.0,-180.0,-45.0,-45.0,-45.0,-10.6,-17.3,-45.0,-45.0,-45.0,-45.0,0.0,11.1,41.10764,29.02277
-180.0,-180.0,-180.0,-90.5,-90.5,-180.0,-180.0,-180.0,-180.0,-45.0,-45.0,-45.0,-12.9,-12.9,-45.0,-45.0,-45.0,-45.0,0.0,3.1,41.108,29.02193
-180.0,-180.0,-180.0,-180.0,-180.0,-180.0,-180.0,-135.2,-180.0,-45.0,-45.0,-45.0,-45.0,-45.0,-45.0,-45.0,-22.8,-45.0,0.0,-9.3,41.09895,29.02564
-180.0,-180.0,-180.0,-180.0,-180.0,-180.0,-121.0,-118.0,-180.0,-45.0,-45.0,-45.0,-45.0,-45.0,-45.0,-15.3,-13.3,-45.0,0.0,-0.2,41.1004,29.02145
-180.0,-180.0,-180.0,-180.0,-180.0,-180.0,-180.0,-71.4,-180.0,-45.0,-45.0,-45.0,-45.0,-45.0,-45.0,-45.0,-10.4,-45.0,0.0,28.1,41.10524,29.02686
-180.0,-180.0,-180.0,-180.0,-180.0,-180.0,-180.0,-73.4,-85.0,-45.0,-45.0,-45.0,-45.0,-45.0,-45.0,-45.0,-10.5,-17.4,0.0,16.2,41.10557,29.02658
-180.0,-180.0,-180.0,-180.0,-180.0,-180.0,-180.0,-92.2,-95.1,-45.0,-45.0,-45.0,-45.0,-45.0,-45.0,-45.0,-11.6,-14.5,0.0,7.4,41.1058,29.02656
-180.0,-180.0,-180.0,-180.0,-180.0,-180.0,-180.0,-180.0,-79.4,-45.0,-45.0,-45.0,-45.0,-45.0,-45.0,-45.0,-45.0,-10.5,0.0,17.7,41.10593,29.02779
-180.0,-180.0,-180.0,-180.0,-180.0,-180.0,-100.4,-96.2,-94.9,-45.0,-45.0,-45.0,-45.0,-45.0,-45.0,-17.4,-13.9,-13.6,0.0,2.0,41.10606,29.02647
-180.0,-180.0,-180.0,-180.0,-180.0,-180.0,-180.0,-180.0,-71.9,-45.0,-45.0,-45.0,-45.0,-45.0,-45.0,-45.0,-45.0,-10.4,0.0,26.4,41.10616,29.02782
-180.0,-180.0,-180.0,-180.0,-180.0,-180.0,-96.8,-180.0,-100.1,-45.0,-45.0,-45.0,-45.0,-45.0,-45.0,-11.8,-45.0,-14.2,0.0,5.0,41.10663,29.02643
-180.0,-180.0,-180.0,-180.0,-180.0,-180.0,-98.8,-180.0,-102.1,-45.0,-45.0,-45.0,-45.0,-45.0,-45.0,-12.5,-45.0,-15.6,0.0,2.5,41.10754,29.02622
-180.0,-180.0,-180.0,-75.3,-89.4,-180.0,-180.0,-180.0,-180.0,-45.0,-45.0,-45.0,-10.4,-19.4,-45.0,-45.0,-45.0,-45.0,0.0,-15.2,41.1076,29.02338
-180.0,-180.0,-180.0,-84.5,-86.2,-180.0,-180.0,-180.0,-180.0,-45.0,-45.0,-45.0,-11.4,-13.5,-45.0,-45.0,-45.0,-45.0,0.0,4.0,41.10781,29.02249
-180.0,-180.0,-180.0,-83.2,-82.6,-180.0,-180.0,-180.0,-180.0,-45.0,-45.0,-45.0,-12.9,-11.8,-45.0,-45.0,-45.0,-45.0,0.0,-2.5,41.10786,29.02241
-180.0,-180.0,-180.0,-90.1,-88.8,-180.0,-180.0,-180.0,-180.0,-45.0,-45.0,-45.0,-12.5,-12.8,-45.0,-45.0,-45.0,-45.0,0.0,3.4,41.108,29.022
-180.0,-180.0,-180.0,-180.0,-180.0,-180.0,-131.6,-124.2,-180.0,-45.0,-45.0,-45.0,-45.0,-45.0,-45.0,-20.9,-14.5,-45.0,0.0,-0.7,41.09933,29.02383
-180.0,-180.0,-180.0,-180.0,-180.0,-180.0,-124.8,-119.5,-180.0,-45.0,-45.0,-45.0,-45.0,-45.0,-45.0,-17.7,-12.8,-45.0,0.0,0.5,41.1,29.02198
-180.0,-180.0,-180.0,-180.0,-180.0,-180.0,-123.9,-119.7,-180.0,-45.0,-45.0,-45.0,-45.0,-45.0,-45.0,-17.0,-13.2,-45.0,0.0,-1.8,41.10028,29.02161
-180.0,-180.0,-180.0,-180.0,-180.0,-180.0,-119.3,-117.3,-180.0,-45.0,-45.0,-45.0,-45.0,-45.0,-45.0,-15.1,-13.2,-45.0,0.0,0.4,41.10056,29.02123
-180.0,-180.0,-180.0,-180.0,-180.0,-180.0,-119.2,-116.3,-180.0,-45.0,-45.0,-45.0,-45.0,-45.0,-45.0,-15.7,-13.4,-45.0,0.0,0.6,41.10067,29.02101
-180.0,-180.0,-180.0,-180.0,-180.0,-180.0,-180.0,-77.9,-180.0,-45.0,-45.0,-45.0,-45.0,-45.0,-45.0,-45.0,-10.4,-45.0,0.0,23.1,41.10502,29.02544
-180.0,-180.0,-180.0,-180.0,-180.0,-180.0,-180.0,-68.2,-180.0,-45.0,-45.0,-45.0,-45.0,-45.0,-45.0,-45.0,-10.4,-45.0,0.0,26.8,41.1053,29.02736
-180.0,-180.0,-180.0,-180.0,-180.0,-180.0,-180.0,-82.7,-76.9,-45.0,-45.0,-45.0,-45.0,-45.0,-45.0,-45.0,-15.2,-11.1,0.0,8.8,41.10561,29.02778
-180.0,-180.0,-180.0,-180.0,-180.0,-180.0,-180.0,-85.0,-72.5,-45.0,-45.0,-45.0,-45.0,-45.0,-45.0,-45.0,-16.6,-10.6,0.0,16.2,41.10567,29.02781
-180.0,-180.0,-180.0,-180.0,-180.0,-180.0,-180.0,-180.0,-72.9,-45.0,-45.0,-45.0,-45.0,-45.0,-45.0,-45.0,-45.0,-10.6,0.0,25.1,41.10574,29.02781
-180.0,-180.0,-180.0,-180.0,-180.0,-180.0,-180.0,-180.0,-72.3,-45.0,-45.0,-45.0,-45.0,-45.0,-45.0,-45.0,-45.0,-10.4,0.0,23.2,41.1061,29.02778
-180.0,-180.0,-180.0,-180.0,-180.0,-98.0,-180.0,-180.0,-82.2,-45.0,-45.0,-45.0,-45.0,-45.0,-22.5,-45.0,-45.0,-10.5,0.0,18.6,41.10625,29.02795
-180.0,-180.0,-180.0,-180.0,-180.0,-90.5,-180.0,-180.0,-79.1,-45.0,-45.0,-45.0,-45.0,-45.0,-18.5,-45.0,-45.0,-10.5,0.0,17.3,41.1063,29.02802
-180.0,-180.0,-180.0,-72.2,-180.0,-180.0,-180.0,-180.0,-180.0,-45.0,-45.0,-45.0,-10.4,-45.0,-45.0,-45.0,-45.0,-45.0,0.0,29.3,41.10757,29.0231
-180.0,-180.0,-180.0,-71.1,-180.0,-180.0,-180.0,-180.0,-180.0,-45.0,-45.0,-45.0,-10.4,-45.0,-45.0,-45.0,-45.0,-45.0,0.0,30.5,41.1076,29.02332
-180.0,-180.0,-180.0,-79.4,-84.7,-180.0,-180.0,-180.0,-180.0,-45.0,-45.0,-45.0,-10.8,-15.2,-45.0,-45.0,-45.0,-45.0,0.0,9.5,41.10773,29.02263
-180.0,-180.0,-180.0,-88.5,-89.6,-180.0,-180.0,-180.0,-180.0,-45.0,-45.0,-45.0,-12.0,-13.0,-45.0,-45.0,-45.0,-45.0,0.0,3.5,41.10798,29.02213
-180.0,-180.0,-180.0,-180.0,-131.0,-180.0,-180.0,-128.3,-180.0,-45.0,-45.0,-45.0,-45.0,-19.6,-45.0,-45.0,-16.8,-45.0,0.0,-6.8,41.09899,29.02517
-180.0,-180.0,-180.0,-180.0,-180.0,-180.0,-180.0,-119.4,-180.0,-45.0,-45.0,-45.0,-45.0,-45.0,-45.0,-45.0,-12.5,-45.0,0.0,2.0,41.09944,29.02313
-180.0,-180.0,-180.0,-180.0,-180.0,-180.0,-119.5,-116.8,-180.0,-45.0,-45.0,-45.0,-45.0,-45.0,-45.0,-15.6,-13.0,-45.0,0.0,-0.2,41.10051,29.02131
-180.0,-180.0,-180.0,-180.0,-180.0,-180.0,-180.0,-80.4,-80.4,-45.0,-45.0,-45.0,-45.0,-45.0,-45.0,-45.0,-13.1,-12.3,0.0,4.8,41.10555,29.02775
-180.0,-180.0,-180.0,-180.0,-180.0,-180.0,-180.0,-75.7,-84.4,-45.0,-45.0,-45.0,-45.0,-45.0,-45.0,-45.0,-10.6,-18.9,0.0,15.9,41.1056,29.02658
-180.0,-180.0,-180.0,-180.0,-180.0,-180.0,-103.9,-95.2,-98.4,-45.0,-45.0,-45.0,-45.0,-45.0,-45.0,-20.2,-12.1,-14.7,0.0,-2.6,41.10598,29.02649
-180.0,-180.0,-180.0,-180.0,-75.4,-180.0,-180.0,-180.0,-180.0,-45.0,-45.0,-45.0,-45.0,-10.4,-45.0,-45.0,-45.0,-45.0,0.0,32.1,41.10684,29.02151
-180.0,-180.0,-180.0,-99.2,-102.4,-180.0,-180.0,-180.0,-180.0,-45.0,-45.0,-45.0,-11.6,-15.3,-45.0,-45.0,-45.0,-45.0,0.0,-5.2,41.10798,29.02118
-180.0,-180.0,-180.0,-180.0,-180.0,-180.0,-180.0,-126.7,-180.0,-45.0,-45.0,-45.0,-45.0,-45.0,-45.0,-45.0,-15.7,-45.0,0.0,-3.4,41.09907,29.0248
-180.0,-180.0,-180.0,-180.0,-180.0,-180.0,-180.0,-180.0,-180.0,-45.0,-45.0,-45.0,-45.0,-45.0,-45.0,-45.0,-45.0,-45.0,0.0,-20.0,41.09935,29.02699
-180.0,-180.0,-180.0,-180.0,-180.0,-180.0,-180.0,-121.0,-180.0,-45.0,-45.0,-45.0,-45.0,-45.0,-45.0,-45.0,-12.7,-45.0,0.0,2.6,41.09938,29.02304
-180.0,-180.0,-180.0,-180.0,-180.0,-180.0,-130.3,-122.3,-180.0,-45.0,-45.0,-45.0,-45.0,-45.0,-45.0,-21.1,-13.5,-45.0,0.0,-0.1,41.0994,29.02334
-180.0,-180.0,-180.0,-180.0,-180.0,-180.0,-126.7,-118.6,-180.0,-45.0,-45.0,-45.0,-45.0,-45.0,-45.0,-19.5,-12.3,-45.0,0.0,3.1,41.09955,29.02279
-180.0,-180.0,-180.0,-180.0,-180.0,-180.0,-125.5,-118.5,-180.0,-45.0,-45.0,-45.0,-45.0,-45.0,-45.0,-18.9,-12.4,-45.0,0.0,2.7,41.09964,29.0226
-180.0,-180.0,-180.0,-180.0,-180.0,-180.0,-118.9,-117.8,-180.0,-45.0,-45.0,-45.0,-45.0,-45.0,-45.0,-14.9,-14.1,-45.0,0.0,-0.7,41.10058,29.02119
-180.0,-180.0,-180.0,-180.0,-180.0,-180.0,-118.6,-116.5,-180.0,-45.0,-45.0,-45.0,-45.0,-45.0,-45.0,-15.3,-13.4,-45.0,0.0,1.2,41.10071,29.02093
-180.0,-180.0,-180.0,-180.0,-180.0,-180.0,-116.7,-115.4,-180.0,-45.0,-45.0,-45.0,-45.0,-45.0,-45.0,-14.7,-13.8,-45.0,0.0,0.6,41.10092,29.02045
-180.0,-180.0,-180.0,-180.0,-180.0,-180.0,-180.0,-180.0,-75.4,-45.0,-45.0,-45.0,-45.0,-45.0,-45.0,-45.0,-45.0,-10.4,0.0,24.3,41.10587,29.0278
-180.0,-180.0,-180.0,-180.0,-180.0,-180.0,-101.1,-94.7,-98.6,-45.0,-45.0,-45.0,-45.0,-45.0,-45.0,-20.9,-11.7,-15.2,0.0,-5.7,41.10594,29.02651
-180.0,-180.0,-180.0,-180.0,-73.3,-180.0,-180.0,-180.0,-180.0,-45.0,-45.0,-45.0,-45.0,-10.3,-45.0,-45.0,-45.0,-45.0,0.0,30.7,41.10698,29.02151
-180.0,-180.0,-180.0,-180.0,-180.0,-180.0,-97.4,-180.0,-104.8,-45.0,-45.0,-45.0,-45.0,-45.0,-45.0,-11.3,-45.0,-16.0,0.0,6.7,41.10709,29.02633
-180.0,-180.0,-180.0,-77.3,-84.9,-180.0,-180.0,-180.0,-180.0,-45.0,-45.0,-45.0,-10.8,-15.5,-45.0,-45.0,-45.0,-45.0,0.0,8.4,41.10769,29.02268
-180.0,-180.0,-180.0,-180.0,-180.0,-180.0,-122.1,-120.2,-180.0,-45.0,-45.0,-45.0,-45.0,-45.0,-45.0,-15.9,-14.4,-45.0,0.0,-2.3,41.10031,29.02155
-180.0,-180.0,-180.0,-180.0,-180.0,-180.0,-119.4,-116.8,-180.0,-45.0,-45.0,-45.0,-45.0,-45.0,-45.0,-16.1,-12.9,-45.0,0.0,0.8,41.10055,29.02125
-180.0,-180.0,-180.0,-180.0,-180.0,-180.0,-116.7,-117.0,-180.0,-45.0,-45.0,-45.0,-45.0,-45.0,-45.0,-14.1,-14.0,-45.0,0.0,1.3,41.10086,29.0206
-180.0,-180.0,-137.5,-180.0,-180.0,-180.0,-115.7,-115.6,-180.0,-45.0,-45.0,-30.4,-45.0,-45.0,-45.0,-14.0,-14.1,-45.0,0.0,-1.2,41.101,29.02016
-180.0,-180.0,-180.0,-180.0,-180.0,-180.0,-120.4,-115.0,-180.0,-45.0,-45.0,-45.0,-45.0,-45.0,-45.0,-19.0,-13.4,-45.0,0.0,1.1,41.10105,29.01997
-180.0,-180.0,-122.1,-180.0,-180.0,-180.0,-180.0,-114.0,-180.0,-45.0,-45.0,-20.3,-45.0,-45.0,-45.0,-45.0,-13.8,-45.0,0.0,0.1,41.10108,29.01983
-180.0,-180.0,-180.0,-180.0,-180.0,-180.0,-180.0,-67.4,-84.1,-45.0,-45.0,-45.0,-45.0,-45.0,-45.0,-45.0,-10.4,-21.8,0.0,24.3,41.10538,29.02758
-180.0,-180.0,-180.0,-180.0,-180.0,-180.0,-105.2,-92.4,-91.4,-45.0,-45.0,-45.0,-45.0,-45.0,-45.0,-21.1,-12.9,-12.4,0.0,2.0,41.10609,29.02647
-180.0,-180.0,-180.0,-180.0,-180.0,-180.0,-95.9,-180.0,-97.6,-45.0,-45.0,-45.0,-45.0,-45.0,-45.0,-12.0,-45.0,-13.1,0.0,5.6,41.1068,29.0264
-180.0,-180.0,-180.0,-83.0,-87.6,-180.0,-180.0,-180.0,-180.0,-45.0,-45.0,-45.0,-11.0,-14.9,-45.0,-45.0,-45.0,-45.0,0.0,10.9,41.10759,29.02287
-180.0,-180.0,-180.0,-75.9,-83.7,-180.0,-180.0,-180.0,-180.0,-45.0,-45.0,-45.0,-10.6,-16.7,-45.0,-45.0,-45.0,-45.0,0.0,10.8,41.10761,29.02282
-180.0,-180.0,-180.0,-73.0,-180.0,-180.0,-180.0,-180.0,-180.0,-45.0,-45.0,-45.0,-10.4,-45.0,-45.0,-45.0,-45.0,-45.0,0.0,30.8,41.10785,29.02443
-180.0,-180.0,-180.0,-180.0,-180.0,-180.0,-125.1,-118.5,-180.0,-45.0,-45.0,-45.0,-45.0,-45.0,-45.0,-18.4,-12.4,-45.0,0.0,1.5,41.09985,29.02221
-180.0,-180.0,-180.0,-180.0,-180.0,-180.0,-117.2,-117.4,-180.0,-45.0,-45.0,-45.0,-45.0,-45.0,-45.0,-14.1,-14.4,-45.0,0.0,-1.0,41.10075,29.02084
-180.0,-180.0,-118.5,-180.0,-180.0,-180.0,-118.2,-116.0,-180.0,-45.0,-45.0,-17.0,-45.0,-45.0,-45.0,-16.2,-15.3,-45.0,0.0,-1.5,41.10111,29.01972
-180.0,-180.0,-117.3,-180.0,-180.0,-180.0,-120.7,-116.8,-180.0,-45.0,-45.0,-16.6,-45.0,-45.0,-45.0,-18.3,-15.2,-45.0,0.0,-1.8,41.10113,29.01966
-76.4,-94.1,-180.0,-180.0,-180.0,-180.0,-180.0,-95.1,-180.0,-10.6,-23.5,-45.0,-45.0,-45.0,-45.0,-45.0,-22.7,-45.0,0.0,11.3,41.10469,29.02281
-180.0,-180.0,-180.0,-180.0,-180.0,-180.0,-180.0,-76.2,-180.0,-45.0,-45.0,-45.0,-45.0,-45.0,-45.0,-45.0,-10.4,-45.0,0.0,22.4,41.10497,29.02508
-180.0,-180.0,-180.0,-180.0,-180.0,-180.0,-180.0,-77.0,-92.3,-45.0,-45.0,-45.0,-45.0,-45.0,-45.0,-45.0,-10.5,-18.2,0.0,23.4,41.10544,29.0266
-180.0,-180.0,-180.0,-180.0,-180.0,-180.0,-180.0,-92.4,-96.8,-45.0,-45.0,-45.0,-45.0,-45.0,-45.0,-45.0,-11.5,-15.5,0.0,7.2,41.10583,29.02655
-180.0,-180.0,-180.0,-180.0,-180.0,-180.0,-99.9,-107.2,-103.4,-45.0,-45.0,-45.0,-45.0,-45.0,-45.0,-11.9,-18.6,-15.0,0.0,5.5,41.10659,29.02643
-180.0,-180.0,-180.0,-180.0,-78.7,-180.0,-180.0,-180.0,-180.0,-45.0,-45.0,-45.0,-45.0,-10.4,-45.0,-45.0,-45.0,-45.0,0.0,23.7,41.10667,29.02154
-180.0,-180.0,-180.0,-85.7,-88.4,-180.0,-180.0,-180.0,-180.0,-45.0,-45.0,-45.0,-11.4,-13.0,-45.0,-45.0,-45.0,-45.0,0.0,8.8,41.10753,29.02291
-180.0,-180.0,-180.0,-72.1,-81.3,-180.0,-180.0,-180.0,-180.0,-45.0,-45.0,-45.0,-10.4,-18.9,-45.0,-45.0,-45.0,-45.0,0.0,-14.1,41.10757,29.02327
-180.0,-180.0,-180.0,-67.1,-180.0,-180.0,-180.0,-180.0,-180.0,-45.0,-45.0,-45.0,-10.4,-45.0,-45.0,-45.0,-45.0,-45.0,0.0,32.7,41.10761,29.02342
-180.0,-180.0,-180.0,-57.4,-180.0,-180.0,-180.0,-180.0,-180.0,-45.0,-45.0,-45.0,-10.3,-45.0,-45.0,-45.0,-45.0,-45.0,0.0,36.8,41.10763,29.0235
-180.0,-180.0,-180.0,-66.8,-180.0,-180.0,-180.0,-180.0,-180.0,-45.0,-45.0,-45.0,-10.3,-45.0,-45.0,-45.0,-45.0,-45.0,0.0,36.2,41.10765,29.02359
-180.0,-180.0,-180.0,-180.0,-180.0,-180.0,-180.0,-76.3,-180.0,-45.0,-45.0,-45.0,-45.0,-45.0,-45.0,-45.0,-10.4,-45.0,0.0,21.6,41.10499,29.0252
-180.0,-180.0,-180.0,-180.0,-180.0,-180.0,-99.3,-108.7,-104.4,-45.0,-45.0,-45.0,-45.0,-45.0,-45.0,-11.6,-20.6,-17.8,0.0,7.4,41.10648,29.02648
-180.0,-180.0,-180.0,-84.0,-84.4,-180.0,-180.0,-180.0,-180.0,-45.0,-45.0,-45.0,-11.8,-14.3,-45.0,-45.0,-45.0,-45.0,0.0,6.3,41.10753,29.02272
-180.0,-180.0,-180.0,-69.7,-180.0,-180.0,-180.0,-180.0,-180.0,-45.0,-45.0,-45.0,-10.4,-45.0,-45.0,-45.0,-45.0,-45.0,0.0,35.3,41.10765,29.02362
-180.0,-180.0,-180.0,-65.8,-180.0,-180.0,-180.0,-180.0,-180.0,-45.0,-45.0,-45.0,-10.4,-45.0,-45.0,-45.0,-45.0,-45.0,0.0,35.4,41.10773,29.02389
-150.6,-180.0,-180.0,-180.0,-180.0,-180.0,-180.0,-180.0,-180.0,-37.6,-45.0,-45.0,-45.0,-45.0,-45.0,-45.0,-45.0,-45.0,0.0,-17.4,41.09903,29.02637
-180.0,-180.0,-180.0,-180.0,-180.0,-180.0,-180.0,-122.1,-180.0,-45.0,-45.0,-45.0,-45.0,-45.0,-45.0,-45.0,-13.3,-45.0,0.0,0.4,41.09932,29.0233
-180.0,-180.0,-180.0,-180.0,-180.0,-180.0,-180.0,-119.1,-180.0,-45.0,-45.0,-45.0,-45.0,-45.0,-45.0,-45.0,-12.2,-45.0,0.0,3.5,41.09942,29.02293
-180.0,-180.0,-180.0,-180.0,-180.0,-180.0,-125.6,-120.0,-180.0,-45.0,-45.0,-45.0,-45.0,-45.0,-45.0,-18.3,-12.6,-45.0,0.0,1.7,41.0999,29.02206
-180.0,-180.0,-180.0,-180.0,-180.0,-180.0,-180.0,-79.8,-180.0,-45.0,-45.0,-45.0,-45.0,-45.0,-45.0,-45.0,-10.5,-45.0,0.0,15.5,41.10489,29.02455
-180.0,-180.0,-180.0,-180.0,-180.0,-180.0,-180.0,-78.5,-88.2,-45.0,-45.0,-45.0,-45.0,-45.0,-45.0,-45.0,-10.4,-20.2,0.0,27.2,41.10506,29.02568
-180.0,-180.0,-180.0,-180.0,-180.0,-180.0,-100.6,-97.0,-91.7,-45.0,-45.0,-45.0,-45.0,-45.0,-45.0,-19.4,-15.2,-12.0,0.0,4.4,41.10612,29.02647
-180.0,-180.0,-180.0,-78.3,-180.0,-180.0,-180.0,-180.0,-180.0,-45.0,-45.0,-45.0,-10.5,-45.0,-45.0,-45.0,-45.0,-45.0,0.0,27.3,41.10784,29.02439
-180.0,-180.0,-180.0,-92.1,-180.0,-180.0,-91.5,-180.0,-91.5,-45.0,-45.0,-45.0,-14.9,-45.0,-45.0,-13.9,-45.0,-13.3,0.0,-3.3,41.10784,29.02595
-180.0,-180.0,-180.0,-180.0,-180.0,-180.0,-180.0,-131.8,-180.0,-45.0,-45.0,-45.0,-45.0,-45.0,-45.0,-45.0,-19.4,-45.0,0.0,-10.4,41.09915,29.02651
-180.0,-180.0,-180.0,-180.0,-180.0,-180.0,-126.8,-118.9,-180.0,-45.0,-45.0,-45.0,-45.0,-45.0,-45.0,-19.0,-12.1,-45.0,0.0,3.1,41.09952,29.0227
-180.0,-180.0,-180.0,-180.0,-180.0,-180.0,-124.5,-120.7,-180.0,-45.0,-45.0,-45.0,-45.0,-45.0,-45.0,-17.0,-13.6,-45.0,0.0,1.4,41.09996,29.02197
-56.5,-180.0,-180.0,-180.0,-180.0,-180.0,-180.0,-180.0,-180.0,-10.4,-45.0,-45.0,-45.0,-45.0,-45.0,-45.0,-45.0,-45.0,0.0,21.5,41.10456,29.02188
-82.8,-87.8,-180.0,-180.0,-180.0,-180.0,-180.0,-103.6,-180.0,-11.6,-18.6,-45.0,-45.0,-45.0,-45.0,-45.0,-24.4,-45.0,0.0,9.4,41.10468,29.02273
-180.0,-180.0,-180.0,-180.0,-180.0,-87.5,-180.0,-180.0,-81.7,-45.0,-45.0,-45.0,-45.0,-45.0,-15.2,-45.0,-45.0,-11.4,0.0,8.9,41.10655,29.02823
-180.0,-180.0,-180.0,-104.8,-180.0,-180.0,-98.5,-180.0,-100.0,-45.0,-45.0,-45.0,-18.7,-45.0,-45.0,-12.7,-45.0,-14.8,0.0,3.5,41.10743,29.02624
-180.0,-180.0,-180.0,-180.0,-135.9,-180.0,-180.0,-131.4,-180.0,-45.0,-45.0,-45.0,-45.0,-23.1,-45.0,-45.0,-19.9,-45.0,0.0,-4.5,41.09902,29.0261
-180.0,-180.0,-180.0,-180.0,-180.0,-180.0,-131.0,-119.5,-180.0,-45.0,-45.0,-45.0,-45.0,-45.0,-45.0,-22.1,-12.4,-45.0,0.0,2.5,41.09971,29.02238
-180.0,-180.0,-180.0,-180.0,-180.0,-180.0,-125.8,-120.1,-180.0,-45.0,-45.0,-45.0,-45.0,-45.0,-45.0,-18.1,-13.2,-45.0,0.0,0.8,41.10007,29.02181
-91.4,-180.0,-180.0,-180.0,-180.0,-180.0,-180.0,-87.0,-180.0,-13.8,-45.0,-45.0,-45.0,-45.0,-45.0,-45.0,-12.1,-45.0,0.0,6.3,41.10477,29.02377
-107.1,-180.0,-180.0,-180.0,-180.0,-180.0,-180.0,-86.2,-180.0,-23.1,-45.0,-45.0,-45.0,-45.0,-45.0,-45.0,-11.3,-45.0,0.0,8.5,41.10481,29.02409
-78.6,-180.0,-180.0,-180.0,-180.0,-180.0,-180.0,-88.7,-180.0,-11.3,-45.0,-45.0,-45.0,-45.0,-45.0,-45.0,-18.4,-45.0,0.0,13.2,41.10483,29.02298
-86.0,-180.0,-91.3,-180.0,-180.0,-180.0,-180.0,-180.0,-180.0,-12.6,-45.0,-16.4,-45.0,-45.0,-45.0,-45.0,-45.0,-45.0,0.0,4.9,41.10547,29.02281
-180.0,-180.0,-180.0,-85.4,-84.3,-180.0,-180.0,-180.0,-180.0,-45.0,-45.0,-45.0,-12.9,-11.9,-45.0,-45.0,-45.0,-45.0,0.0,7.6,41.10769,29.02226
-180.0,-180.0,-180.0,-69.1,-180.0,-180.0,-180.0,-180.0,-180.0,-45.0,-45.0,-45.0,-10.4,-45.0,-45.0,-45.0,-45.0,-45.0,0.0,30.6,41.10778,29.02414
-180.0,-180.0,-180.0,-180.0,-133.5,-180.0,-180.0,-136.5,-180.0,-45.0,-45.0,-45.0,-45.0,-20.9,-45.0,-45.0,-24.3,-45.0,0.0,-10.6,41.09899,29.02598
-180.0,-180.0,-180.0,-180.0,-180.0,-180.0,-125.1,-120.9,-180.0,-45.0,-45.0,-45.0,-45.0,-45.0,-45.0,-17.9,-13.4,-45.0,0.0,0.8,41.10011,29.02175
-55.7,-88.4,-180.0,-180.0,-180.0,-180.0,-180.0,-180.0,-180.0,-10.4,-26.5,-45.0,-45.0,-45.0,-45.0,-45.0,-45.0,-45.0,0.0,26.4,41.10457,29.02199
-86.7,-94.3,-102.0,-180.0,-180.0,-180.0,-180.0,-90.9,-180.0,-11.2,-20.4,-23.4,-45.0,-45.0,-45.0,-45.0,-16.3,-45.0,0.0,3.7,41.10475,29.02339
-80.5,-92.8,-180.0,-180.0,-180.0,-180.0,-180.0,-85.1,-180.0,-12.4,-25.2,-45.0,-45.0,-45.0,-45.0,-45.0,-17.2,-45.0,0.0,9.6,41.10478,29.02302
-82.4,-180.0,-93.6,-180.0,-116.9,-180.0,-180.0,-180.0,-180.0,-11.5,-45.0,-19.6,-45.0,-27.8,-45.0,-45.0,-45.0,-45.0,0.0,7.9,41.1054,29.02282
-180.0,-180.0,-180.0,-180.0,-180.0,-88.5,-180.0,-180.0,-89.3,-45.0,-45.0,-45.0,-45.0,-45.0,-13.0,-45.0,-45.0,-12.6,0.0,3.8,41.10711,29.02891
-180.0,-180.0,-180.0,-180.0,-74.9,-180.0,-180.0,-180.0,-180.0,-45.0,-45.0,-45.0,-45.0,-10.4,-45.0,-45.0,-45.0,-45.0,0.0,24.9,41.10739,29.02182
-180.0,-180.0,-180.0,-180.0,-180.0,-88.4,-180.0,-180.0,-84.5,-45.0,-45.0,-45.0,-45.0,-45.0,-12.6,-45.0,-45.0,-11.3,0.0,6.4,41.10764,29.02914
-180.0,-180.0,-180.0,-180.0,-180.0,-180.0,-180.0,-123.6,-180.0,-45.0,-45.0,-45.0,-45.0,-45.0,-45.0,-45.0,-13.8,-45.0,0.0,-0.7,41.09927,29.0236
-180.0,-180.0,-180.0,-180.0,-180.0,-180.0,-127.8,-119.9,-180.0,-45.0,-45.0,-45.0,-45.0,-45.0,-45.0,-19.5,-12.6,-45.0,0.0,2.0,41.09947,29.02282
-180.0,-180.0,-180.0,-180.0,-180.0,-180.0,-124.3,-120.2,-180.0,-45.0,-45.0,-45.0,-45.0,-45.0,-45.0,-17.0,-13.4,-45.0,0.0,-0.3,41.10019,29.02163
-180.0,-180.0,-180.0,-180.0,-180.0,-180.0,-121.8,-118.8,-180.0,-45.0,-45.0,-45.0,-45.0,-45.0,-45.0,-16.3,-13.0,-45.0,0.0,0.9,41.10026,29.02151
-180.0,-180.0,-180.0,-180.0,-180.0,-180.0,-122.2,-119.3,-180.0,-45.0,-45.0,-45.0,-45.0,-45.0,-45.0,-15.6,-13.4,-45.0,0.0,0.7,41.10027,29.02147
-180.0,-60.2,-180.0,-180.0,-180.0,-180.0,-180.0,-180.0,-180.0,-45.0,-10.4,-45.0,-45.0,-45.0,-45.0,-45.0,-45.0,-45.0,0.0,28.1,41.10446,29.02079
-79.5,-99.6,-91.1,-180.0,-180.0,-180.0,-180.0,-90.0,-180.0,-11.2,-24.6,-19.8,-45.0,-45.0,-45.0,-45.0,-15.0,-45.0,0.0,14.6,41.1049,29.02295
-180.0,-180.0,-180.0,-180.0,-180.0,-180.0,-180.0,-71.8,-180.0,-45.0,-45.0,-45.0,-45.0,-45.0,-45.0,-45.0,-10.3,-45.0,0.0,27.7,41.1052,29.02627
-180.0,-180.0,-180.0,-180.0,-180.0,-180.0,-180.0,-73.5,-180.0,-45.0,-45.0,-45.0,-45.0,-45.0,-45.0,-45.0,-10.4,-45.0,0.0,28.1,41.10524,29.02652
-81.2,-109.2,-86.1,-180.0,-180.0,-180.0,-180.0,-180.0,-180.0,-11.7,-27.4,-14.6,-45.0,-45.0,-45.0,-45.0,-45.0,-45.0,0.0,6.7,41.10533,29.02284
-180.0,-180.0,-180.0,-180.0,-180.0,-180.0,-180.0,-65.0,-82.0,-45.0,-45.0,-45.0,-45.0,-45.0,-45.0,-45.0,-10.4,-20.4,0.0,26.3,41.10542,29.02764
-180.0,-180.0,-154.3,-180.0,-79.7,-180.0,-180.0,-180.0,-180.0,-45.0,-45.0,-42.3,-45.0,-10.5,-45.0,-45.0,-45.0,-45.0,0.0,20.7,41.10651,29.02256
-180.0,-180.0,-180.0,-180.0,-77.1,-180.0,-180.0,-180.0,-180.0,-45.0,-45.0,-45.0,-45.0,-10.3,-45.0,-45.0,-45.0,-45.0,0.0,24.3,41.10659,29.02255
-180.0,-180.0,-180.0,-180.0,-77.5,-180.0,-180.0,-180.0,-180.0,-45.0,-45.0,-45.0,-45.0,-10.4,-45.0,-45.0,-45.0,-45.0,0.0,27.4,41.10674,29.02251
-180.0,-180.0,-180.0,-180.0,-180.0,-88.1,-180.0,-180.0,-79.7,-45.0,-45.0,-45.0,-45.0,-45.0,-15.0,-45.0,-45.0,-11.1,4.0,-2.0,41.10676,29.02862
-180.0,-180.0,-180.0,-180.0,-75.7,-180.0,-180.0,-180.0,-180.0,-45.0,-45.0,-45.0,-45.0,-10.4,-45.0,-45.0,-45.0,-45.0,0.0,30.1,41.10689,29.02251
-180.0,-125.0,-118.7,-180.0,-122.5,-180.0,-180.0,-121.8,-120.1,-45.0,-21.3,-15.7,-45.0,-19.2,-45.0,-45.0,-18.1,-17.0,0.0,-8.5,41.10721,29.01766
-180.0,-180.0,-180.0,-180.0,-180.0,-180.0,-125.7,-117.5,-180.0,-45.0,-45.0,-45.0,-45.0,-45.0,-45.0,-18.9,-12.0,-45.0,0.0,3.7,41.09966,29.02249
-180.0,-180.0,-180.0,-180.0,-180.0,-180.0,-126.0,-121.6,-180.0,-45.0,-45.0,-45.0,-45.0,-45.0,-45.0,-18.3,-13.9,-45.0,0.0,0.6,41.10001,29.02188
-180.0,-180.0,-180.0,-180.0,-180.0,-180.0,-123.2,-122.1,-180.0,-45.0,-45.0,-45.0,-45.0,-45.0,-45.0,-15.8,-14.3,-45.0,0.0,-1.8,41.10015,29.02171
-180.0,-180.0,-180.0,-180.0,-180.0,-180.0,-122.7,-120.5,-180.0,-45.0,-45.0,-45.0,-45.0,-45.0,-45.0,-16.1,-13.8,-45.0,0.0,-0.9,41.10018,29.02167
-91.4,-69.6,-180.0,-180.0,-180.0,-180.0,-180.0,-180.0,-180.0,-24.4,-10.5,-45.0,-45.0,-45.0,-45.0,-45.0,-45.0,-45.0,0.0,15.9,41.10439,29.02036
-180.0,-64.2,-180.0,-180.0,-180.0,-180.0,-180.0,-180.0,-180.0,-45.0,-10.4,-45.0,-45.0,-45.0,-45.0,-45.0,-45.0,-45.0,0.0,20.1,41.10443,29.02059
-80.3,-90.5,-180.0,-180.0,-180.0,-180.0,-180.0,-86.9,-180.0,-11.8,-18.4,-45.0,-45.0,-45.0,-45.0,-45.0,-18.0,-45.0,0.0,9.5,41.10477,29.02305
-114.0,-180.0,-180.0,-180.0,-180.0,-180.0,-180.0,-84.1,-180.0,-28.7,-45.0,-45.0,-45.0,-45.0,-45.0,-45.0,-10.6,-45.0,0.0,11.9,41.10487,29.02437
-180.0,-180.0,-180.0,-180.0,-180.0,-180.0,-180.0,-79.8,-180.0,-45.0,-45.0,-45.0,-45.0,-45.0,-45.0,-45.0,-10.5,-45.0,0.0,14.0,41.10498,29.02486
-180.0,-180.0,-117.0,-180.0,-82.3,-180.0,-180.0,-180.0,-180.0,-45.0,-45.0,-30.6,-45.0,-10.9,-45.0,-45.0,-45.0,-45.0,0.0,12.2,41.10637,29.0226
-180.0,-180.0,-180.0,-180.0,-180.0,-180.0,-97.4,-180.0,-104.3,-45.0,-45.0,-45.0,-45.0,-45.0,-45.0,-11.3,-45.0,-16.0,0.0,6.1,41.1073,29.02627
-180.0,-180.0,-180.0,-180.0,-180.0,-145.9,-77.8,-180.0,-180.0,-45.0,-45.0,-45.0,-45.0,-45.0,-39.6,-10.6,-45.0,-45.0,0.0,14.6,41.10789,29.02696
-180.0,-180.0,-180.0,-180.0,-180.0,-180.0,-68.2,-180.0,-72.9,-45.0,-45.0,-45.0,-45.0,-45.0,-45.0,-11.4,-45.0,-16.6,0.0,9.3,41.10789,29.02735
-180.0,-180.0,-180.0,-180.0,-180.0,-180.0,-123.4,-120.8,-180.0,-45.0,-45.0,-45.0,-45.0,-45.0,-45.0,-16.0,-13.7,-45.0,0.0,-0.3,41.10024,29.02156
-72.8,-95.0,-180.0,-180.0,-180.0,-180.0,-180.0,-93.1,-180.0,-10.7,-23.3,-45.0,-45.0,-45.0,-45.0,-45.0,-20.7,-45.0,0.0,15.6,41.10465,29.0225
-76.4,-91.6,-180.0,-180.0,-180.0,-180.0,-180.0,-92.0,-180.0,-10.8,-25.6,-45.0,-45.0,-45.0,-45.0,-45.0,-22.0,-45.0,0.0,10.9,41.10466,29.02258
-80.0,-89.9,-180.0,-180.0,-180.0,-180.0,-180.0,-102.2,-180.0,-11.0,-19.2,-45.0,-45.0,-45.0,-45.0,-45.0,-22.3,-45.0,0.0,11.1,41.1047,29.02288
-88.2,-94.6,-180.0,-180.0,-180.0,-180.0,-180.0,-90.1,-180.0,-12.9,-18.0,-45.0,-45.0,-45.0,-45.0,-45.0,-14.8,-45.0,0.0,0.7,41.10474,29.02328
-180.0,-180.0,-180.0,-180.0,-180.0,-180.0,-180.0,-79.4,-180.0,-45.0,-45.0,-45.0,-45.0,-45.0,-45.0,-45.0,-10.4,-45.0,0.0,20.0,41.10496,29.02465
-180.0,-180.0,-180.0,-180.0,-180.0,-180.0,-180.0,-70.4,-180.0,-45.0,-45.0,-45.0,-45.0,-45.0,-45.0,-45.0,-10.4,-45.0,0.0,31.2,41.10522,29.02633
-180.0,-180.0,-89.2,-180.0,-85.1,-180.0,-180.0,-180.0,-180.0,-45.0,-45.0,-16.7,-45.0,-11.8,-45.0,-45.0,-45.0,-45.0,0.0,7.9,41.10626,29.02263
-180.0,-180.0,-180.0,-180.0,-180.0,-87.1,-89.1,-180.0,-78.2,-45.0,-45.0,-45.0,-45.0,-45.0,-16.4,-19.9,-45.0,-11.0,4.0,-2.1,41.10683,29.02856
-180.0,-180.0,-180.0,-180.0,-180.0,-180.0,-93.4,-180.0,-103.6,-45.0,-45.0,-45.0,-45.0,-45.0,-45.0,-10.8,-45.0,-21.9,0.0,12.3,41.107,29.02635
-180.0,-180.0,-180.0,-180.0,-79.1,-180.0,-180.0,-180.0,-180.0,-45.0,-45.0,-45.0,-45.0,-10.5,-45.0,-45.0,-45.0,-45.0,0.0,24.9,41.10714,29.02254
-180.0,-180.0,-180.0,-180.0,-180.0,-89.7,-180.0,-180.0,-81.7,-45.0,-45.0,-45.0,-45.0,-45.0,-14.4,-45.0,-45.0,-11.0,7.0,3.8,41.10762,29.02914
-180.0,-180.0,-180.0,-92.4,-180.0,-180.0,-95.4,-180.0,-180.0,-45.0,-45.0,-45.0,-12.2,-45.0,-45.0,-15.7,-45.0,-45.0,0.0,6.1,41.1078,29.02551
-180.0,-180.0,-180.0,-180.0,-180.0,-180.0,-120.9,-119.5,-180.0,-45.0,-45.0,-45.0,-45.0,-45.0,-45.0,-15.3,-13.7,-45.0,0.0,-0.6,41.10025,29.02153
-180.0,-180.0,-180.0,-180.0,-180.0,-180.0,-122.5,-118.0,-180.0,-45.0,-45.0,-45.0,-45.0,-45.0,-45.0,-17.1,-12.7,-45.0,0.0,3.4,41.10028,29.02146
-91.2,-66.9,-180.0,-180.0,-180.0,-180.0,-180.0,-180.0,-180.0,-26.9,-10.4,-45.0,-45.0,-45.0,-45.0,-45.0,-45.0,-45.0,0.0,15.9,41.10438,29.02024
-56.0,-180.0,-180.0,-180.0,-180.0,-180.0,-180.0,-180.0,-180.0,-10.4,-45.0,-45.0,-45.0,-45.0,-45.0,-45.0,-45.0,-45.0,0.0,27.9,41.10457,29.0221
-66.7,-180.0,-180.0,-180.0,-180.0,-180.0,-180.0,-180.0,-180.0,-10.4,-45.0,-45.0,-45.0,-45.0,-45.0,-45.0,-45.0,-45.0,0.0,24.9,41.1046,29.02224
-87.2,-180.0,-95.8,-180.0,-180.0,-180.0,-180.0,-89.2,-180.0,-13.8,-45.0,-17.9,-45.0,-45.0,-45.0,-45.0,-14.1,-45.0,0.0,4.6,41.10471,29.0232
-87.9,-180.0,-99.1,-180.0,-180.0,-180.0,-180.0,-90.3,-180.0,-13.6,-45.0,-20.3,-45.0,-45.0,-45.0,-45.0,-14.8,-45.0,0.0,-3.4,41.10473,29.02317
-152.0,-180.0,-180.0,-180.0,-180.0,-180.0,-180.0,-82.0,-180.0,-41.4,-45.0,-45.0,-45.0,-45.0,-45.0,-45.0,-10.6,-45.0,0.0,10.2,41.10484,29.02408
-180.0,-180.0,-180.0,-180.0,-180.0,-180.0,-180.0,-78.2,-180.0,-45.0,-45.0,-45.0,-45.0,-45.0,-45.0,-45.0,-10.4,-45.0,0.0,22.2,41.10504,29.02519
-180.0,-180.0,-180.0,-180.0,-180.0,-180.0,-180.0,-69.0,-180.0,-45.0,-45.0,-45.0,-45.0,-45.0,-45.0,-45.0,-10.4,-45.0,0.0,27.5,41.10515,29.02602
-81.6,-93.8,-101.0,-180.0,-180.0,-180.0,-180.0,-180.0,-180.0,-11.2,-21.0,-25.9,-45.0,-45.0,-45.0,-45.0,-45.0,-45.0,0.0,11.1,41.10518,29.02288
-180.0,-180.0,-180.0,-180.0,-180.0,-180.0,-180.0,-71.5,-180.0,-45.0,-45.0,-45.0,-45.0,-45.0,-45.0,-45.0,-10.4,-45.0,0.0,30.0,41.10524,29.02646
-180.0,-180.0,-180.0,-180.0,-115.0,-180.0,-180.0,-120.9,-119.9,-45.0,-45.0,-45.0,-45.0,-13.5,-45.0,-45.0,-19.0,-18.2,17.0,-9.5,41.10681,29.0164
-180.0,-180.0,-180.0,-90.2,-84.7,-180.0,-180.0,-180.0,-180.0,-45.0,-45.0,-45.0,-15.0,-10.8,-45.0,-45.0,-45.0,-45.0,0.0,10.3,41.10741,29.02273
-180.0,-180.0,-180.0,-85.0,-180.0,-180.0,-93.7,-180.0,-180.0,-45.0,-45.0,-45.0,-10.6,-45.0,-45.0,-19.0,-45.0,-45.0,0.0,18.9,41.10784,29.02507
-180.0,-180.0,-180.0,-93.8,-91.5,-180.0,-180.0,-180.0,-180.0,-45.0,-45.0,-45.0,-13.0,-12.2,-45.0,-45.0,-45.0,-45.0,0.0,6.5,41.10802,29.02159
-135.9,-180.0,-180.0,-180.0,-180.0,-180.0,-180.0,-180.0,-180.0,-23.7,-45.0,-45.0,-45.0,-45.0,-45.0,-45.0,-45.0,-45.0,0.0,-3.0,41.09927,29.02697
-180.0,-63.8,-180.0,-180.0,-180.0,-180.0,-180.0,-180.0,-180.0,-45.0,-10.5,-45.0,-45.0,-45.0,-45.0,-45.0,-45.0,-45.0,0.0,24.0,41.10448,29.02088
-71.7,-60.2,-180.0,-180.0,-180.0,-180.0,-180.0,-180.0,-180.0,-16.2,-10.8,-45.0,-45.0,-45.0,-45.0,-45.0,-45.0,-45.0,0.0,16.5,41.10454,29.02151
-66.3,-73.2,-180.0,-180.0,-180.0,-180.0,-180.0,-180.0,-180.0,-11.1,-16.5,-45.0,-45.0,-45.0,-45.0,-45.0,-45.0,-45.0,0.0,7.0,41.10455,29.0217
-92.9,-180.0,-87.8,-180.0,-91.6,-180.0,-180.0,-180.0,-180.0,-19.0,-45.0,-13.9,-45.0,-16.4,-45.0,-45.0,-45.0,-45.0,0.0,4.0,41.10591,29.0227
-98.3,-180.0,-91.7,-180.0,-86.6,-180.0,-180.0,-180.0,-180.0,-19.3,-45.0,-16.2,-45.0,-12.6,-45.0,-45.0,-45.0,-45.0,0.0,0.9,41.10605,29.02267
-180.0,-180.0,-180.0,-180.0,-180.0,-84.5,-180.0,-180.0,-77.4,-45.0,-45.0,-45.0,-45.0,-45.0,-17.5,-45.0,-45.0,-10.8,0.0,9.9,41.10673,29.02858
-180.0,-180.0,-180.0,-88.1,-180.0,-180.0,-93.3,-180.0,-95.0,-45.0,-45.0,-45.0,-11.8,-45.0,-45.0,-14.7,-45.0,-14.8,0.0,2.7,41.1078,29.02572
-69.2,-69.1,-180.0,-180.0,-180.0,-180.0,-180.0,-180.0,-180.0,-12.7,-13.2,-45.0,-45.0,-45.0,-45.0,-45.0,-45.0,-45.0,0.0,5.6,41.10455,29.02164
-85.1,-89.6,-180.0,-180.0,-180.0,-180.0,-180.0,-90.3,-180.0,-12.4,-17.7,-45.0,-45.0,-45.0,-45.0,-45.0,-17.5,-45.0,0.0,6.1,41.10471,29.02303
-87.8,-92.9,-180.0,-180.0,-180.0,-180.0,-180.0,-91.4,-180.0,-12.7,-17.8,-45.0,-45.0,-45.0,-45.0,-45.0,-16.0,-45.0,0.0,-1.9,41.10474,29.02335
-92.0,-95.9,-180.0,-180.0,-180.0,-180.0,-180.0,-84.3,-180.0,-16.0,-20.5,-45.0,-45.0,-45.0,-45.0,-45.0,-11.5,-45.0,0.0,4.1,41.10475,29.02353
-180.0,-180.0,-180.0,-180.0,-180.0,-180.0,-180.0,-72.6,-180.0,-45.0,-45.0,-45.0,-45.0,-45.0,-45.0,-45.0,-10.4,-45.0,0.0,23.9,41.10504,29.02531
-78.7,-89.3,-103.2,-180.0,-180.0,-180.0,-180.0,-109.2,-180.0,-11.1,-19.6,-26.1,-45.0,-45.0,-45.0,-45.0,-26.8,-45.0,0.0,17.4,41.10511,29.02289
-180.0,-180.0,-180.0,-180.0,-180.0,-180.0,-180.0,-71.2,-82.5,-45.0,-45.0,-45.0,-45.0,-45.0,-45.0,-45.0,-10.4,-20.5,0.0,25.8,41.10512,29.02582
-180.0,-180.0,-180.0,-180.0,-180.0,-86.1,-180.0,-180.0,-89.7,-45.0,-45.0,-45.0,-45.0,-45.0,-12.0,-45.0,-45.0,-14.1,0.0,5.2,41.10717,29.02897
-180.0,-180.0,-180.0,-123.3,-124.2,-180.0,-180.0,-127.5,-125.1,-45.0,-45.0,-45.0,-16.5,-17.3,-45.0,-45.0,-20.0,-18.5,0.0,-8.5,41.10737,29.01881
-180.0,-180.0,-180.0,-81.6,-85.6,-180.0,-180.0,-180.0,-180.0,-45.0,-45.0,-45.0,-11.5,-14.2,-45.0,-45.0,-45.0,-45.0,0.0,8.8,41.1076,29.02257
-180.0,-180.0,-180.0,-73.0,-180.0,-180.0,-180.0,-180.0,-180.0,-45.0,-45.0,-45.0,-10.4,-45.0,-45.0,-45.0,-45.0,-45.0,0.0,30.1,41.10783,29.02429
-180.0,-180.0,-180.0,-180.0,-180.0,-180.0,-129.7,-119.9,-180.0,-45.0,-45.0,-45.0,-45.0,-45.0,-45.0,-22.8,-12.5,-45.0,0.0,3.4,41.09958,29.02259
-180.0,-180.0,-180.0,-180.0,-180.0,-180.0,-122.8,-119.4,-180.0,-45.0,-45.0,-45.0,-45.0,-45.0,-45.0,-15.0,-12.5,-45.0,0.0,2.7,41.09984,29.02216
-180.0,-180.0,-180.0,-180.0,-180.0,-180.0,-122.7,-118.6,-180.0,-45.0,-45.0,-45.0,-45.0,-45.0,-45.0,-16.1,-12.8,-45.0,0.0,1.2,41.10027,29.02149
-74.8,-64.3,-180.0,-180.0,-180.0,-180.0,-180.0,-180.0,-180.0,-21.7,-10.5,-45.0,-45.0,-45.0,-45.0,-45.0,-45.0,-45.0,0.0,22.2,41.10451,29.02114
-71.8,-60.0,-180.0,-180.0,-180.0,-180.0,-180.0,-180.0,-180.0,-17.0,-10.5,-45.0,-45.0,-45.0,-45.0,-45.0,-45.0,-45.0,0.0,18.9,41.10452,29.02128
-89.7,-93.5,-180.0,-180.0,-180.0,-180.0,-180.0,-91.8,-180.0,-13.6,-17.5,-45.0,-45.0,-45.0,-45.0,-45.0,-17.5,-45.0,0.0,3.8,41.10475,29.02332
-113.7,-180.0,-180.0,-180.0,-180.0,-180.0,-180.0,-84.6,-180.0,-29.9,-45.0,-45.0,-45.0,-45.0,-45.0,-45.0,-10.7,-45.0,0.0,10.2,41.10486,29.02416
-130.5,-180.0,-180.0,-180.0,-180.0,-180.0,-180.0,-75.2,-86.5,-34.3,-45.0,-45.0,-45.0,-45.0,-45.0,-45.0,-10.4,-20.7,0.0,27.7,41.10507,29.02553
-94.8,-180.0,-88.6,-180.0,-89.7,-180.0,-180.0,-180.0,-180.0,-17.2,-45.0,-13.1,-45.0,-14.2,-45.0,-45.0,-45.0,-45.0,0.0,1.6,41.10585,29.02272
-180.0,-180.0,-180.0,-121.8,-117.7,-180.0,-180.0,-120.5,-119.1,-45.0,-45.0,-45.0,-18.1,-15.4,-45.0,-45.0,-17.0,-16.5,0.0,-7.6,41.10683,29.01644
-180.0,-180.0,-180.0,-180.0,-75.2,-180.0,-180.0,-180.0,-180.0,-45.0,-45.0,-45.0,-45.0,-10.4,-45.0,-45.0,-45.0,-45.0,0.0,28.8,41.10705,29.02252
-180.0,-180.0,-180.0,-87.2,-80.0,-180.0,-180.0,-180.0,-180.0,-45.0,-45.0,-45.0,-17.2,-10.7,-45.0,-45.0,-45.0,-45.0,0.0,15.1,41.10728,29.0226
-180.0,-180.0,-123.0,-180.0,-117.8,-180.0,-180.0,-121.5,-120.5,-45.0,-45.0,-18.5,-45.0,-14.7,-45.0,-45.0,-17.9,-18.2,0.0,-3.1,41.10731,29.01833
-180.0,-180.0,-180.0,-84.4,-89.3,-180.0,-180.0,-180.0,-180.0,-45.0,-45.0,-45.0,-11.3,-14.0,-45.0,-45.0,-45.0,-45.0,0.0,0.3,41.10752,29.02304
-180.0,-180.0,-180.0,-65.9,-180.0,-180.0,-180.0,-180.0,-180.0,-45.0,-45.0,-45.0,-10.4,-45.0,-45.0,-45.0,-45.0,-45.0,0.0,36.2,41.10772,29.02392
-180.0,-180.0,-180.0,-112.0,-110.1,-180.0,-180.0,-180.0,-180.0,-45.0,-45.0,-45.0,-14.5,-13.2,-45.0,-45.0,-45.0,-45.0,0.0,2.5,41.1078,29.02017
-180.0,-180.0,-180.0,-180.0,-180.0,-83.9,-116.2,-180.0,-100.2,-45.0,-45.0,-45.0,-45.0,-45.0,-10.9,-26.1,-45.0,-20.0,0.0,14.0,41.10787,29.0291
-130.4,-180.0,-180.0,-180.0,-180.0,-180.0,-180.0,-180.0,-180.0,-18.8,-45.0,-45.0,-45.0,-45.0,-45.0,-45.0,-45.0,-45.0,0.0,-10.1,41.09921,29.02684
-90.7,-67.9,-180.0,-180.0,-180.0,-180.0,-180.0,-180.0,-180.0,-24.1,-10.4,-45.0,-45.0,-45.0,-45.0,-45.0,-45.0,-45.0,0.0,20.0,41.1044,29.02
-118.6,-86.5,-180.0,-180.0,-180.0,-180.0,-180.0,-180.0,-180.0,-30.2,-10.8,-45.0,-45.0,-45.0,-45.0,-45.0,-45.0,-45.0,0.0,20.3,41.10471,29.01993
-87.9,-180.0,-108.5,-180.0,-180.0,-180.0,-180.0,-82.1,-180.0,-15.8,-45.0,-25.2,-45.0,-45.0,-45.0,-45.0,-11.6,-45.0,0.0,6.1,41.10477,29.02358
-180.0,-98.3,-93.1,-180.0,-180.0,-180.0,-180.0,-180.0,-180.0,-45.0,-16.0,-11.5,-45.0,-45.0,-45.0,-45.0,-45.0,-45.0,0.0,0.8,41.10495,29.01985
-103.3,-180.0,-180.0,-180.0,-180.0,-180.0,-180.0,-76.0,-86.3,-21.6,-45.0,-45.0,-45.0,-45.0,-45.0,-45.0,-10.4,-20.7,0.0,27.5,41.10509,29.02563
-180.0,-124.1,-123.1,-180.0,-123.9,-180.0,-180.0,-123.3,-122.0,-45.0,-17.8,-17.4,-45.0,-18.3,-45.0,-45.0,-17.4,-16.4,0.0,-6.3,41.10734,29.01855
-180.0,-109.3,-108.8,-180.0,-117.8,-180.0,-180.0,-180.0,-180.0,-45.0,-15.2,-13.5,-45.0,-21.1,-45.0,-45.0,-45.0,-45.0,0.0,-2.9,41.10761,29.01944
-180.0,-180.0,-180.0,-65.4,-180.0,-180.0,-180.0,-180.0,-180.0,-45.0,-45.0,-45.0,-10.3,-45.0,-45.0,-45.0,-45.0,-45.0,0.0,34.9,41.10766,29.02365
-180.0,-180.0,-180.0,-69.6,-180.0,-180.0,-180.0,-180.0,-180.0,-45.0,-45.0,-45.0,-10.3,-45.0,-45.0,-45.0,-45.0,-45.0,0.0,31.8,41.1078,29.0242
-180.0,-180.0,-180.0,-107.7,-105.7,-180.0,-180.0,-180.0,-180.0,-45.0,-45.0,-45.0,-15.0,-12.8,-45.0,-45.0,-45.0,-45.0,0.0,2.6,41.10787,29.02071
-88.8,-76.8,-180.0,-180.0,-180.0,-180.0,-180.0,-180.0,-180.0,-21.7,-10.7,-45.0,-45.0,-45.0,-45.0,-45.0,-45.0,-45.0,0.0,22.5,41.10438,29.02002
-87.5,-77.2,-180.0,-180.0,-180.0,-180.0,-180.0,-180.0,-180.0,-18.9,-10.6,-45.0,-45.0,-45.0,-45.0,-45.0,-45.0,-45.0,0.0,19.4,41.10448,29.01998
-69.8,-57.6,-180.0,-180.0,-180.0,-180.0,-180.0,-180.0,-180.0,-20.6,-10.6,-45.0,-45.0,-45.0,-45.0,-45.0,-45.0,-45.0,0.0,21.6,41.10453,29.02144
-87.7,-180.0,-134.3,-180.0,-180.0,-180.0,-180.0,-85.5,-180.0,-13.1,-45.0,-34.7,-45.0,-45.0,-45.0,-45.0,-12.3,-45.0,0.0,1.8,41.10476,29.02348
-93.1,-180.0,-180.0,-180.0,-180.0,-180.0,-180.0,-90.4,-180.0,-13.8,-45.0,-45.0,-45.0,-45.0,-45.0,-45.0,-12.5,-45.0,0.0,4.4,41.10479,29.02379
-94.8,-180.0,-180.0,-180.0,-180.0,-180.0,-180.0,-86.7,-180.0,-17.1,-45.0,-45.0,-45.0,-45.0,-45.0,-45.0,-11.6,-45.0,0.0,6.2,41.10479,29.02389
-95.8,-180.0,-180.0,-180.0,-180.0,-180.0,-180.0,-85.7,-180.0,-19.2,-45.0,-45.0,-45.0,-45.0,-45.0,-45.0,-10.8,-45.0,0.0,9.2,41.10487,29.02423
-180.0,-98.5,-94.8,-180.0,-180.0,-180.0,-180.0,-180.0,-180.0,-45.0,-14.5,-11.8,-45.0,-45.0,-45.0,-45.0,-45.0,-45.0,0.0,-0.1,41.10501,29.01985
-93.0,-180.0,-85.2,-180.0,-90.5,-180.0,-180.0,-180.0,-180.0,-17.5,-45.0,-12.9,-45.0,-15.2,-45.0,-45.0,-45.0,-45.0,0.0,4.5,41.10578,29.02272
-180.0,-180.0,-180.0,-180.0,-180.0,-180.0,-83.8,-180.0,-73.4,-45.0,-45.0,-45.0,-45.0,-45.0,-45.0,-17.8,-45.0,-10.4,0.0,24.5,41.10705,29.02754
-180.0,-180.0,-180.0,-110.1,-106.9,-180.0,-180.0,-180.0,-180.0,-45.0,-45.0,-45.0,-14.8,-12.4,-45.0,-45.0,-45.0,-45.0,0.0,5.0,41.10783,29.02042
-180.0,-180.0,-180.0,-80.8,-180.0,-180.0,-180.0,-180.0,-180.0,-45.0,-45.0,-45.0,-10.6,-45.0,-45.0,-45.0,-45.0,-45.0,0.0,24.2,41.10783,29.02484
-180.0,-180.0,-180.0,-109.6,-107.9,-180.0,-180.0,-180.0,-180.0,-45.0,-45.0,-45.0,-14.9,-13.1,-45.0,-45.0,-45.0,-45.0,0.0,3.7,41.10786,29.02057
-180.0,-180.0,-180.0,-106.4,-105.7,-180.0,-180.0,-180.0,-180.0,-45.0,-45.0,-45.0,-13.8,-13.0,-45.0,-45.0,-45.0,-45.0,0.0,2.8,41.10789,29.02079
-180.0,-180.0,-180.0,-75.5,-180.0,-180.0,-180.0,-180.0,-180.0,-45.0,-45.0,-45.0,-10.4,-45.0,-45.0,-45.0,-45.0,-45.0,0.0,32.1,41.1079,29.02472
-89.4,-72.4,-180.0,-180.0,-180.0,-180.0,-180.0,-180.0,-180.0,-22.6,-10.4,-45.0,-45.0,-45.0,-45.0,-45.0,-45.0,-45.0,0.0,22.6,41.10453,29.01996
-180.0,-180.0,-180.0,-180.0,-180.0,-86.4,-180.0,-180.0,-87.6,-45.0,-45.0,-45.0,-45.0,-45.0,-12.6,-45.0,-45.0,-13.5,0.0,5.8,41.10732,29.02907
-180.0,-180.0,-180.0,-78.5,-87.8,-180.0,-180.0,-180.0,-180.0,-45.0,-45.0,-45.0,-10.6,-17.4,-45.0,-45.0,-45.0,-45.0,0.0,-9.5,41.10755,29.02316
-180.0,-180.0,-180.0,-81.4,-87.1,-180.0,-180.0,-180.0,-180.0,-45.0,-45.0,-45.0,-10.9,-13.9,-45.0,-45.0,-45.0,-45.0,0.0,7.2,41.10757,29.02263
-180.0,-180.0,-180.0,-111.9,-110.0,-180.0,-180.0,-180.0,-180.0,-45.0,-45.0,-45.0,-15.7,-13.2,-45.0,-45.0,-45.0,-45.0,0.0,2.5,41.10782,29.02026
-180.0,-180.0,-180.0,-180.0,-180.0,-180.0,-75.1,-180.0,-79.9,-45.0,-45.0,-45.0,-45.0,-45.0,-45.0,-11.3,-45.0,-16.7,0.0,10.9,41.10793,29.0272
-180.0,-180.0,-180.0,-105.8,-106.7,-180.0,-180.0,-180.0,-180.0,-45.0,-45.0,-45.0,-13.4,-14.9,-45.0,-45.0,-45.0,-45.0,0.0,-3.8,41.10795,29.02104
-180.0,-99.2,-92.1,-180.0,-180.0,-180.0,-180.0,-180.0,-180.0,-45.0,-18.5,-11.2,-45.0,-45.0,-45.0,-45.0,-45.0,-45.0,0.0,10.2,41.10517,29.01985
-180.0,-180.0,-180.0,-180.0,-180.0,-180.0,-180.0,-180.0,-65.9,-45.0,-45.0,-45.0,-45.0,-45.0,-45.0,-45.0,-45.0,-10.4,0.0,27.4,41.10637,29.02771
-180.0,-180.0,-180.0,-180.0,-180.0,-78.8,-180.0,-180.0,-81.4,-45.0,-45.0,-45.0,-45.0,-45.0,-12.4,-45.0,-45.0,-13.2,0.0,0.8,41.10679,29.02866
-180.0,-180.0,-180.0,-180.0,-180.0,-85.7,-180.0,-180.0,-82.7,-45.0,-45.0,-45.0,-45.0,-45.0,-13.9,-45.0,-45.0,-11.3,0.0,-1.3,41.10686,29.02859
-180.0,-180.0,-180.0,-121.6,-118.7,-180.0,-180.0,-116.0,-116.1,-45.0,-45.0,-45.0,-19.4,-17.6,-45.0,-45.0,-15.3,-15.9,0.0,-1.9,41.10705,29.01698
-180.0,-180.0,-180.0,-118.6,-120.3,-180.0,-180.0,-123.1,-119.3,-45.0,-45.0,-45.0,-16.3,-17.0,-45.0,-45.0,-19.6,-16.8,0.0,-8.7,41.10713,29.01726
-180.0,-180.0,-118.1,-118.4,-119.5,-180.0,-180.0,-117.6,-118.0,-45.0,-45.0,-16.6,-17.3,-18.1,-45.0,-45.0,-15.8,-16.6,0.0,-9.5,41.1072,29.01754
-180.0,-180.0,-180.0,-87.6,-82.3,-180.0,-180.0,-180.0,-180.0,-45.0,-45.0,-45.0,-15.3,-11.2,-45.0,-45.0,-45.0,-45.0,0.0,12.8,41.1076,29.02201
-180.0,-180.0,-180.0,-94.1,-180.0,-180.0,-97.6,-180.0,-101.8,-45.0,-45.0,-45.0,-12.1,-45.0,-45.0,-14.0,-45.0,-17.7,0.0,1.5,41.10782,29.02536
-180.0,-180.0,-180.0,-75.7,-180.0,-180.0,-180.0,-180.0,-180.0,-45.0,-45.0,-45.0,-10.4,-45.0,-45.0,-45.0,-45.0,-45.0,0.0,28.7,41.10786,29.02451
-180.0,-180.0,-180.0,-180.0,-180.0,-180.0,-180.0,-135.4,-180.0,-45.0,-45.0,-45.0,-45.0,-45.0,-45.0,-45.0,-22.7,-45.0,0.0,-6.4,41.09906,29.02623
-180.0,-92.4,-96.8,-180.0,-180.0,-180.0,-180.0,-180.0,-180.0,-45.0,-11.1,-19.3,-45.0,-45.0,-45.0,-45.0,-45.0,-45.0,0.0,7.8,41.10483,29.01991
-180.0,-180.0,-180.0,-180.0,-180.0,-87.3,-180.0,-180.0,-86.3,-45.0,-45.0,-45.0,-45.0,-45.0,-12.9,-45.0,-45.0,-13.0,0.0,2.9,41.10714,29.0291
-180.0,-180.0,-180.0,-180.0,-180.0,-86.3,-180.0,-180.0,-87.8,-45.0,-45.0,-45.0,-45.0,-45.0,-12.5,-45.0,-45.0,-12.5,0.0,4.3,41.10722,29.02901
-180.0,-121.0,-123.0,-131.5,-124.0,-180.0,-180.0,-122.7,-123.5,-45.0,-15.3,-17.6,-23.5,-17.7,-45.0,-45.0,-16.9,-16.9,13.0,-16.0,41.10735,29.0186
-180.0,-180.0,-180.0,-180.0,-180.0,-84.0,-180.0,-180.0,-90.2,-45.0,-45.0,-45.0,-45.0,-45.0,-11.4,-45.0,-45.0,-15.0,0.0,-0.4,41.10747,29.02914
-180.0,-180.0,-117.3,-119.9,-180.0,-180.0,-180.0,-118.6,-114.6,-45.0,-45.0,-18.6,-19.1,-45.0,-45.0,-45.0,-19.8,-14.2,0.0,-1.3,41.10749,29.01906
-180.0,-180.0,-180.0,-82.8,-86.7,-180.0,-180.0,-180.0,-180.0,-45.0,-45.0,-45.0,-12.0,-12.9,-45.0,-45.0,-45.0,-45.0,0.0,2.7,41.10766,29.02238
-180.0,-180.0,-180.0,-115.9,-113.2,-180.0,-180.0,-180.0,-180.0,-45.0,-45.0,-45.0,-14.6,-12.8,-45.0,-45.0,-45.0,-45.0,0.0,1.4,41.10776,29.01998
-180.0,-180.0,-180.0,-76.0,-180.0,-180.0,-180.0,-180.0,-180.0,-45.0,-45.0,-45.0,-10.4,-45.0,-45.0,-45.0,-45.0,-45.0,0.0,30.2,41.10782,29.02426
-180.0,-180.0,-180.0,-82.0,-180.0,-180.0,-90.7,-180.0,-180.0,-45.0,-45.0,-45.0,-10.5,-45.0,-45.0,-18.9,-45.0,-45.0,0.0,21.1,41.10784,29.02495
-180.0,-180.0,-180.0,-180.0,-180.0,-83.4,-180.0,-180.0,-96.7,-45.0,-45.0,-45.0,-45.0,-45.0,-10.5,-45.0,-45.0,-20.8,0.0,13.9,41.10801,29.02903
-180.0,-129.2,-180.0,-180.0,-128.6,-180.0,-180.0,-126.0,-180.0,-45.0,-20.1,-45.0,-45.0,-19.8,-45.0,-45.0,-16.9,-45.0,0.0,-8.0,41.10454,29.01626
-114.5,-84.2,-180.0,-180.0,-180.0,-180.0,-180.0,-180.0,-180.0,-29.3,-10.8,-45.0,-45.0,-45.0,-45.0,-45.0,-45.0,-45.0,0.0,17.1,41.10465,29.01994
-180.0,-180.0,-180.0,-180.0,-180.0,-180.0,-180.0,-65.2,-180.0,-45.0,-45.0,-45.0,-45.0,-45.0,-45.0,-45.0,-10.4,-45.0,0.0,28.8,41.10529,29.02732
-180.0,-180.0,-180.0,-180.0,-180.0,-180.0,-180.0,-180.0,-64.1,-45.0,-45.0,-45.0,-45.0,-45.0,-45.0,-45.0,-45.0,-10.4,0.0,31.2,41.1065,29.02767
-180.0,-180.0,-180.0,-180.0,-180.0,-84.8,-180.0,-180.0,-75.0,-45.0,-45.0,-45.0,-45.0,-45.0,-19.7,-45.0,-45.0,-10.8,0.0,12.4,41.10659,29.02828
-180.0,-180.0,-180.0,-180.0,-180.0,-180.0,-180.0,-180.0,-67.5,-45.0,-45.0,-45.0,-45.0,-45.0,-45.0,-45.0,-45.0,-10.4,0.0,26.4,41.10663,29.02764
-180.0,-180.0,-180.0,-180.0,-180.0,-79.3,-87.1,-180.0,-82.1,-45.0,-45.0,-45.0,-45.0,-45.0,-12.3,-18.3,-45.0,-14.1,0.0,3.7,41.10668,29.02838
-180.0,-180.0,-180.0,-180.0,-72.8,-180.0,-180.0,-180.0,-180.0,-45.0,-45.0,-45.0,-45.0,-10.4,-45.0,-45.0,-45.0,-45.0,0.0,32.5,41.10688,29.02152
-180.0,-180.0,-180.0,-180.0,-67.7,-180.0,-180.0,-180.0,-180.0,-45.0,-45.0,-45.0,-45.0,-10.4,-45.0,-45.0,-45.0,-45.0,0.0,32.6,41.10695,29.0215
-120.0,-115.8,-111.5,-180.0,-116.6,-180.0,-180.0,-180.0,-180.0,-20.1,-17.3,-13.5,-45.0,-18.8,-45.0,-45.0,-45.0,-45.0,0.0,-6.4,41.10766,29.01961
-180.0,-180.0,-180.0,-96.9,-180.0,-180.0,-88.7,-180.0,-89.6,-45.0,-45.0,-45.0,-18.7,-45.0,-45.0,-12.9,-45.0,-11.8,5.0,-6.6,41.10785,29.02602
-180.0,-180.0,-180.0,-74.3,-180.0,-180.0,-180.0,-180.0,-180.0,-45.0,-45.0,-45.0,-10.4,-45.0,-45.0,-45.0,-45.0,-45.0,0.0,31.5,41.10789,29.02461
-180.0,-180.0,-180.0,-99.8,-104.8,-180.0,-180.0,-180.0,-180.0,-45.0,-45.0,-45.0,-11.3,-16.5,-45.0,-45.0,-45.0,-45.0,0.0,-5.3,41.10797,29.02113
-180.0,-110.2,-180.0,-180.0,-180.0,-180.0,-180.0,-113.7,-180.0,-45.0,-12.9,-45.0,-45.0,-45.0,-45.0,-45.0,-15.9,-45.0,0.0,6.4,41.1036,29.01704
-180.0,-180.0,-180.0,-180.0,-180.0,-180.0,-180.0,-180.0,-75.2,-45.0,-45.0,-45.0,-45.0,-45.0,-45.0,-45.0,-45.0,-10.5,0.0,25.6,41.10584,29.02781
-180.0,-180.0,-180.0,-180.0,-180.0,-180.0,-180.0,-115.4,-116.1,-45.0,-45.0,-45.0,-45.0,-45.0,-45.0,-45.0,-13.4,-13.9,0.0,1.8,41.10623,29.01556
-180.0,-180.0,-180.0,-180.0,-180.0,-180.0,-180.0,-180.0,-63.7,-45.0,-45.0,-45.0,-45.0,-45.0,-45.0,-45.0,-45.0,-10.3,0.0,31.6,41.10641,29.0277
-180.0,-180.0,-180.0,-121.0,-119.6,-180.0,-180.0,-114.2,-118.2,-45.0,-45.0,-45.0,-19.8,-17.8,-45.0,-45.0,-13.4,-17.0,0.0,-2.2,41.1065,29.01594
-180.0,-180.0,-180.0,-180.0,-180.0,-86.9,-180.0,-180.0,-82.7,-45.0,-45.0,-45.0,-45.0,-45.0,-14.9,-45.0,-45.0,-11.9,0.0,9.2,41.10651,29.02818
-180.0,-180.0,-180.0,-180.0,-80.4,-180.0,-180.0,-180.0,-180.0,-45.0,-45.0,-45.0,-45.0,-10.4,-45.0,-45.0,-45.0,-45.0,0.0,27.2,41.1067,29.02153
-180.0,-180.0,-180.0,-180.0,-180.0,-83.8,-180.0,-180.0,-78.5,-45.0,-45.0,-45.0,-45.0,-45.0,-16.7,-45.0,-45.0,-11.2,0.0,11.8,41.10679,29.02852
-180.0,-180.0,-180.0,-180.0,-180.0,-88.2,-180.0,-180.0,-87.7,-45.0,-45.0,-45.0,-45.0,-45.0,-12.8,-45.0,-45.0,-12.4,0.0,2.5,41.10704,29.02884
-180.0,-180.0,-180.0,-180.0,-73.1,-180.0,-180.0,-180.0,-180.0,-45.0,-45.0,-45.0,-45.0,-10.3,-45.0,-45.0,-45.0,-45.0,0.0,33.6,41.10709,29.02158
-180.0,-180.0,-180.0,-180.0,-75.2,-180.0,-180.0,-180.0,-180.0,-45.0,-45.0,-45.0,-45.0,-10.4,-45.0,-45.0,-45.0,-45.0,0.0,31.7,41.10719,29.02164
-180.0,-180.0,-180.0,-180.0,-180.0,-87.1,-180.0,-180.0,-87.8,-45.0,-45.0,-45.0,-45.0,-45.0,-11.5,-45.0,-45.0,-13.8,0.0,7.0,41.10722,29.02922
-180.0,-180.0,-180.0,-180.0,-180.0,-89.0,-180.0,-180.0,-91.8,-45.0,-45.0,-45.0,-45.0,-45.0,-11.9,-45.0,-45.0,-13.6,0.0,6.4,41.10727,29.0293
-180.0,-180.0,-180.0,-180.0,-180.0,-92.8,-180.0,-180.0,-90.7,-45.0,-45.0,-45.0,-45.0,-45.0,-13.2,-45.0,-45.0,-13.3,0.0,4.7,41.10727,29.02938
-180.0,-180.0,-123.3,-180.0,-119.9,-180.0,-180.0,-119.5,-118.6,-45.0,-45.0,-19.2,-45.0,-16.7,-45.0,-45.0,-16.6,-16.2,0.0,-4.9,41.10729,29.01806
-180.0,-180.0,-180.0,-128.2,-124.0,-180.0,-180.0,-124.8,-124.8,-45.0,-45.0,-45.0,-20.2,-16.8,-45.0,-45.0,-17.8,-17.7,0.0,-12.2,41.10736,29.01864
-180.0,-180.0,-180.0,-73.5,-180.0,-180.0,-180.0,-180.0,-180.0,-45.0,-45.0,-45.0,-10.4,-45.0,-45.0,-45.0,-45.0,-45.0,0.0,28.4,41.10784,29.02473
-180.0,-180.0,-180.0,-73.8,-180.0,-180.0,-180.0,-180.0,-180.0,-45.0,-45.0,-45.0,-10.4,-45.0,-45.0,-45.0,-45.0,-45.0,0.0,31.1,41.10785,29.02452
-180.0,-180.0,-87.0,-180.0,-180.0,-180.0,-180.0,-180.0,-180.0,-45.0,-45.0,-10.5,-45.0,-45.0,-45.0,-45.0,-45.0,-45.0,0.0,17.5,41.10533,29.01995
-180.0,-180.0,-180.0,-180.0,-180.0,-180.0,-180.0,-73.5,-180.0,-45.0,-45.0,-45.0,-45.0,-45.0,-45.0,-45.0,-10.4,-45.0,0.0,29.3,41.10537,29.02662
-180.0,-180.0,-180.0,-180.0,-180.0,-180.0,-180.0,-180.0,-78.6,-45.0,-45.0,-45.0,-45.0,-45.0,-45.0,-45.0,-45.0,-10.5,0.0,17.5,41.10601,29.02777
-180.0,-180.0,-180.0,-180.0,-180.0,-180.0,-180.0,-122.6,-115.6,-45.0,-45.0,-45.0,-45.0,-45.0,-45.0,-45.0,-17.7,-14.1,0.0,-4.2,41.10636,29.01575
-180.0,-180.0,-180.0,-180.0,-180.0,-82.6,-180.0,-180.0,-75.7,-45.0,-45.0,-45.0,-45.0,-45.0,-16.1,-45.0,-45.0,-10.6,0.0,14.3,41.10649,29.02828
-180.0,-180.0,-180.0,-180.0,-180.0,-82.7,-180.0,-180.0,-77.9,-45.0,-45.0,-45.0,-45.0,-45.0,-15.6,-45.0,-45.0,-12.4,0.0,8.0,41.10663,29.02832
-180.0,-180.0,-180.0,-180.0,-180.0,-180.0,-180.0,-180.0,-68.8,-45.0,-45.0,-45.0,-45.0,-45.0,-45.0,-45.0,-45.0,-10.4,0.0,27.9,41.10678,29.0276
-180.0,-180.0,-180.0,-120.2,-118.0,-180.0,-180.0,-121.3,-120.3,-45.0,-45.0,-45.0,-16.3,-15.2,-45.0,-45.0,-18.3,-17.1,0.0,-9.0,41.10687,29.01653
-180.0,-180.0,-180.0,-180.0,-71.8,-180.0,-180.0,-180.0,-180.0,-45.0,-45.0,-45.0,-45.0,-10.3,-45.0,-45.0,-45.0,-45.0,0.0,33.9,41.10692,29.0215
-180.0,-180.0,-180.0,-119.1,-119.0,-180.0,-180.0,-120.6,-117.9,-45.0,-45.0,-45.0,-16.8,-16.6,-45.0,-45.0,-17.1,-15.8,0.0,-7.8,41.1071,29.01717
-180.0,-180.0,-180.0,-180.0,-180.0,-180.0,-81.5,-180.0,-70.9,-45.0,-45.0,-45.0,-45.0,-45.0,-45.0,-15.7,-45.0,-10.4,0.0,20.2,41.1072,29.0275
-180.0,-180.0,-180.0,-180.0,-180.0,-180.0,-84.2,-180.0,-71.4,-45.0,-45.0,-45.0,-45.0,-45.0,-45.0,-20.2,-45.0,-10.4,0.0,22.0,41.10728,29.02748
-180.0,-127.5,-123.9,-180.0,-122.6,-180.0,-180.0,-123.7,-121.5,-45.0,-22.1,-18.5,-45.0,-17.5,-45.0,-45.0,-18.7,-17.4,0.0,-3.4,41.10733,29.01843
-180.0,-180.0,-180.0,-94.2,-180.0,-180.0,-86.6,-180.0,-88.8,-45.0,-45.0,-45.0,-17.5,-45.0,-45.0,-12.8,-45.0,-14.0,0.0,2.5,41.1078,29.02586
-180.0,-180.0,-180.0,-180.0,-180.0,-180.0,-70.1,-180.0,-76.4,-45.0,-45.0,-45.0,-45.0,-45.0,-45.0,-11.3,-45.0,-14.8,0.0,10.0,41.10791,29.02727
-180.0,-180.0,-180.0,-96.0,-92.0,-180.0,-180.0,-180.0,-180.0,-45.0,-45.0,-45.0,-14.8,-11.7,-45.0,-45.0,-45.0,-45.0,0.0,8.7,41.10802,29.02151
-180.0,-180.0,-180.0,-180.0,-133.7,-180.0,-180.0,-131.5,-180.0,-45.0,-45.0,-45.0,-45.0,-20.8,-45.0,-45.0,-19.4,-45.0,0.0,-7.5,41.09897,29.02587
-180.0,-180.0,-180.0,-180.0,-180.0,-180.0,-122.2,-118.9,-180.0,-45.0,-45.0,-45.0,-45.0,-45.0,-45.0,-16.1,-13.3,-45.0,0.0,-1.5,41.10031,29.02143
-85.5,-74.6,-180.0,-180.0,-180.0,-180.0,-180.0,-180.0,-180.0,-17.8,-10.6,-45.0,-45.0,-45.0,-45.0,-45.0,-45.0,-45.0,0.0,16.9,41.10436,29.02018
-180.0,-180.0,-87.0,-180.0,-180.0,-180.0,-180.0,-180.0,-180.0,-45.0,-45.0,-10.6,-45.0,-45.0,-45.0,-45.0,-45.0,-45.0,0.0,16.0,41.10538,29.01998
-180.0,-180.0,-180.0,-180.0,-180.0,-180.0,-114.0,-91.8,-99.8,-45.0,-45.0,-45.0,-45.0,-45.0,-45.0,-26.1,-11.4,-16.3,8.0,-6.1,41.10591,29.02652
-180.0,-180.0,-180.0,-180.0,-180.0,-180.0,-180.0,-180.0,-71.7,-45.0,-45.0,-45.0,-45.0,-45.0,-45.0,-45.0,-45.0,-10.4,0.0,27.8,41.10631,29.02772
-180.0,-180.0,-180.0,-180.0,-180.0,-86.0,-180.0,-180.0,-79.8,-45.0,-45.0,-45.0,-45.0,-45.0,-16.1,-45.0,-45.0,-11.2,0.0,11.0,41.10653,29.02833
-180.0,-180.0,-180.0,-180.0,-76.4,-180.0,-180.0,-180.0,-180.0,-45.0,-45.0,-45.0,-45.0,-10.4,-45.0,-45.0,-45.0,-45.0,0.0,26.3,41.10659,29.02156
-180.0,-180.0,-180.0,-180.0,-180.0,-85.9,-180.0,-180.0,-81.9,-45.0,-45.0,-45.0,-45.0,-45.0,-15.8,-45.0,-45.0,-11.8,0.0,8.2,41.10663,29.02845
-180.0,-180.0,-180.0,-180.0,-180.0,-180.0,-88.9,-180.0,-100.0,-45.0,-45.0,-45.0,-45.0,-45.0,-45.0,-10.8,-45.0,-17.8,0.0,18.7,41.10697,29.02636
-180.0,-180.0,-180.0,-118.1,-117.0,-180.0,-180.0,-118.9,-114.5,-45.0,-45.0,-45.0,-16.0,-17.0,-45.0,-45.0,-17.1,-14.3,0.0,-5.5,41.10699,29.01679
-180.0,-180.0,-180.0,-180.0,-180.0,-87.5,-180.0,-180.0,-87.9,-45.0,-45.0,-45.0,-45.0,-45.0,-13.1,-45.0,-45.0,-13.1,0.0,5.6,41.10709,29.02904
-180.0,-180.0,-180.0,-180.0,-180.0,-87.9,-180.0,-180.0,-92.7,-45.0,-45.0,-45.0,-45.0,-45.0,-11.7,-45.0,-45.0,-15.4,0.0,6.5,41.10725,29.02925
-180.0,-180.0,-180.0,-180.0,-74.2,-180.0,-180.0,-180.0,-180.0,-45.0,-45.0,-45.0,-45.0,-10.4,-45.0,-45.0,-45.0,-45.0,0.0,26.2,41.10733,29.02175
-180.0,-180.0,-180.0,-180.0,-180.0,-180.0,-83.4,-180.0,-76.7,-45.0,-45.0,-45.0,-45.0,-45.0,-45.0,-15.5,-45.0,-10.8,0.0,9.8,41.10746,29.02743
-180.0,-180.0,-180.0,-87.9,-90.3,-180.0,-180.0,-180.0,-180.0,-45.0,-45.0,-45.0,-12.1,-14.2,-45.0,-45.0,-45.0,-45.0,0.0,7.2,41.10752,29.02285
-180.0,-180.0,-115.3,-118.9,-116.1,-180.0,-180.0,-180.0,-180.0,-45.0,-45.0,-14.9,-18.6,-16.2,-45.0,-45.0,-45.0,-45.0,0.0,-0.8,41.10755,29.01922
-180.0,-180.0,-180.0,-85.9,-85.4,-180.0,-180.0,-180.0,-180.0,-45.0,-45.0,-45.0,-11.9,-12.5,-45.0,-45.0,-45.0,-45.0,0.0,5.1,41.10755,29.02268
-180.0,-180.0,-180.0,-84.1,-87.7,-180.0,-180.0,-180.0,-180.0,-45.0,-45.0,-45.0,-11.3,-13.9,-45.0,-45.0,-45.0,-45.0,0.0,-0.8,41.10766,29.02213
-180.0,-180.0,-180.0,-86.6,-180.0,-180.0,-95.0,-180.0,-180.0,-45.0,-45.0,-45.0,-10.7,-45.0,-45.0,-18.0,-45.0,-45.0,0.0,15.9,41.10783,29.02518
-180.0,-180.0,-180.0,-72.2,-180.0,-180.0,-180.0,-180.0,-180.0,-45.0,-45.0,-45.0,-10.3,-45.0,-45.0,-45.0,-45.0,-45.0,0.0,31.7,41.10787,29.0245
-180.0,-180.0,-180.0,-180.0,-180.0,-93.8,-80.1,-180.0,-180.0,-45.0,-45.0,-45.0,-45.0,-45.0,-18.8,-10.7,-45.0,-45.0,0.0,11.3,41.10788,29.02686
-81.8,-71.0,-180.0,-180.0,-180.0,-180.0,-180.0,-180.0,-180.0,-16.9,-10.4,-45.0,-45.0,-45.0,-45.0,-45.0,-45.0,-45.0,0.0,15.6,41.10435,29.02013
-180.0,-180.0,-180.0,-180.0,-180.0,-180.0,-180.0,-76.2,-180.0,-45.0,-45.0,-45.0,-45.0,-45.0,-45.0,-45.0,-10.4,-45.0,0.0,22.1,41.10513,29.0262
-180.0,-180.0,-180.0,-180.0,-180.0,-180.0,-180.0,-79.5,-180.0,-45.0,-45.0,-45.0,-45.0,-45.0,-45.0,-45.0,-10.4,-45.0,0.0,26.2,41.10534,29.02662
-180.0,-180.0,-180.0,-180.0,-180.0,-180.0,-180.0,-123.9,-124.0,-45.0,-45.0,-45.0,-45.0,-45.0,-45.0,-45.0,-16.8,-17.1,0.0,-5.6,41.10538,29.01549
-180.0,-180.0,-180.0,-180.0,-180.0,-180.0,-180.0,-76.1,-90.4,-45.0,-45.0,-45.0,-45.0,-45.0,-45.0,-45.0,-10.5,-19.9,0.0,19.3,41.10549,29.0266
-180.0,-180.0,-180.0,-83.4,-87.4,-180.0,-180.0,-180.0,-180.0,-45.0,-45.0,-45.0,-12.3,-12.4,-45.0,-45.0,-45.0,-45.0,0.0,4.1,41.10764,29.02244
-180.0,-180.0,-180.0,-180.0,-180.0,-180.0,-71.1,-180.0,-74.6,-45.0,-45.0,-45.0,-45.0,-45.0,-45.0,-11.7,-45.0,-13.9,0.0,-3.2,41.10764,29.02739
-180.0,-180.0,-180.0,-56.8,-180.0,-180.0,-180.0,-180.0,-180.0,-45.0,-45.0,-45.0,-10.3,-45.0,-45.0,-45.0,-45.0,-45.0,0.0,37.2,41.10768,29.02376
-180.0,-113.9,-114.6,-180.0,-116.7,-180.0,-180.0,-180.0,-115.8,-45.0,-15.5,-15.6,-45.0,-16.5,-45.0,-45.0,-45.0,-17.7,0.0,-4.1,41.10769,29.0197
-180.0,-180.0,-180.0,-57.6,-180.0,-180.0,-180.0,-180.0,-180.0,-45.0,-45.0,-45.0,-10.3,-45.0,-45.0,-45.0,-45.0,-45.0,0.0,37.3,41.1077,29.02384
-180.0,-118.9,-119.1,-120.2,-116.6,-180.0,-180.0,-180.0,-120.6,-45.0,-16.9,-16.9,-17.7,-14.1,-45.0,-45.0,-45.0,-19.1,0.0,-1.2,41.10771,29.01979
-180.0,-180.0,-180.0,-180.0,-180.0,-109.2,-88.4,-180.0,-96.9,-45.0,-45.0,-45.0,-45.0,-45.0,-24.2,-11.1,-45.0,-16.9,0.0,10.4,41.10784,29.02648
-180.0,-180.0,-180.0,-180.0,-180.0,-180.0,-70.2,-180.0,-74.3,-45.0,-45.0,-45.0,-45.0,-45.0,-45.0,-11.5,-45.0,-14.8,0.0,0.6,41.10784,29.02736
-180.0,-180.0,-180.0,-94.1,-180.0,-180.0,-91.4,-180.0,-88.7,-45.0,-45.0,-45.0,-17.1,-45.0,-45.0,-15.6,-45.0,-12.3,0.0,-0.2,41.10785,29.02608
-180.0,-180.0,-180.0,-180.0,-180.0,-180.0,-128.7,-118.0,-180.0,-45.0,-45.0,-45.0,-45.0,-45.0,-45.0,-21.2,-12.1,-45.0,0.0,3.0,41.09916,29.02449
-180.0,-125.8,-180.0,-180.0,-180.0,-180.0,-180.0,-122.3,-180.0,-45.0,-17.7,-45.0,-45.0,-45.0,-45.0,-45.0,-15.8,-45.0,0.0,-4.3,41.10255,29.01772
-180.0,-113.3,-180.0,-180.0,-180.0,-180.0,-180.0,-117.7,-180.0,-45.0,-12.5,-45.0,-45.0,-45.0,-45.0,-45.0,-15.7,-45.0,0.0,1.6,41.10286,29.01755
-180.0,-110.3,-180.0,-180.0,-180.0,-180.0,-180.0,-110.2,-180.0,-45.0,-13.5,-45.0,-45.0,-45.0,-45.0,-45.0,-15.0,-45.0,0.0,3.7,41.10349,29.01713
-96.2,-180.0,-180.0,-180.0,-180.0,-180.0,-180.0,-88.5,-180.0,-19.4,-45.0,-45.0,-45.0,-45.0,-45.0,-45.0,-11.0,-45.0,0.0,11.8,41.10487,29.02446
-155.9,-180.0,-180.0,-180.0,-180.0,-180.0,-180.0,-75.4,-180.0,-43.0,-45.0,-45.0,-45.0,-45.0,-45.0,-45.0,-10.4,-45.0,0.0,24.6,41.10506,29.02542
-180.0,-180.0,-180.0,-180.0,-180.0,-180.0,-180.0,-73.7,-180.0,-45.0,-45.0,-45.0,-45.0,-45.0,-45.0,-45.0,-10.4,-45.0,0.0,29.1,41.10523,29.02639
-180.0,-180.0,-180.0,-180.0,-180.0,-180.0,-180.0,-80.2,-180.0,-45.0,-45.0,-45.0,-45.0,-45.0,-45.0,-45.0,-10.4,-45.0,0.0,23.6,41.1053,29.02662
-180.0,-180.0,-79.4,-180.0,-180.0,-180.0,-180.0,-180.0,-180.0,-45.0,-45.0,-10.4,-45.0,-45.0,-45.0,-45.0,-45.0,-45.0,0.0,24.0,41.10556,29.02019
-180.0,-180.0,-180.0,-180.0,-180.0,-180.0,-180.0,-180.0,-72.3,-45.0,-45.0,-45.0,-45.0,-45.0,-45.0,-45.0,-45.0,-10.4,0.0,26.8,41.10627,29.02782
-180.0,-180.0,-180.0,-180.0,-180.0,-180.0,-180.0,-180.0,-79.0,-45.0,-45.0,-45.0,-45.0,-45.0,-45.0,-45.0,-45.0,-10.4,0.0,17.5,41.10636,29.02799
-180.0,-180.0,-180.0,-180.0,-68.7,-180.0,-180.0,-180.0,-180.0,-45.0,-45.0,-45.0,-45.0,-10.4,-45.0,-45.0,-45.0,-45.0,0.0,32.2,41.10652,29.02158
-180.0,-180.0,-180.0,-180.0,-75.7,-180.0,-180.0,-180.0,-180.0,-45.0,-45.0,-45.0,-45.0,-10.4,-45.0,-45.0,-45.0,-45.0,0.0,26.8,41.10662,29.02156
-180.0,-180.0,-180.0,-180.0,-77.2,-180.0,-180.0,-180.0,-180.0,-45.0,-45.0,-45.0,-45.0,-10.4,-45.0,-45.0,-45.0,-45.0,0.0,28.7,41.10679,29.02151
-180.0,-180.0,-180.0,-121.0,-117.9,-180.0,-180.0,-120.3,-119.9,-45.0,-45.0,-45.0,-18.2,-15.5,-45.0,-45.0,-16.8,-16.5,0.0,-7.5,41.10691,29.01661
-180.0,-180.0,-180.0,-123.7,-123.8,-180.0,-180.0,-180.0,-125.7,-45.0,-45.0,-45.0,-16.9,-16.6,-45.0,-45.0,-45.0,-18.0,0.0,-7.8,41.10739,29.01887
-180.0,-180.0,-180.0,-85.1,-86.9,-180.0,-180.0,-180.0,-180.0,-45.0,-45.0,-45.0,-11.3,-15.3,-45.0,-45.0,-45.0,-45.0,0.0,13.2,41.10753,29.02298
-180.0,-180.0,-180.0,-180.0,-180.0,-180.0,-76.5,-180.0,-74.0,-45.0,-45.0,-45.0,-45.0,-45.0,-45.0,-14.4,-45.0,-11.2,0.0,5.5,41.10755,29.02741
-180.0,-180.0,-180.0,-82.1,-88.2,-180.0,-180.0,-180.0,-180.0,-45.0,-45.0,-45.0,-10.8,-16.2,-45.0,-45.0,-45.0,-45.0,0.0,10.8,41.10757,29.02294
-180.0,-180.0,-180.0,-64.2,-180.0,-180.0,-180.0,-180.0,-180.0,-45.0,-45.0,-45.0,-10.4,-45.0,-45.0,-45.0,-45.0,-45.0,0.0,35.3,41.10777,29.0241
-180.0,-180.0,-180.0,-91.5,-180.0,-180.0,-91.1,-180.0,-94.4,-45.0,-45.0,-45.0,-13.4,-45.0,-45.0,-13.5,-45.0,-15.1,0.0,1.9,41.10781,29.02561
-180.0,-180.0,-180.0,-94.4,-180.0,-180.0,-85.9,-180.0,-93.9,-45.0,-45.0,-45.0,-16.4,-45.0,-45.0,-10.9,-45.0,-16.9,0.0,10.8,41.10783,29.02635
-180.0,-180.0,-180.0,-74.4,-180.0,-180.0,-180.0,-180.0,-180.0,-45.0,-45.0,-45.0,-10.4,-45.0,-45.0,-45.0,-45.0,-45.0,0.0,28.5,41.10784,29.02434
-180.0,-180.0,-180.0,-83.0,-180.0,-180.0,-180.0,-180.0,-180.0,-45.0,-45.0,-45.0,-10.5,-45.0,-45.0,-45.0,-45.0,-45.0,0.0,20.6,41.10789,29.02497
-180.0,-180.0,-180.0,-180.0,-180.0,-180.0,-81.3,-180.0,-91.8,-45.0,-45.0,-45.0,-45.0,-45.0,-45.0,-10.7,-45.0,-21.8,0.0,16.8,41.10792,29.02704
-180.0,-180.0,-180.0,-90.9,-88.1,-180.0,-180.0,-180.0,-180.0,-45.0,-45.0,-45.0,-13.5,-12.0,-45.0,-45.0,-45.0,-45.0,0.0,1.8,41.10793,29.02229
-180.0,-180.0,-180.0,-180.0,-180.0,-180.0,-71.5,-180.0,-180.0,-45.0,-45.0,-45.0,-45.0,-45.0,-45.0,-10.7,-45.0,-45.0,0.0,13.6,41.108,29.02766
-180.0,-180.0,-180.0,-91.2,-87.9,-180.0,-180.0,-180.0,-180.0,-45.0,-45.0,-45.0,-12.7,-11.7,-45.0,-45.0,-45.0,-45.0,0.0,8.2,41.10803,29.02174
-180.0,-180.0,-180.0,-180.0,-180.0,-180.0,-180.0,-118.8,-180.0,-45.0,-45.0,-45.0,-45.0,-45.0,-45.0,-45.0,-12.2,-45.0,0.0,5.5,41.0992,29.02433
-180.0,-180.0,-180.0,-180.0,-180.0,-180.0,-119.2,-116.3,-180.0,-45.0,-45.0,-45.0,-45.0,-45.0,-45.0,-16.2,-12.8,-45.0,0.0,1.3,41.10054,29.02127
-180.0,-121.3,-180.0,-180.0,-180.0,-180.0,-180.0,-123.3,-180.0,-45.0,-15.0,-45.0,-45.0,-45.0,-45.0,-45.0,-16.5,-45.0,0.0,-3.7,41.10247,29.01778
-180.0,-107.6,-180.0,-180.0,-180.0,-180.0,-180.0,-109.2,-180.0,-45.0,-12.6,-45.0,-45.0,-45.0,-45.0,-45.0,-14.0,-45.0,0.0,3.0,41.1034,29.01722
-180.0,-180.0,-180.0,-180.0,-180.0,-180.0,-180.0,-71.6,-83.2,-45.0,-45.0,-45.0,-45.0,-45.0,-45.0,-45.0,-10.4,-19.0,0.0,27.9,41.10514,29.02592
-180.0,-180.0,-180.0,-180.0,-180.0,-180.0,-180.0,-81.6,-180.0,-45.0,-45.0,-45.0,-45.0,-45.0,-45.0,-45.0,-10.4,-45.0,0.0,26.8,41.10532,29.02663
-180.0,-180.0,-79.8,-180.0,-180.0,-180.0,-180.0,-180.0,-180.0,-45.0,-45.0,-10.3,-45.0,-45.0,-45.0,-45.0,-45.0,-45.0,0.0,22.7,41.10554,29.02014
-180.0,-180.0,-74.4,-180.0,-180.0,-180.0,-180.0,-180.0,-180.0,-45.0,-45.0,-10.4,-45.0,-45.0,-45.0,-45.0,-45.0,-45.0,0.0,27.8,41.10567,29.02048
-180.0,-180.0,-73.4,-180.0,-180.0,-180.0,-180.0,-180.0,-180.0,-45.0,-45.0,-10.4,-45.0,-45.0,-45.0,-45.0,-45.0,-45.0,0.0,29.1,41.10569,29.02055
-180.0,-180.0,-58.2,-180.0,-180.0,-180.0,-180.0,-180.0,-180.0,-45.0,-45.0,-10.4,-45.0,-45.0,-45.0,-45.0,-45.0,-45.0,0.0,33.8,41.10574,29.0207
-180.0,-180.0,-55.4,-180.0,-180.0,-180.0,-180.0,-180.0,-180.0,-45.0,-45.0,-10.3,-45.0,-45.0,-45.0,-45.0,-45.0,-45.0,0.0,37.5,41.10576,29.02079
-180.0,-180.0,-56.0,-180.0,-180.0,-180.0,-180.0,-180.0,-180.0,-45.0,-45.0,-10.4,-45.0,-45.0,-45.0,-45.0,-45.0,-45.0,0.0,36.1,41.1058,29.02097
-180.0,-180.0,-66.9,-180.0,-180.0,-180.0,-180.0,-180.0,-180.0,-45.0,-45.0,-10.3,-45.0,-45.0,-45.0,-45.0,-45.0,-45.0,0.0,36.0,41.10586,29.02122
-180.0,-180.0,-60.3,-180.0,-180.0,-180.0,-180.0,-180.0,-180.0,-45.0,-45.0,-10.4,-45.0,-45.0,-45.0,-45.0,-45.0,-45.0,0.0,30.4,41.10592,29.02135
-180.0,-180.0,-66.7,-180.0,-180.0,-180.0,-180.0,-180.0,-180.0,-45.0,-45.0,-10.4,-45.0,-45.0,-45.0,-45.0,-45.0,-45.0,0.0,32.6,41.10598,29.02147
-180.0,-180.0,-180.0,-180.0,-180.0,-180.0,-180.0,-119.9,-119.0,-45.0,-45.0,-45.0,-45.0,-45.0,-45.0,-45.0,-15.2,-14.7,0.0,-3.7,41.10612,29.01548
-180.0,-180.0,-180.0,-180.0,-180.0,-180.0,-180.0,-180.0,-73.5,-45.0,-45.0,-45.0,-45.0,-45.0,-45.0,-45.0,-45.0,-10.4,0.0,24.1,41.10619,29.02788
-180.0,-180.0,-180.0,-180.0,-180.0,-180.0,-180.0,-180.0,-77.5,-45.0,-45.0,-45.0,-45.0,-45.0,-45.0,-45.0,-45.0,-10.4,0.0,27.2,41.10629,29.02789
-180.0,-180.0,-180.0,-180.0,-180.0,-84.4,-180.0,-180.0,-80.9,-45.0,-45.0,-45.0,-45.0,-45.0,-14.2,-45.0,-45.0,-11.3,0.0,8.9,41.10646,29.02823
-180.0,-180.0,-180.0,-180.0,-180.0,-180.0,-96.6,-180.0,-96.4,-45.0,-45.0,-45.0,-45.0,-45.0,-45.0,-12.3,-45.0,-14.1,0.0,6.7,41.10677,29.02641
-180.0,-180.0,-180.0,-180.0,-180.0,-180.0,-180.0,-180.0,-70.7,-45.0,-45.0,-45.0,-45.0,-45.0,-45.0,-45.0,-45.0,-10.4,0.0,24.8,41.10687,29.02758
-180.0,-180.0,-180.0,-180.0,-68.1,-180.0,-180.0,-180.0,-180.0,-45.0,-45.0,-45.0,-45.0,-10.4,-45.0,-45.0,-45.0,-45.0,0.0,35.6,41.10691,29.02152
-180.0,-180.0,-180.0,-180.0,-180.0,-88.2,-180.0,-180.0,-86.6,-45.0,-45.0,-45.0,-45.0,-45.0,-14.0,-45.0,-45.0,-12.5,0.0,1.0,41.10698,29.02876
-180.0,-180.0,-180.0,-180.0,-75.6,-180.0,-180.0,-180.0,-180.0,-45.0,-45.0,-45.0,-45.0,-10.3,-45.0,-45.0,-45.0,-45.0,0.0,30.9,41.10701,29.02153
-180.0,-180.0,-180.0,-180.0,-180.0,-87.5,-180.0,-180.0,-90.9,-45.0,-45.0,-45.0,-45.0,-45.0,-12.5,-45.0,-45.0,-14.0,0.0,5.2,41.10703,29.02897
-180.0,-180.0,-180.0,-180.0,-118.0,-180.0,-180.0,-118.4,-116.3,-45.0,-45.0,-45.0,-45.0,-16.8,-45.0,-45.0,-16.4,-15.1,0.0,-7.3,41.10708,29.01708
-180.0,-180.0,-180.0,-180.0,-75.4,-180.0,-180.0,-180.0,-180.0,-45.0,-45.0,-45.0,-45.0,-10.4,-45.0,-45.0,-45.0,-45.0,0.0,27.9,41.10728,29.02172
-180.0,-180.0,-180.0,-180.0,-180.0,-87.0,-180.0,-180.0,-88.8,-45.0,-45.0,-45.0,-45.0,-45.0,-11.9,-45.0,-45.0,-12.3,0.0,3.6,41.10728,29.02904
-180.0,-180.0,-180.0,-180.0,-180.0,-88.4,-180.0,-180.0,-84.1,-45.0,-45.0,-45.0,-45.0,-45.0,-13.7,-45.0,-45.0,-12.0,0.0,3.5,41.10758,29.02915
-180.0,-110.0,-110.0,-180.0,-115.3,-180.0,-180.0,-115.0,-180.0,-45.0,-14.6,-13.9,-45.0,-18.9,-45.0,-45.0,-16.7,-45.0,0.0,-2.3,41.10761,29.01938
-180.0,-180.0,-180.0,-77.2,-83.1,-180.0,-180.0,-180.0,-180.0,-45.0,-45.0,-45.0,-10.9,-13.6,-45.0,-45.0,-45.0,-45.0,0.0,6.6,41.10766,29.02273
-180.0,-180.0,-180.0,-180.0,-180.0,-87.9,-180.0,-180.0,-91.7,-45.0,-45.0,-45.0,-45.0,-45.0,-11.8,-45.0,-45.0,-16.5,0.0,7.9,41.10771,29.02914
-180.0,-180.0,-180.0,-69.9,-180.0,-180.0,-180.0,-180.0,-180.0,-45.0,-45.0,-45.0,-10.3,-45.0,-45.0,-45.0,-45.0,-45.0,0.0,33.6,41.10773,29.02393
-180.0,-180.0,-180.0,-66.7,-180.0,-180.0,-180.0,-180.0,-180.0,-45.0,-45.0,-45.0,-10.3,-45.0,-45.0,-45.0,-45.0,-45.0,0.0,34.6,41.10774,29.02401
-180.0,-180.0,-180.0,-80.4,-180.0,-180.0,-86.8,-180.0,-180.0,-45.0,-45.0,-45.0,-10.4,-45.0,-45.0,-20.2,-45.0,-45.0,0.0,24.9,41.10786,29.02484
-180.0,-180.0,-180.0,-180.0,-180.0,-95.6,-83.4,-180.0,-94.7,-45.0,-45.0,-45.0,-45.0,-45.0,-22.4,-10.9,-45.0,-20.1,0.0,12.9,41.10787,29.02674
-180.0,-180.0,-180.0,-105.9,-104.9,-180.0,-180.0,-180.0,-180.0,-45.0,-45.0,-45.0,-13.8,-13.0,-45.0,-45.0,-45.0,-45.0,0.0,2.7,41.1079,29.02087
-180.0,-180.0,-180.0,-180.0,-180.0,-100.8,-78.7,-180.0,-90.4,-45.0,-45.0,-45.0,-45.0,-45.0,-24.4,-10.9,-45.0,-20.8,0.0,11.4,41.1079,29.02705
-180.0,-180.0,-180.0,-180.0,-180.0,-86.8,-97.8,-180.0,-96.0,-45.0,-45.0,-45.0,-45.0,-45.0,-11.2,-20.5,-45.0,-18.5,0.0,8.5,41.10795,29.0291
-180.0,-180.0,-180.0,-96.0,-93.7,-180.0,-180.0,-180.0,-180.0,-45.0,-45.0,-45.0,-13.2,-12.0,-45.0,-45.0,-45.0,-45.0,0.0,3.8,41.10801,29.02142
-180.0,-180.0,-180.0,-180.0,-180.0,-72.2,-86.4,-180.0,-80.2,-45.0,-45.0,-45.0,-45.0,-45.0,-11.1,-19.7,-45.0,-17.8,0.0,9.3,41.10802,29.02821
-180.0,-180.0,-180.0,-180.0,-180.0,-77.4,-74.1,-180.0,-180.0,-45.0,-45.0,-45.0,-45.0,-45.0,-15.4,-11.8,-45.0,-45.0,0.0,4.5,41.10804,29.02794
-180.0,-180.0,-180.0,-180.0,-180.0,-180.0,-180.0,-134.8,-180.0,-45.0,-45.0,-45.0,-45.0,-45.0,-45.0,-45.0,-22.4,-45.0,0.0,-9.8,41.09896,29.02575
-180.0,-125.8,-180.0,-180.0,-180.0,-180.0,-180.0,-122.5,-180.0,-45.0,-18.8,-45.0,-45.0,-45.0,-45.0,-45.0,-16.6,-45.0,0.0,-8.4,41.10214,29.01799
-180.0,-116.5,-180.0,-180.0,-180.0,-180.0,-180.0,-122.6,-180.0,-45.0,-13.2,-45.0,-45.0,-45.0,-45.0,-45.0,-17.9,-45.0,0.0,1.7,41.10274,29.0176
-180.0,-109.2,-180.0,-180.0,-180.0,-180.0,-180.0,-112.4,-180.0,-45.0,-12.4,-45.0,-45.0,-45.0,-45.0,-45.0,-16.1,-45.0,0.0,5.1,41.10357,29.01706
-77.7,-66.5,-180.0,-180.0,-180.0,-180.0,-180.0,-180.0,-180.0,-17.8,-10.5,-45.0,-45.0,-45.0,-45.0,-45.0,-45.0,-45.0,0.0,17.2,41.10442,29.0205
-180.0,-180.0,-180.0,-180.0,-180.0,-180.0,-180.0,-75.7,-180.0,-45.0,-45.0,-45.0,-45.0,-45.0,-45.0,-45.0,-10.4,-45.0,0.0,22.0,41.105,29.02532
-180.0,-180.0,-180.0,-180.0,-180.0,-180.0,-180.0,-73.0,-85.5,-45.0,-45.0,-45.0,-45.0,-45.0,-45.0,-45.0,-10.4,-18.4,0.0,25.2,41.10508,29.02578
-180.0,-180.0,-180.0,-180.0,-180.0,-180.0,-180.0,-73.0,-88.2,-45.0,-45.0,-45.0,-45.0,-45.0,-45.0,-45.0,-10.4,-23.6,0.0,25.6,41.10511,29.02573
-180.0,-180.0,-180.0,-180.0,-180.0,-180.0,-180.0,-72.3,-180.0,-45.0,-45.0,-45.0,-45.0,-45.0,-45.0,-45.0,-10.4,-45.0,0.0,27.9,41.10516,29.02612
-180.0,-180.0,-180.0,-180.0,-180.0,-180.0,-180.0,-75.9,-180.0,-45.0,-45.0,-45.0,-45.0,-45.0,-45.0,-45.0,-10.4,-45.0,0.0,23.4,41.10517,29.02621
-180.0,-180.0,-180.0,-180.0,-180.0,-180.0,-180.0,-119.0,-180.0,-45.0,-45.0,-45.0,-45.0,-45.0,-45.0,-45.0,-13.9,-45.0,0.0,-3.0,41.10518,29.01567
-180.0,-180.0,-180.0,-180.0,-180.0,-180.0,-180.0,-74.3,-180.0,-45.0,-45.0,-45.0,-45.0,-45.0,-45.0,-45.0,-10.4,-45.0,0.0,30.4,41.10522,29.02677
-180.0,-180.0,-180.0,-180.0,-180.0,-180.0,-180.0,-74.3,-180.0,-45.0,-45.0,-45.0,-45.0,-45.0,-45.0,-45.0,-10.4,-45.0,0.0,27.0,41.10526,29.02659
-180.0,-180.0,-81.0,-180.0,-180.0,-180.0,-180.0,-180.0,-180.0,-45.0,-45.0,-10.4,-45.0,-45.0,-45.0,-45.0,-45.0,-45.0,0.0,24.0,41.10551,29.0201
-180.0,-180.0,-80.1,-180.0,-180.0,-180.0,-180.0,-180.0,-180.0,-45.0,-45.0,-10.4,-45.0,-45.0,-45.0,-45.0,-45.0,-45.0,0.0,25.1,41.10559,29.02026
-180.0,-180.0,-77.2,-180.0,-180.0,-180.0,-180.0,-180.0,-180.0,-45.0,-45.0,-10.4,-45.0,-45.0,-45.0,-45.0,-45.0,-45.0,0.0,24.2,41.10565,29.02041
-180.0,-180.0,-68.1,-180.0,-180.0,-180.0,-180.0,-180.0,-180.0,-45.0,-45.0,-10.4,-45.0,-45.0,-45.0,-45.0,-45.0,-45.0,0.0,31.3,41.10572,29.02062
-180.0,-180.0,-52.7,-180.0,-180.0,-180.0,-180.0,-180.0,-180.0,-45.0,-45.0,-10.3,-45.0,-45.0,-45.0,-45.0,-45.0,-45.0,0.0,39.5,41.10578,29.02087
-180.0,-180.0,-58.8,-180.0,-180.0,-180.0,-180.0,-180.0,-180.0,-45.0,-45.0,-10.4,-45.0,-45.0,-45.0,-45.0,-45.0,-45.0,0.0,36.0,41.10582,29.02106
-180.0,-180.0,-63.1,-180.0,-180.0,-180.0,-180.0,-180.0,-180.0,-45.0,-45.0,-10.4,-45.0,-45.0,-45.0,-45.0,-45.0,-45.0,0.0,33.2,41.10589,29.02128
-180.0,-180.0,-180.0,-180.0,-180.0,-180.0,-180.0,-180.0,-74.8,-45.0,-45.0,-45.0,-45.0,-45.0,-45.0,-45.0,-45.0,-10.4,0.0,21.4,41.10605,29.02777
-180.0,-180.0,-180.0,-180.0,-180.0,-180.0,-180.0,-121.9,-122.7,-45.0,-45.0,-45.0,-45.0,-45.0,-45.0,-45.0,-15.2,-16.5,0.0,-2.9,41.10608,29.01545
-180.0,-180.0,-75.4,-180.0,-180.0,-180.0,-180.0,-180.0,-180.0,-45.0,-45.0,-10.5,-45.0,-45.0,-45.0,-45.0,-45.0,-45.0,0.0,27.3,41.10608,29.02156
-180.0,-180.0,-180.0,-180.0,-180.0,-180.0,-180.0,-180.0,-74.3,-45.0,-45.0,-45.0,-45.0,-45.0,-45.0,-45.0,-45.0,-10.4,0.0,25.1,41.10609,29.02777
-180.0,-180.0,-180.0,-180.0,-180.0,-180.0,-180.0,-120.3,-117.4,-45.0,-45.0,-45.0,-45.0,-45.0,-45.0,-45.0,-15.5,-13.5,0.0,-5.1,41.10619,29.01554
-180.0,-180.0,-180.0,-180.0,-180.0,-180.0,-180.0,-180.0,-72.4,-45.0,-45.0,-45.0,-45.0,-45.0,-45.0,-45.0,-45.0,-10.4,0.0,27.0,41.10628,29.02785
-180.0,-180.0,-180.0,-180.0,-180.0,-180.0,-180.0,-180.0,-64.4,-45.0,-45.0,-45.0,-45.0,-45.0,-45.0,-45.0,-45.0,-10.3,0.0,29.5,41.10645,29.02769
-180.0,-180.0,-180.0,-135.9,-123.9,-180.0,-180.0,-114.4,-119.9,-45.0,-45.0,-45.0,-28.2,-20.7,-45.0,-45.0,-13.0,-18.2,0.0,-7.0,41.10663,29.0161
-180.0,-180.0,-180.0,-180.0,-64.9,-180.0,-180.0,-180.0,-180.0,-45.0,-45.0,-45.0,-45.0,-10.3,-45.0,-45.0,-45.0,-45.0,0.0,36.1,41.10691,29.02151
-180.0,-180.0,-180.0,-180.0,-63.4,-180.0,-180.0,-180.0,-180.0,-45.0,-45.0,-45.0,-45.0,-10.3,-45.0,-45.0,-45.0,-45.0,0.0,37.9,41.10694,29.02149
-180.0,-180.0,-180.0,-180.0,-75.2,-180.0,-180.0,-180.0,-180.0,-45.0,-45.0,-45.0,-45.0,-10.4,-45.0,-45.0,-45.0,-45.0,0.0,23.3,41.10737,29.0218
-180.0,-180.0,-180.0,-180.0,-71.0,-180.0,-180.0,-180.0,-180.0,-45.0,-45.0,-45.0,-45.0,-10.4,-45.0,-45.0,-45.0,-45.0,0.0,23.6,41.10742,29.02184
-180.0,-180.0,-180.0,-71.8,-180.0,-180.0,-180.0,-180.0,-180.0,-45.0,-45.0,-45.0,-10.4,-45.0,-45.0,-45.0,-45.0,-45.0,0.0,20.9,41.10756,29.02318
-180.0,-180.0,-180.0,-70.5,-180.0,-180.0,-180.0,-180.0,-180.0,-45.0,-45.0,-45.0,-10.4,-45.0,-45.0,-45.0,-45.0,-45.0,0.0,28.7,41.10759,29.02336
-180.0,-180.0,-180.0,-180.0,-180.0,-88.3,-180.0,-180.0,-80.9,-45.0,-45.0,-45.0,-45.0,-45.0,-16.8,-45.0,-45.0,-10.8,0.0,6.6,41.10761,29.02915
-180.0,-180.0,-180.0,-60.8,-180.0,-180.0,-180.0,-180.0,-180.0,-45.0,-45.0,-45.0,-10.3,-45.0,-45.0,-45.0,-45.0,-45.0,0.0,36.4,41.10762,29.02346
-180.0,-180.0,-180.0,-67.8,-180.0,-180.0,-180.0,-180.0,-180.0,-45.0,-45.0,-45.0,-10.4,-45.0,-45.0,-45.0,-45.0,-45.0,0.0,34.8,41.10764,29.02354
-180.0,-180.0,-180.0,-180.0,-180.0,-87.3,-180.0,-180.0,-91.5,-45.0,-45.0,-45.0,-45.0,-45.0,-11.5,-45.0,-45.0,-14.6,0.0,6.7,41.10767,29.02914
-180.0,-180.0,-180.0,-84.6,-84.6,-180.0,-180.0,-180.0,-180.0,-45.0,-45.0,-45.0,-13.1,-12.1,-45.0,-45.0,-45.0,-45.0,0.0,8.4,41.10768,29.02221
-180.0,-180.0,-180.0,-59.8,-180.0,-180.0,-180.0,-180.0,-180.0,-45.0,-45.0,-45.0,-10.4,-45.0,-45.0,-45.0,-45.0,-45.0,0.0,38.9,41.10769,29.02377
-180.0,-180.0,-180.0,-67.6,-180.0,-180.0,-180.0,-180.0,-180.0,-45.0,-45.0,-45.0,-10.4,-45.0,-45.0,-45.0,-45.0,-45.0,0.0,34.0,41.10775,29.02398
-180.0,-180.0,-180.0,-72.1,-180.0,-180.0,-180.0,-180.0,-180.0,-45.0,-45.0,-45.0,-10.3,-45.0,-45.0,-45.0,-45.0,-45.0,0.0,33.3,41.10776,29.02403
-180.0,-180.0,-180.0,-72.0,-180.0,-180.0,-180.0,-180.0,-180.0,-45.0,-45.0,-45.0,-10.4,-45.0,-45.0,-45.0,-45.0,-45.0,0.0,31.7,41.10783,29.02425
-180.0,-180.0,-180.0,-92.7,-180.0,-180.0,-93.3,-180.0,-92.2,-45.0,-45.0,-45.0,-15.3,-45.0,-45.0,-14.5,-45.0,-13.6,0.0,-1.9,41.10783,29.02613
-180.0,-180.0,-180.0,-180.0,-180.0,-180.0,-76.4,-180.0,-85.7,-45.0,-45.0,-45.0,-45.0,-45.0,-45.0,-10.6,-45.0,-19.9,0.0,14.0,41.10793,29.02712
-180.0,-180.0,-180.0,-180.0,-180.0,-180.0,-180.0,-128.1,-180.0,-45.0,-45.0,-45.0,-45.0,-45.0,-45.0,-45.0,-16.9,-45.0,0.0,-5.4,41.09903,29.02493
-180.0,-180.0,-180.0,-180.0,-180.0,-180.0,-128.9,-119.1,-180.0,-45.0,-45.0,-45.0,-45.0,-45.0,-45.0,-20.8,-12.5,-45.0,0.0,2.3,41.09974,29.0224
-180.0,-124.1,-180.0,-180.0,-180.0,-180.0,-180.0,-125.1,-180.0,-45.0,-18.1,-45.0,-45.0,-45.0,-45.0,-45.0,-18.6,-45.0,0.0,-7.7,41.10221,29.01794
-180.0,-108.8,-180.0,-180.0,-180.0,-180.0,-180.0,-107.7,-180.0,-45.0,-13.8,-45.0,-45.0,-45.0,-45.0,-45.0,-13.4,-45.0,0.0,2.3,41.10336,29.01725
-180.0,-111.2,-180.0,-180.0,-180.0,-180.0,-180.0,-109.1,-180.0,-45.0,-14.4,-45.0,-45.0,-45.0,-45.0,-45.0,-13.0,-45.0,0.0,3.7,41.10353,29.01711
-180.0,-114.8,-180.0,-180.0,-180.0,-180.0,-180.0,-118.2,-180.0,-45.0,-13.4,-45.0,-45.0,-45.0,-45.0,-45.0,-15.6,-45.0,0.0,-4.3,41.10377,29.01691
-84.7,-72.7,-180.0,-180.0,-180.0,-180.0,-180.0,-180.0,-180.0,-19.9,-10.7,-45.0,-45.0,-45.0,-45.0,-45.0,-45.0,-45.0,0.0,13.7,41.10436,29.02005
-85.7,-77.0,-180.0,-180.0,-180.0,-180.0,-180.0,-180.0,-180.0,-18.7,-10.6,-45.0,-45.0,-45.0,-45.0,-45.0,-45.0,-45.0,0.0,13.0,41.10437,29.02003
-94.9,-68.1,-180.0,-180.0,-180.0,-180.0,-180.0,-180.0,-180.0,-25.6,-10.5,-45.0,-45.0,-45.0,-45.0,-45.0,-45.0,-45.0,0.0,14.7,41.10439,29.0203
-180.0,-57.8,-180.0,-180.0,-180.0,-180.0,-180.0,-180.0,-180.0,-45.0,-10.4,-45.0,-45.0,-45.0,-45.0,-45.0,-45.0,-45.0,0.0,25.2,41.10445,29.02069
-58.1,-68.1,-180.0,-180.0,-180.0,-180.0,-180.0,-180.0,-180.0,-10.5,-15.6,-45.0,-45.0,-45.0,-45.0,-45.0,-45.0,-45.0,0.0,23.1,41.10455,29.02182
-180.0,-128.2,-180.0,-180.0,-126.1,-180.0,-180.0,-125.4,-180.0,-45.0,-19.0,-45.0,-45.0,-18.0,-45.0,-45.0,-16.1,-45.0,0.0,-6.1,41.10457,29.01622
-59.7,-75.7,-180.0,-180.0,-180.0,-180.0,-180.0,-180.0,-180.0,-10.4,-21.2,-45.0,-45.0,-45.0,-45.0,-45.0,-45.0,-45.0,0.0,24.8,41.10457,29.02204
-92.1,-94.4,-180.0,-180.0,-180.0,-180.0,-180.0,-88.0,-180.0,-13.5,-18.9,-45.0,-45.0,-45.0,-45.0,-45.0,-12.3,-45.0,0.0,4.7,41.10476,29.02365
-91.4,-180.0,-180.0,-180.0,-180.0,-180.0,-180.0,-88.2,-180.0,-14.1,-45.0,-45.0,-45.0,-45.0,-45.0,-45.0,-12.0,-45.0,0.0,8.1,41.10478,29.02369
-93.9,-180.0,-180.0,-180.0,-180.0,-180.0,-180.0,-83.7,-180.0,-17.4,-45.0,-45.0,-45.0,-45.0,-45.0,-45.0,-10.7,-45.0,0.0,9.6,41.1048,29.024
-101.1,-180.0,-180.0,-180.0,-180.0,-180.0,-180.0,-84.6,-180.0,-23.2,-45.0,-45.0,-45.0,-45.0,-45.0,-45.0,-10.7,-45.0,0.0,9.3,41.10485,29.02428
-180.0,-180.0,-180.0,-180.0,-180.0,-180.0,-180.0,-80.2,-180.0,-45.0,-45.0,-45.0,-45.0,-45.0,-45.0,-45.0,-10.6,-45.0,0.0,16.0,41.10491,29.02474
-92.0,-180.0,-180.0,-180.0,-180.0,-180.0,-180.0,-83.5,-180.0,-17.1,-45.0,-45.0,-45.0,-45.0,-45.0,-45.0,-10.5,-45.0,0.0,13.6,41.10494,29.02447
-180.0,-180.0,-180.0,-180.0,-180.0,-180.0,-180.0,-77.9,-180.0,-45.0,-45.0,-45.0,-45.0,-45.0,-45.0,-45.0,-10.4,-45.0,0.0,18.4,41.10495,29.02496
-180.0,-180.0,-180.0,-180.0,-180.0,-180.0,-180.0,-79.1,-180.0,-45.0,-45.0,-45.0,-45.0,-45.0,-45.0,-45.0,-10.4,-45.0,0.0,24.3,41.10502,29.02507
-180.0,-180.0,-180.0,-180.0,-180.0,-180.0,-180.0,-70.5,-180.0,-45.0,-45.0,-45.0,-45.0,-45.0,-45.0,-45.0,-10.3,-45.0,0.0,28.7,41.1051,29.02598
-180.0,-180.0,-180.0,-180.0,-180.0,-180.0,-180.0,-69.9,-180.0,-45.0,-45.0,-45.0,-45.0,-45.0,-45.0,-45.0,-10.4,-45.0,0.0,32.0,41.10521,29.02668
-180.0,-180.0,-180.0,-180.0,-180.0,-180.0,-180.0,-77.2,-180.0,-45.0,-45.0,-45.0,-45.0,-45.0,-45.0,-45.0,-10.4,-45.0,0.0,26.2,41.10525,29.02657
-180.0,-180.0,-82.4,-180.0,-180.0,-180.0,-180.0,-180.0,-180.0,-45.0,-45.0,-10.4,-45.0,-45.0,-45.0,-45.0,-45.0,-45.0,0.0,23.6,41.10548,29.02006
-180.0,-180.0,-180.0,-180.0,-123.5,-180.0,-180.0,-124.6,-124.0,-45.0,-45.0,-45.0,-45.0,-19.1,-45.0,-45.0,-16.8,-16.8,0.0,-5.6,41.1055,29.0154
-180.0,-180.0,-180.0,-180.0,-180.0,-180.0,-180.0,-123.1,-122.3,-45.0,-45.0,-45.0,-45.0,-45.0,-45.0,-45.0,-16.8,-15.3,0.0,-5.0,41.10592,29.01538
-180.0,-180.0,-71.5,-180.0,-180.0,-180.0,-180.0,-180.0,-180.0,-45.0,-45.0,-10.4,-45.0,-45.0,-45.0,-45.0,-45.0,-45.0,0.0,29.3,41.10594,29.02141
-180.0,-180.0,-180.0,-180.0,-180.0,-180.0,-180.0,-180.0,-70.6,-45.0,-45.0,-45.0,-45.0,-45.0,-45.0,-45.0,-45.0,-10.4,0.0,26.9,41.10629,29.02773
-180.0,-180.0,-87.5,-180.0,-83.7,-180.0,-180.0,-180.0,-180.0,-45.0,-45.0,-15.6,-45.0,-12.6,-45.0,-45.0,-45.0,-45.0,0.0,8.2,41.1063,29.02161
-180.0,-180.0,-180.0,-180.0,-180.0,-180.0,-180.0,-180.0,-82.0,-45.0,-45.0,-45.0,-45.0,-45.0,-45.0,-45.0,-45.0,-10.6,0.0,19.0,41.10641,29.02806
-180.0,-180.0,-123.3,-180.0,-76.2,-180.0,-180.0,-180.0,-180.0,-45.0,-45.0,-33.4,-45.0,-10.4,-45.0,-45.0,-45.0,-45.0,0.0,27.2,41.10648,29.02159
-180.0,-180.0,-180.0,-180.0,-71.0,-180.0,-180.0,-180.0,-180.0,-45.0,-45.0,-45.0,-45.0,-10.4,-45.0,-45.0,-45.0,-45.0,0.0,28.2,41.10655,29.02157
-180.0,-180.0,-180.0,-180.0,-78.4,-180.0,-180.0,-180.0,-180.0,-45.0,-45.0,-45.0,-45.0,-10.4,-45.0,-45.0,-45.0,-45.0,0.0,25.3,41.10667,29.02252
-180.0,-180.0,-180.0,-180.0,-180.0,-180.0,-180.0,-180.0,-65.5,-45.0,-45.0,-45.0,-45.0,-45.0,-45.0,-45.0,-45.0,-10.4,0.0,24.8,41.1067,29.02762
-180.0,-180.0,-180.0,-180.0,-80.5,-180.0,-180.0,-180.0,-180.0,-45.0,-45.0,-45.0,-45.0,-10.4,-45.0,-45.0,-45.0,-45.0,0.0,30.3,41.10674,29.02152
-180.0,-180.0,-180.0,-180.0,-79.4,-180.0,-180.0,-180.0,-180.0,-45.0,-45.0,-45.0,-45.0,-10.4,-45.0,-45.0,-45.0,-45.0,0.0,27.6,41.10682,29.02251
-180.0,-180.0,-180.0,-180.0,-180.0,-90.0,-180.0,-180.0,-86.9,-45.0,-45.0,-45.0,-45.0,-45.0,-14.6,-45.0,-45.0,-11.6,0.0,2.2,41.10684,29.02873
-180.0,-180.0,-180.0,-180.0,-180.0,-89.6,-95.6,-180.0,-86.8,-45.0,-45.0,-45.0,-45.0,-45.0,-13.5,-18.6,-45.0,-12.6,0.0,0.8,41.1069,29.0288
-180.0,-180.0,-180.0,-118.2,-117.7,-180.0,-180.0,-118.7,-120.2,-45.0,-45.0,-45.0,-16.2,-16.0,-45.0,-45.0,-16.6,-17.6,0.0,-8.9,41.10695,29.01671
-180.0,-180.0,-180.0,-180.0,-180.0,-180.0,-180.0,-180.0,-70.5,-45.0,-45.0,-45.0,-45.0,-45.0,-45.0,-45.0,-45.0,-10.4,0.0,28.4,41.10696,29.02756
-180.0,-180.0,-180.0,-180.0,-72.3,-180.0,-180.0,-180.0,-180.0,-45.0,-45.0,-45.0,-45.0,-10.4,-45.0,-45.0,-45.0,-45.0,0.0,30.3,41.10697,29.02251
-180.0,-180.0,-180.0,-180.0,-76.0,-180.0,-180.0,-180.0,-180.0,-45.0,-45.0,-45.0,-45.0,-10.4,-45.0,-45.0,-45.0,-45.0,0.0,30.0,41.10705,29.02155
-180.0,-180.0,-180.0,-180.0,-180.0,-180.0,-93.7,-180.0,-101.7,-45.0,-45.0,-45.0,-45.0,-45.0,-45.0,-10.8,-45.0,-17.2,0.0,10.0,41.10715,29.02631
-180.0,-180.0,-180.0,-180.0,-180.0,-84.7,-180.0,-180.0,-88.8,-45.0,-45.0,-45.0,-45.0,-45.0,-11.7,-45.0,-45.0,-13.8,0.0,7.2,41.10735,29.02909
-180.0,-180.0,-180.0,-180.0,-180.0,-180.0,-82.6,-180.0,-72.4,-45.0,-45.0,-45.0,-45.0,-45.0,-45.0,-17.8,-45.0,-10.5,0.0,12.6,41.10737,29.02745
-180.0,-180.0,-180.0,-180.0,-180.0,-180.0,-99.7,-180.0,-101.5,-45.0,-45.0,-45.0,-45.0,-45.0,-45.0,-12.6,-45.0,-14.5,0.0,4.7,41.10739,29.02625
-180.0,-180.0,-180.0,-180.0,-116.4,-180.0,-180.0,-180.0,-110.7,-45.0,-45.0,-45.0,-45.0,-16.9,-45.0,-45.0,-45.0,-13.0,0.0,0.4,41.10742,29.01895
-180.0,-180.0,-180.0,-90.5,-82.4,-180.0,-180.0,-180.0,-180.0,-45.0,-45.0,-45.0,-18.4,-10.6,-45.0,-45.0,-45.0,-45.0,0.0,13.9,41.1075,29.02192
-180.0,-180.0,-180.0,-120.3,-180.0,-180.0,-180.0,-180.0,-122.2,-45.0,-45.0,-45.0,-16.8,-45.0,-45.0,-45.0,-45.0,-18.2,0.0,-2.8,41.10751,29.01911
-180.0,-122.8,-115.8,-119.8,-117.0,-180.0,-180.0,-180.0,-180.0,-45.0,-21.5,-15.2,-18.7,-16.0,-45.0,-45.0,-45.0,-45.0,0.0,-2.0,41.10756,29.01925
-180.0,-180.0,-180.0,-76.5,-180.0,-180.0,-180.0,-180.0,-180.0,-45.0,-45.0,-45.0,-10.4,-45.0,-45.0,-45.0,-45.0,-45.0,0.0,23.6,41.10758,29.02327
-180.0,-180.0,-180.0,-69.9,-180.0,-180.0,-180.0,-180.0,-180.0,-45.0,-45.0,-45.0,-10.4,-45.0,-45.0,-45.0,-45.0,-45.0,0.0,33.6,41.10762,29.02341
-180.0,-180.0,-180.0,-64.3,-180.0,-180.0,-180.0,-180.0,-180.0,-45.0,-45.0,-45.0,-10.3,-45.0,-45.0,-45.0,-45.0,-45.0,0.0,38.5,41.10767,29.02371
-180.0,-180.0,-180.0,-60.6,-180.0,-180.0,-180.0,-180.0,-180.0,-45.0,-45.0,-45.0,-10.4,-45.0,-45.0,-45.0,-45.0,-45.0,0.0,39.5,41.10768,29.02371
-180.0,-180.0,-180.0,-180.0,-180.0,-85.9,-180.0,-180.0,-94.2,-45.0,-45.0,-45.0,-45.0,-45.0,-11.1,-45.0,-45.0,-17.6,0.0,10.6,41.10776,29.02913
-180.0,-180.0,-180.0,-67.5,-180.0,-180.0,-180.0,-180.0,-180.0,-45.0,-45.0,-45.0,-10.4,-45.0,-45.0,-45.0,-45.0,-45.0,0.0,34.9,41.10778,29.02407
-180.0,-180.0,-180.0,-93.4,-180.0,-180.0,-93.9,-180.0,-93.4,-45.0,-45.0,-45.0,-13.9,-45.0,-45.0,-14.7,-45.0,-13.6,0.0,0.4,41.1078,29.02582
-180.0,-180.0,-180.0,-91.9,-180.0,-180.0,-96.6,-180.0,-180.0,-45.0,-45.0,-45.0,-11.5,-45.0,-45.0,-14.6,-45.0,-45.0,0.0,8.0,41.10781,29.0254
-180.0,-180.0,-180.0,-92.5,-180.0,-180.0,-91.2,-180.0,-91.1,-45.0,-45.0,-45.0,-17.2,-45.0,-45.0,-13.9,-45.0,-12.6,0.0,-2.4,41.10782,29.02604
-180.0,-180.0,-180.0,-86.2,-180.0,-180.0,-92.7,-180.0,-180.0,-45.0,-45.0,-45.0,-10.9,-45.0,-45.0,-14.9,-45.0,-45.0,4.0,-4.3,41.10783,29.02511
-180.0,-180.0,-180.0,-72.9,-180.0,-180.0,-180.0,-180.0,-180.0,-45.0,-45.0,-45.0,-10.3,-45.0,-45.0,-45.0,-45.0,-45.0,0.0,28.9,41.10785,29.0244
-180.0,-180.0,-180.0,-87.5,-180.0,-180.0,-96.6,-180.0,-180.0,-45.0,-45.0,-45.0,-11.0,-45.0,-45.0,-14.1,-45.0,-45.0,0.0,9.3,41.10787,29.02532
-180.0,-180.0,-180.0,-180.0,-180.0,-180.0,-83.7,-180.0,-91.7,-45.0,-45.0,-45.0,-45.0,-45.0,-45.0,-10.8,-45.0,-20.1,0.0,13.1,41.10791,29.02694
-180.0,-180.0,-180.0,-180.0,-132.3,-180.0,-180.0,-124.0,-180.0,-45.0,-45.0,-45.0,-45.0,-20.9,-45.0,-45.0,-14.3,-45.0,0.0,-3.2,41.099,29.02506
-180.0,-180.0,-180.0,-180.0,-180.0,-180.0,-142.2,-122.0,-180.0,-45.0,-45.0,-45.0,-45.0,-45.0,-45.0,-30.7,-13.5,-45.0,0.0,-1.9,41.09911,29.02464
-180.0,-180.0,-180.0,-180.0,-180.0,-180.0,-180.0,-118.6,-180.0,-45.0,-45.0,-45.0,-45.0,-45.0,-45.0,-45.0,-12.4,-45.0,0.0,1.9,41.0995,29.02293
-180.0,-180.0,-180.0,-180.0,-180.0,-180.0,-124.7,-117.9,-180.0,-45.0,-45.0,-45.0,-45.0,-45.0,-45.0,-18.1,-12.4,-45.0,0.0,2.4,41.0996,29.02266
-180.0,-180.0,-180.0,-180.0,-180.0,-180.0,-116.3,-116.4,-180.0,-45.0,-45.0,-45.0,-45.0,-45.0,-45.0,-13.8,-13.5,-45.0,0.0,-1.7,41.10061,29.02116
-180.0,-124.8,-180.0,-180.0,-124.0,-180.0,-180.0,-124.9,-180.0,-45.0,-17.1,-45.0,-45.0,-17.3,-45.0,-45.0,-17.6,-45.0,0.0,-7.4,41.1024,29.01782
-180.0,-115.4,-180.0,-180.0,-180.0,-180.0,-180.0,-117.0,-180.0,-45.0,-13.6,-45.0,-45.0,-45.0,-45.0,-45.0,-15.9,-45.0,0.0,2.4,41.10298,29.0175
-180.0,-111.2,-180.0,-180.0,-180.0,-180.0,-180.0,-110.5,-180.0,-45.0,-14.3,-45.0,-45.0,-45.0,-45.0,-45.0,-13.3,-45.0,0.0,1.4,41.10319,29.01736
-180.0,-108.9,-180.0,-180.0,-180.0,-180.0,-180.0,-108.5,-180.0,-45.0,-14.3,-45.0,-45.0,-45.0,-45.0,-45.0,-13.1,-45.0,0.0,1.6,41.10331,29.01729
-180.0,-108.4,-180.0,-180.0,-180.0,-180.0,-180.0,-109.2,-180.0,-45.0,-13.6,-45.0,-45.0,-45.0,-45.0,-45.0,-13.2,-45.0,0.0,2.5,41.10343,29.01718
-180.0,-115.9,-180.0,-180.0,-180.0,-180.0,-180.0,-116.4,-180.0,-45.0,-14.4,-45.0,-45.0,-45.0,-45.0,-45.0,-14.3,-45.0,0.0,-0.7,41.10371,29.01695
-121.1,-115.9,-180.0,-180.0,-180.0,-180.0,-180.0,-117.9,-180.0,-19.0,-13.6,-45.0,-45.0,-45.0,-45.0,-45.0,-15.5,-45.0,0.0,-3.8,41.10383,29.01687
-82.6,-74.4,-180.0,-180.0,-180.0,-180.0,-180.0,-180.0,-180.0,-18.9,-10.8,-45.0,-45.0,-45.0,-45.0,-45.0,-45.0,-45.0,0.0,12.2,41.10436,29.02007
-101.0,-68.8,-180.0,-180.0,-180.0,-180.0,-180.0,-180.0,-180.0,-28.0,-10.5,-45.0,-45.0,-45.0,-45.0,-45.0,-45.0,-45.0,0.0,19.1,41.10437,29.02021
-86.5,-73.3,-180.0,-180.0,-180.0,-180.0,-180.0,-180.0,-180.0,-19.6,-10.6,-45.0,-45.0,-45.0,-45.0,-45.0,-45.0,-45.0,0.0,15.7,41.10444,29.01999
-83.5,-62.0,-180.0,-180.0,-180.0,-180.0,-180.0,-180.0,-180.0,-26.1,-10.4,-45.0,-45.0,-45.0,-45.0,-45.0,-45.0,-45.0,0.0,27.1,41.10449,29.02096
-73.7,-60.0,-180.0,-180.0,-180.0,-180.0,-180.0,-180.0,-180.0,-22.6,-10.4,-45.0,-45.0,-45.0,-45.0,-45.0,-45.0,-45.0,0.0,26.4,41.1045,29.02105
-180.0,-125.5,-180.0,-180.0,-130.9,-180.0,-180.0,-125.0,-180.0,-45.0,-16.9,-45.0,-45.0,-22.4,-45.0,-45.0,-16.5,-45.0,0.0,-8.7,41.10451,29.01628
-95.6,-62.9,-180.0,-180.0,-180.0,-180.0,-180.0,-180.0,-180.0,-26.1,-10.6,-45.0,-45.0,-45.0,-45.0,-45.0,-45.0,-45.0,0.0,21.7,41.10452,29.02133
-71.4,-61.4,-180.0,-180.0,-180.0,-180.0,-180.0,-180.0,-180.0,-17.7,-10.5,-45.0,-45.0,-45.0,-45.0,-45.0,-45.0,-45.0,0.0,21.4,41.10453,29.02138
-60.2,-91.6,-180.0,-180.0,-180.0,-180.0,-180.0,-180.0,-180.0,-10.4,-26.2,-45.0,-45.0,-45.0,-45.0,-45.0,-45.0,-45.0,0.0,25.2,41.10456,29.02193
-59.5,-180.0,-180.0,-180.0,-180.0,-180.0,-180.0,-180.0,-180.0,-10.4,-45.0,-45.0,-45.0,-45.0,-45.0,-45.0,-45.0,-45.0,0.0,26.6,41.10458,29.02217
-71.4,-97.6,-180.0,-180.0,-180.0,-180.0,-180.0,-105.4,-180.0,-10.6,-25.6,-45.0,-45.0,-45.0,-45.0,-45.0,-30.8,-45.0,0.0,18.8,41.10461,29.02232
-78.8,-89.3,-180.0,-180.0,-180.0,-180.0,-180.0,-89.9,-180.0,-11.0,-17.1,-45.0,-45.0,-45.0,-45.0,-45.0,-17.7,-45.0,0.0,11.4,41.10466,29.02265
-86.3,-95.6,-180.0,-180.0,-180.0,-180.0,-180.0,-93.3,-180.0,-11.2,-19.0,-45.0,-45.0,-45.0,-45.0,-45.0,-15.9,-45.0,4.0,-1.6,41.10475,29.02343
-180.0,-88.8,-180.0,-180.0,-180.0,-180.0,-180.0,-180.0,-180.0,-45.0,-11.0,-45.0,-45.0,-45.0,-45.0,-45.0,-45.0,-45.0,0.0,11.3,41.10477,29.01992
-93.2,-180.0,-180.0,-180.0,-180.0,-180.0,-180.0,-87.5,-180.0,-16.1,-45.0,-45.0,-45.0,-45.0,-45.0,-45.0,-11.4,-45.0,0.0,7.2,41.10478,29.02389
-97.7,-180.0,-180.0,-180.0,-180.0,-180.0,-180.0,-87.1,-180.0,-22.2,-45.0,-45.0,-45.0,-45.0,-45.0,-45.0,-11.1,-45.0,0.0,8.5,41.10483,29.02418
-104.1,-180.0,-180.0,-180.0,-180.0,-180.0,-180.0,-85.5,-180.0,-23.0,-45.0,-45.0,-45.0,-45.0,-45.0,-45.0,-10.7,-45.0,0.0,11.1,41.10489,29.02432
-180.0,-127.4,-180.0,-180.0,-180.0,-180.0,-180.0,-121.6,-180.0,-45.0,-20.0,-45.0,-45.0,-45.0,-45.0,-45.0,-15.4,-45.0,0.0,-5.0,41.10507,29.01578
-180.0,-180.0,-180.0,-180.0,-180.0,-180.0,-180.0,-70.9,-180.0,-45.0,-45.0,-45.0,-45.0,-45.0,-45.0,-45.0,-10.3,-45.0,0.0,31.0,41.10518,29.02649
-180.0,-103.2,-89.3,-180.0,-180.0,-180.0,-180.0,-180.0,-180.0,-45.0,-20.3,-10.7,-45.0,-45.0,-45.0,-45.0,-45.0,-45.0,0.0,12.2,41.10522,29.01989
-180.0,-180.0,-180.0,-180.0,-180.0,-180.0,-180.0,-76.5,-180.0,-45.0,-45.0,-45.0,-45.0,-45.0,-45.0,-45.0,-10.5,-45.0,0.0,21.6,41.10527,29.02713
-180.0,-124.6,-88.4,-180.0,-180.0,-180.0,-180.0,-180.0,-180.0,-45.0,-34.0,-10.6,-45.0,-45.0,-45.0,-45.0,-45.0,-45.0,0.0,14.5,41.10528,29.01992
-180.0,-180.0,-180.0,-180.0,-180.0,-180.0,-180.0,-121.4,-127.3,-45.0,-45.0,-45.0,-45.0,-45.0,-45.0,-45.0,-14.7,-19.8,0.0,-3.5,41.10531,29.01554
-180.0,-180.0,-85.1,-180.0,-180.0,-180.0,-180.0,-180.0,-180.0,-45.0,-45.0,-10.5,-45.0,-45.0,-45.0,-45.0,-45.0,-45.0,0.0,21.2,41.10543,29.02002
-180.0,-180.0,-77.8,-180.0,-180.0,-180.0,-180.0,-180.0,-180.0,-45.0,-45.0,-10.4,-45.0,-45.0,-45.0,-45.0,-45.0,-45.0,0.0,23.6,41.10562,29.02034
-180.0,-180.0,-58.0,-180.0,-180.0,-180.0,-180.0,-180.0,-180.0,-45.0,-45.0,-10.4,-45.0,-45.0,-45.0,-45.0,-45.0,-45.0,0.0,33.8,41.10584,29.02114
-180.0,-180.0,-76.8,-180.0,-92.2,-180.0,-180.0,-180.0,-180.0,-45.0,-45.0,-10.5,-45.0,-17.1,-45.0,-45.0,-45.0,-45.0,0.0,19.0,41.10613,29.02159
-180.0,-180.0,-82.9,-180.0,-101.5,-180.0,-180.0,-180.0,-180.0,-45.0,-45.0,-10.9,-45.0,-24.7,-45.0,-45.0,-45.0,-45.0,0.0,22.1,41.10619,29.0216
-180.0,-180.0,-180.0,-180.0,-120.6,-180.0,-180.0,-119.2,-115.5,-45.0,-45.0,-45.0,-45.0,-16.7,-45.0,-45.0,-16.4,-13.7,0.0,-1.2,41.10625,29.01559
-180.0,-180.0,-180.0,-180.0,-180.0,-180.0,-180.0,-113.0,-118.4,-45.0,-45.0,-45.0,-45.0,-45.0,-45.0,-45.0,-13.1,-16.1,0.0,-0.5,41.10632,29.01569
-180.0,-180.0,-180.0,-180.0,-180.0,-180.0,-180.0,-180.0,-65.9,-45.0,-45.0,-45.0,-45.0,-45.0,-45.0,-45.0,-45.0,-10.4,0.0,28.4,41.10657,29.02766
-180.0,-180.0,-180.0,-180.0,-180.0,-80.8,-180.0,-180.0,-79.6,-45.0,-45.0,-45.0,-45.0,-45.0,-13.3,-45.0,-45.0,-14.0,0.0,5.6,41.10657,29.02838
-180.0,-180.0,-180.0,-180.0,-79.5,-180.0,-180.0,-180.0,-180.0,-45.0,-45.0,-45.0,-45.0,-10.4,-45.0,-45.0,-45.0,-45.0,0.0,27.0,41.10665,29.02155
-180.0,-180.0,-180.0,-180.0,-180.0,-83.4,-180.0,-180.0,-74.5,-45.0,-45.0,-45.0,-45.0,-45.0,-20.1,-45.0,-45.0,-10.8,0.0,12.7,41.10668,29.02851
-180.0,-180.0,-180.0,-180.0,-180.0,-180.0,-83.4,-180.0,-92.4,-45.0,-45.0,-45.0,-45.0,-45.0,-45.0,-10.4,-45.0,-14.8,0.0,13.1,41.1069,29.02638
-180.0,-180.0,-180.0,-180.0,-180.0,-89.8,-180.0,-180.0,-84.5,-45.0,-45.0,-45.0,-45.0,-45.0,-13.7,-45.0,-45.0,-12.2,0.0,2.8,41.10692,29.02867
-180.0,-180.0,-180.0,-180.0,-180.0,-88.1,-180.0,-180.0,-88.6,-45.0,-45.0,-45.0,-45.0,-45.0,-12.7,-45.0,-45.0,-13.3,0.0,3.6,41.10697,29.02888
-180.0,-180.0,-180.0,-85.2,-77.4,-180.0,-180.0,-180.0,-180.0,-45.0,-45.0,-45.0,-19.1,-10.5,-45.0,-45.0,-45.0,-45.0,0.0,14.0,41.10721,29.02257
-180.0,-180.0,-180.0,-180.0,-180.0,-90.1,-180.0,-180.0,-96.2,-45.0,-45.0,-45.0,-45.0,-45.0,-11.1,-45.0,-45.0,-17.3,0.0,8.7,41.10722,29.02947
-180.0,-180.0,-180.0,-180.0,-77.6,-180.0,-180.0,-180.0,-180.0,-45.0,-45.0,-45.0,-45.0,-10.4,-45.0,-45.0,-45.0,-45.0,0.0,24.9,41.10723,29.02167
-180.0,-180.0,-180.0,-86.4,-72.7,-180.0,-180.0,-180.0,-180.0,-45.0,-45.0,-45.0,-17.9,-10.4,-45.0,-45.0,-45.0,-45.0,0.0,19.9,41.10745,29.02186
-180.0,-180.0,-120.4,-117.0,-115.3,-180.0,-180.0,-119.1,-113.2,-45.0,-45.0,-18.8,-16.3,-15.9,-45.0,-45.0,-19.9,-14.3,0.0,-3.9,41.10746,29.019
-180.0,-180.0,-180.0,-88.7,-79.2,-180.0,-180.0,-180.0,-180.0,-45.0,-45.0,-45.0,-13.0,-10.5,-45.0,-45.0,-45.0,-45.0,0.0,16.1,41.10748,29.02191
-180.0,-180.0,-180.0,-89.7,-84.4,-180.0,-180.0,-180.0,-180.0,-45.0,-45.0,-45.0,-17.1,-10.9,-45.0,-45.0,-45.0,-45.0,0.0,13.0,41.10752,29.02195
-180.0,-180.0,-180.0,-87.6,-87.1,-180.0,-180.0,-180.0,-180.0,-45.0,-45.0,-45.0,-12.6,-11.9,-45.0,-45.0,-45.0,-45.0,0.0,5.6,41.10752,29.02276
-180.0,-180.0,-180.0,-86.2,-82.9,-180.0,-180.0,-180.0,-180.0,-45.0,-45.0,-45.0,-15.9,-10.7,-45.0,-45.0,-45.0,-45.0,0.0,12.8,41.10755,29.02198
-180.0,-180.0,-180.0,-180.0,-180.0,-87.8,-180.0,-180.0,-86.7,-45.0,-45.0,-45.0,-45.0,-45.0,-12.8,-45.0,-45.0,-12.2,0.0,3.0,41.10755,29.02915
-180.0,-180.0,-180.0,-75.5,-180.0,-180.0,-180.0,-180.0,-180.0,-45.0,-45.0,-45.0,-10.5,-45.0,-45.0,-45.0,-45.0,-45.0,0.0,28.1,41.10759,29.02321
-180.0,-180.0,-180.0,-59.9,-180.0,-180.0,-180.0,-180.0,-180.0,-45.0,-45.0,-45.0,-10.3,-45.0,-45.0,-45.0,-45.0,-45.0,0.0,38.2,41.10767,29.02364
-180.0,-180.0,-180.0,-99.1,-180.0,-180.0,-95.5,-180.0,-96.4,-45.0,-45.0,-45.0,-17.3,-45.0,-45.0,-13.0,-45.0,-13.5,0.0,1.3,41.10767,29.0262
-180.0,-180.0,-180.0,-115.4,-111.3,-180.0,-180.0,-180.0,-180.0,-45.0,-45.0,-45.0,-16.4,-12.3,-45.0,-45.0,-45.0,-45.0,0.0,3.7,41.10778,29.02007
-180.0,-180.0,-180.0,-93.4,-180.0,-180.0,-87.9,-180.0,-93.1,-45.0,-45.0,-45.0,-17.6,-45.0,-45.0,-11.6,-45.0,-16.3,0.0,-3.5,41.10778,29.02618
-180.0,-180.0,-180.0,-94.0,-180.0,-180.0,-91.3,-180.0,-89.2,-45.0,-45.0,-45.0,-16.0,-45.0,-45.0,-13.1,-45.0,-13.4,0.0,-1.8,41.10781,29.02616
-180.0,-180.0,-180.0,-86.5,-180.0,-180.0,-92.4,-180.0,-180.0,-45.0,-45.0,-45.0,-10.9,-45.0,-45.0,-16.9,-45.0,-45.0,0.0,10.8,41.10782,29.02529
-180.0,-180.0,-180.0,-180.0,-180.0,-180.0,-65.5,-180.0,-74.5,-45.0,-45.0,-45.0,-45.0,-45.0,-45.0,-10.7,-45.0,-14.6,0.0,14.4,41.10789,29.02732
-180.0,-180.0,-180.0,-96.9,-180.0,-180.0,-90.4,-180.0,-95.0,-45.0,-45.0,-45.0,-17.9,-45.0,-45.0,-11.4,-45.0,-15.1,0.0,7.1,41.1079,29.02645
-180.0,-180.0,-180.0,-93.4,-180.0,-180.0,-85.2,-180.0,-180.0,-45.0,-45.0,-45.0,-18.8,-45.0,-45.0,-10.8,-45.0,-45.0,0.0,11.8,41.10791,29.02683
-180.0,-180.0,-180.0,-180.0,-180.0,-180.0,-70.1,-180.0,-79.4,-45.0,-45.0,-45.0,-45.0,-45.0,-45.0,-11.4,-45.0,-17.5,0.0,9.8,41.10791,29.0273
-180.0,-180.0,-180.0,-180.0,-180.0,-82.9,-74.3,-180.0,-70.2,-45.0,-45.0,-45.0,-45.0,-45.0,-22.8,-12.7,-45.0,-12.7,0.0,5.7,41.10794,29.02728
-180.0,-180.0,-180.0,-180.0,-180.0,-180.0,-69.6,-180.0,-81.4,-45.0,-45.0,-45.0,-45.0,-45.0,-45.0,-10.9,-45.0,-22.1,0.0,14.7,41.10795,29.02743
-180.0,-180.0,-180.0,-180.0,-180.0,-180.0,-66.9,-180.0,-80.9,-45.0,-45.0,-45.0,-45.0,-45.0,-45.0,-10.6,-45.0,-23.1,0.0,17.2,41.10798,29.02754
-180.0,-180.0,-180.0,-180.0,-180.0,-87.1,-102.5,-180.0,-180.0,-45.0,-45.0,-45.0,-45.0,-45.0,-11.2,-22.8,-45.0,-45.0,0.0,9.6,41.10798,29.02909
-180.0,-180.0,-180.0,-180.0,-180.0,-81.0,-72.4,-180.0,-180.0,-45.0,-45.0,-45.0,-45.0,-45.0,-16.2,-11.4,-45.0,-45.0,0.0,9.4,41.10803,29.02781
-180.0,-180.0,-180.0,-180.0,-180.0,-79.2,-84.6,-180.0,-85.2,-45.0,-45.0,-45.0,-45.0,-45.0,-12.0,-16.2,-45.0,-16.6,0.0,7.3,41.10809,29.02846
-180.0,-180.0,-180.0,-180.0,-136.4,-180.0,-180.0,-131.7,-180.0,-45.0,-45.0,-45.0,-45.0,-24.9,-45.0,-45.0,-19.8,-45.0,0.0,-7.9,41.09895,29.0254
-180.0,-180.0,-180.0,-180.0,-139.6,-180.0,-180.0,-131.0,-180.0,-45.0,-45.0,-45.0,-45.0,-27.4,-45.0,-45.0,-19.6,-45.0,0.0,-8.6,41.09896,29.02529
-180.0,-180.0,-180.0,-180.0,-180.0,-180.0,-127.9,-120.2,-180.0,-45.0,-45.0,-45.0,-45.0,-45.0,-45.0,-18.7,-12.6,-45.0,0.0,0.5,41.09943,29.0232
-180.0,-180.0,-180.0,-180.0,-180.0,-180.0,-124.3,-120.3,-180.0,-45.0,-45.0,-45.0,-45.0,-45.0,-45.0,-16.8,-13.7,-45.0,0.0,-0.5,41.10011,29.02182
-180.0,-115.4,-180.0,-180.0,-180.0,-180.0,-180.0,-119.2,-180.0,-45.0,-13.3,-45.0,-45.0,-45.0,-45.0,-45.0,-16.8,-45.0,0.0,3.3,41.1028,29.01759
-180.0,-115.1,-180.0,-180.0,-180.0,-180.0,-180.0,-116.2,-180.0,-45.0,-13.7,-45.0,-45.0,-45.0,-45.0,-45.0,-14.4,-45.0,0.0,1.4,41.10303,29.01747
-180.0,-114.6,-180.0,-180.0,-180.0,-180.0,-180.0,-115.4,-180.0,-45.0,-14.0,-45.0,-45.0,-45.0,-45.0,-45.0,-14.0,-45.0,0.0,0.8,41.10308,29.01743
-180.0,-107.6,-180.0,-180.0,-180.0,-180.0,-180.0,-110.5,-180.0,-45.0,-12.2,-45.0,-45.0,-45.0,-45.0,-45.0,-13.8,-45.0,0.0,5.3,41.10355,29.01708
-82.7,-76.8,-180.0,-180.0,-180.0,-180.0,-180.0,-180.0,-180.0,-16.1,-10.8,-45.0,-45.0,-45.0,-45.0,-45.0,-45.0,-45.0,0.0,14.7,41.10435,29.02009
-84.9,-74.7,-180.0,-180.0,-180.0,-180.0,-180.0,-180.0,-180.0,-20.7,-10.6,-45.0,-45.0,-45.0,-45.0,-45.0,-45.0,-45.0,0.0,11.9,41.10436,29.02006
-78.4,-73.2,-180.0,-180.0,-180.0,-180.0,-180.0,-180.0,-180.0,-16.5,-11.1,-45.0,-45.0,-45.0,-45.0,-45.0,-45.0,-45.0,0.0,10.2,41.10441,29.02042
-64.4,-70.0,-180.0,-180.0,-180.0,-180.0,-180.0,-180.0,-180.0,-11.0,-16.3,-45.0,-45.0,-45.0,-45.0,-45.0,-45.0,-45.0,0.0,15.5,41.10455,29.02177
-83.6,-122.5,-99.7,-180.0,-180.0,-180.0,-180.0,-89.7,-180.0,-12.4,-31.3,-21.5,-45.0,-45.0,-45.0,-45.0,-15.5,-45.0,0.0,5.0,41.10474,29.02325
-102.0,-180.0,-180.0,-180.0,-180.0,-180.0,-180.0,-84.8,-180.0,-23.6,-45.0,-45.0,-45.0,-45.0,-45.0,-45.0,-11.2,-45.0,0.0,7.7,41.10479,29.02399
-79.5,-180.0,-93.4,-180.0,-180.0,-180.0,-180.0,-93.1,-180.0,-11.1,-45.0,-19.3,-45.0,-45.0,-45.0,-45.0,-20.4,-45.0,0.0,20.2,41.10486,29.02296
-180.0,-94.5,-96.0,-180.0,-180.0,-180.0,-180.0,-180.0,-180.0,-45.0,-11.7,-14.8,-45.0,-45.0,-45.0,-45.0,-45.0,-45.0,0.0,4.6,41.10489,29.01989
-180.0,-180.0,-180.0,-180.0,-127.6,-180.0,-180.0,-121.5,-180.0,-45.0,-45.0,-45.0,-45.0,-20.2,-45.0,-45.0,-14.6,-45.0,0.0,-2.1,41.10495,29.01589
-180.0,-180.0,-180.0,-180.0,-180.0,-180.0,-180.0,-80.8,-180.0,-45.0,-45.0,-45.0,-45.0,-45.0,-45.0,-45.0,-10.5,-45.0,0.0,15.2,41.10495,29.02456
-180.0,-180.0,-180.0,-180.0,-180.0,-180.0,-180.0,-82.5,-180.0,-45.0,-45.0,-45.0,-45.0,-45.0,-45.0,-45.0,-10.5,-45.0,0.0,15.7,41.10497,29.02475
-78.4,-180.0,-113.5,-180.0,-180.0,-180.0,-180.0,-118.6,-180.0,-11.3,-45.0,-28.1,-45.0,-45.0,-45.0,-45.0,-30.6,-45.0,0.0,25.8,41.10505,29.02292
-180.0,-180.0,-180.0,-180.0,-180.0,-180.0,-180.0,-69.8,-180.0,-45.0,-45.0,-45.0,-45.0,-45.0,-45.0,-45.0,-10.4,-45.0,0.0,29.5,41.10517,29.02639
-180.0,-180.0,-180.0,-180.0,-180.0,-180.0,-180.0,-120.7,-125.6,-45.0,-45.0,-45.0,-45.0,-45.0,-45.0,-45.0,-14.6,-19.6,0.0,-2.4,41.10525,29.0156
-180.0,-180.0,-180.0,-180.0,-180.0,-180.0,-180.0,-78.5,-180.0,-45.0,-45.0,-45.0,-45.0,-45.0,-45.0,-45.0,-10.4,-45.0,0.0,25.3,41.10528,29.02661
-180.0,-180.0,-180.0,-180.0,-180.0,-180.0,-180.0,-77.7,-180.0,-45.0,-45.0,-45.0,-45.0,-45.0,-45.0,-45.0,-10.4,-45.0,0.0,25.4,41.1053,29.02663
-180.0,-180.0,-72.2,-180.0,-180.0,-180.0,-180.0,-180.0,-180.0,-45.0,-45.0,-10.4,-45.0,-45.0,-45.0,-45.0,-45.0,-45.0,0.0,30.6,41.10603,29.02151
-180.0,-180.0,-180.0,-180.0,-180.0,-110.1,-180.0,-180.0,-81.1,-45.0,-45.0,-45.0,-45.0,-45.0,-28.9,-45.0,-45.0,-10.5,0.0,23.2,41.10623,29.02792
-180.0,-180.0,-81.5,-180.0,-88.9,-180.0,-180.0,-180.0,-180.0,-45.0,-45.0,-11.2,-45.0,-14.8,-45.0,-45.0,-45.0,-45.0,0.0,20.0,41.10624,29.02162
-180.0,-180.0,-180.0,-180.0,-180.0,-180.0,-180.0,-180.0,-72.1,-45.0,-45.0,-45.0,-45.0,-45.0,-45.0,-45.0,-45.0,-10.4,0.0,28.8,41.10627,29.02779
-180.0,-180.0,-180.0,-180.0,-180.0,-180.0,-101.2,-102.7,-98.8,-45.0,-45.0,-45.0,-45.0,-45.0,-45.0,-14.8,-17.3,-13.6,0.0,1.1,41.1063,29.02644
-180.0,-180.0,-89.8,-180.0,-83.2,-180.0,-180.0,-180.0,-180.0,-45.0,-45.0,-17.3,-45.0,-11.6,-45.0,-45.0,-45.0,-45.0,0.0,9.7,41.10631,29.02261
-180.0,-180.0,-180.0,-180.0,-180.0,-180.0,-96.6,-102.3,-98.8,-45.0,-45.0,-45.0,-45.0,-45.0,-45.0,-11.9,-16.7,-14.0,0.0,0.9,41.10633,29.02645
-180.0,-180.0,-180.0,-180.0,-180.0,-92.6,-180.0,-180.0,-83.4,-45.0,-45.0,-45.0,-45.0,-45.0,-19.2,-45.0,-45.0,-10.8,0.0,14.2,41.10637,29.02813
-180.0,-180.0,-180.0,-122.0,-120.0,-180.0,-180.0,-115.8,-118.1,-45.0,-45.0,-45.0,-19.4,-17.6,-45.0,-45.0,-14.0,-15.6,0.0,-3.5,41.10644,29.01586
-180.0,-180.0,-124.6,-180.0,-82.9,-180.0,-180.0,-180.0,-180.0,-45.0,-45.0,-32.4,-45.0,-10.7,-45.0,-45.0,-45.0,-45.0,0.0,16.3,41.10644,29.02258
-180.0,-180.0,-180.0,-180.0,-180.0,-93.6,-180.0,-180.0,-82.0,-45.0,-45.0,-45.0,-45.0,-45.0,-18.8,-45.0,-45.0,-10.8,0.0,13.7,41.10646,29.02812
-180.0,-180.0,-180.0,-180.0,-123.1,-180.0,-180.0,-116.8,-117.5,-45.0,-45.0,-45.0,-45.0,-20.9,-45.0,-45.0,-15.1,-15.9,0.0,-6.1,41.10668,29.01619
-180.0,-180.0,-180.0,-180.0,-114.4,-180.0,-180.0,-120.2,-119.4,-45.0,-45.0,-45.0,-45.0,-13.3,-45.0,-45.0,-18.6,-17.5,0.0,-0.6,41.10679,29.01636
-180.0,-180.0,-180.0,-119.3,-120.8,-180.0,-180.0,-117.5,-118.0,-45.0,-45.0,-45.0,-17.0,-19.3,-45.0,-45.0,-15.4,-16.0,0.0,-3.7,41.10702,29.01689
-180.0,-180.0,-180.0,-180.0,-180.0,-87.4,-180.0,-180.0,-85.9,-45.0,-45.0,-45.0,-45.0,-45.0,-12.0,-45.0,-45.0,-12.0,0.0,5.1,41.10718,29.02917
-180.0,-180.0,-180.0,-180.0,-180.0,-90.7,-180.0,-180.0,-96.5,-45.0,-45.0,-45.0,-45.0,-45.0,-11.6,-45.0,-45.0,-15.9,0.0,9.1,41.10724,29.02944
-180.0,-180.0,-180.0,-180.0,-180.0,-91.9,-180.0,-180.0,-95.0,-45.0,-45.0,-45.0,-45.0,-45.0,-12.1,-45.0,-45.0,-14.3,0.0,4.8,41.10725,29.02941
-180.0,-180.0,-180.0,-180.0,-180.0,-91.3,-180.0,-180.0,-91.8,-45.0,-45.0,-45.0,-45.0,-45.0,-12.6,-45.0,-45.0,-13.2,0.0,4.4,41.10728,29.02934
-180.0,-126.9,-120.2,-180.0,-119.7,-180.0,-180.0,-122.4,-118.3,-45.0,-22.4,-16.6,-45.0,-17.5,-45.0,-45.0,-19.9,-15.9,0.0,-5.6,41.10731,29.01819
-180.0,-180.0,-180.0,-180.0,-77.9,-180.0,-180.0,-180.0,-180.0,-45.0,-45.0,-45.0,-45.0,-10.5,-45.0,-45.0,-45.0,-45.0,0.0,25.7,41.10744,29.02186
-180.0,-180.0,-180.0,-88.2,-79.4,-180.0,-180.0,-180.0,-180.0,-45.0,-45.0,-45.0,-16.1,-10.5,-45.0,-45.0,-45.0,-45.0,0.0,16.9,41.10746,29.02187
-180.0,-180.0,-180.0,-180.0,-77.4,-180.0,-180.0,-180.0,-180.0,-45.0,-45.0,-45.0,-45.0,-10.6,-45.0,-45.0,-45.0,-45.0,0.0,18.9,41.10748,29.0219
-180.0,-180.0,-180.0,-86.9,-88.9,-180.0,-180.0,-180.0,-180.0,-45.0,-45.0,-45.0,-11.6,-13.9,-45.0,-45.0,-45.0,-45.0,0.0,6.5,41.10752,29.0228
-180.0,-180.0,-180.0,-75.9,-83.7,-180.0,-180.0,-180.0,-180.0,-45.0,-45.0,-45.0,-10.4,-19.0,-45.0,-45.0,-45.0,-45.0,0.0,24.3,41.10754,29.02308
-180.0,-180.0,-180.0,-88.5,-81.9,-180.0,-180.0,-180.0,-180.0,-45.0,-45.0,-45.0,-16.8,-10.9,-45.0,-45.0,-45.0,-45.0,0.0,10.2,41.10758,29.022
-180.0,-180.0,-180.0,-60.8,-180.0,-180.0,-180.0,-180.0,-180.0,-45.0,-45.0,-45.0,-10.3,-45.0,-45.0,-45.0,-45.0,-45.0,0.0,36.8,41.10766,29.02369
-180.0,-180.0,-180.0,-87.0,-84.5,-180.0,-180.0,-180.0,-180.0,-45.0,-45.0,-45.0,-13.8,-11.4,-45.0,-45.0,-45.0,-45.0,0.0,8.4,41.10768,29.02231
-180.0,-180.0,-180.0,-91.6,-180.0,-180.0,-90.2,-180.0,-95.5,-45.0,-45.0,-45.0,-12.1,-45.0,-45.0,-14.3,-45.0,-16.4,0.0,4.6,41.10778,29.02561
-180.0,-180.0,-180.0,-93.8,-180.0,-180.0,-85.9,-180.0,-89.6,-45.0,-45.0,-45.0,-17.1,-45.0,-45.0,-12.6,-45.0,-13.7,0.0,3.4,41.1078,29.02599
-180.0,-180.0,-180.0,-90.8,-180.0,-180.0,-91.0,-180.0,-88.4,-45.0,-45.0,-45.0,-14.4,-45.0,-45.0,-16.4,-45.0,-12.1,0.0,-0.5,41.10782,29.02591
-180.0,-180.0,-180.0,-92.9,-180.0,-180.0,-90.9,-180.0,-88.5,-45.0,-45.0,-45.0,-16.1,-45.0,-45.0,-15.1,-45.0,-11.9,0.0,-4.4,41.10782,29.02615
-180.0,-180.0,-180.0,-90.0,-180.0,-180.0,-94.5,-180.0,-180.0,-45.0,-45.0,-45.0,-10.6,-45.0,-45.0,-17.7,-45.0,-45.0,0.0,15.6,41.10786,29.0252
-180.0,-180.0,-180.0,-92.3,-180.0,-180.0,-96.7,-180.0,-180.0,-45.0,-45.0,-45.0,-11.7,-45.0,-45.0,-13.3,-45.0,-45.0,0.0,6.9,41.10787,29.02544
-180.0,-180.0,-180.0,-87.1,-86.8,-180.0,-180.0,-180.0,-180.0,-45.0,-45.0,-45.0,-13.4,-12.0,-45.0,-45.0,-45.0,-45.0,0.0,0.7,41.10788,29.02237
-180.0,-180.0,-180.0,-77.9,-180.0,-180.0,-180.0,-180.0,-180.0,-45.0,-45.0,-45.0,-10.4,-45.0,-45.0,-45.0,-45.0,-45.0,0.0,24.8,41.1079,29.02485
-180.0,-180.0,-180.0,-180.0,-180.0,-180.0,-69.3,-180.0,-73.6,-45.0,-45.0,-45.0,-45.0,-45.0,-45.0,-11.5,-45.0,-15.3,0.0,12.2,41.1079,29.02732
-180.0,-180.0,-180.0,-180.0,-180.0,-91.3,-72.9,-180.0,-86.3,-45.0,-45.0,-45.0,-45.0,-45.0,-19.4,-10.8,-45.0,-17.6,0.0,11.3,41.10791,29.02714
-180.0,-180.0,-180.0,-90.5,-86.8,-180.0,-180.0,-180.0,-180.0,-45.0,-45.0,-45.0,-13.5,-11.2,-45.0,-45.0,-45.0,-45.0,0.0,1.3,41.10795,29.02225
-180.0,-180.0,-180.0,-180.0,-180.0,-180.0,-68.8,-180.0,-76.6,-45.0,-45.0,-45.0,-45.0,-45.0,-45.0,-10.9,-45.0,-17.6,0.0,9.3,41.10795,29.02735
-180.0,-180.0,-180.0,-88.3,-89.0,-180.0,-180.0,-180.0,-180.0,-45.0,-45.0,-45.0,-11.5,-12.9,-45.0,-45.0,-45.0,-45.0,0.0,3.7,41.10799,29.02207
-180.0,-180.0,-180.0,-180.0,-180.0,-84.8,-92.5,-180.0,-180.0,-45.0,-45.0,-45.0,-45.0,-45.0,-10.7,-18.6,-45.0,-45.0,0.0,11.2,41.108,29.02906
-180.0,-180.0,-180.0,-94.2,-91.2,-180.0,-180.0,-180.0,-180.0,-45.0,-45.0,-45.0,-12.6,-11.9,-45.0,-45.0,-45.0,-45.0,0.0,7.4,41.10803,29.02167
-180.0,-180.0,-180.0,-180.0,-180.0,-83.2,-91.8,-180.0,-92.1,-45.0,-45.0,-45.0,-45.0,-45.0,-11.3,-19.1,-45.0,-21.4,0.0,11.2,41.10805,29.02881
-180.0,-180.0,-180.0,-180.0,-180.0,-81.1,-91.0,-180.0,-180.0,-45.0,-45.0,-45.0,-45.0,-45.0,-10.8,-17.3,-45.0,-45.0,0.0,9.6,41.10806,29.02872
-180.0,-180.0,-180.0,-180.0,-180.0,-79.9,-93.8,-180.0,-91.0,-45.0,-45.0,-45.0,-45.0,-45.0,-10.8,-20.9,-45.0,-22.0,0.0,10.2,41.10807,29.02864
-180.0,-180.0,-180.0,-180.0,-180.0,-180.0,-180.0,-123.5,-180.0,-45.0,-45.0,-45.0,-45.0,-45.0,-45.0,-45.0,-13.9,-45.0,0.0,-0.9,41.09937,29.02367
-180.0,-180.0,-180.0,-180.0,-180.0,-180.0,-180.0,-180.0,-180.0,-45.0,-45.0,-45.0,-45.0,-45.0,-45.0,-45.0,-45.0,-45.0,0.0,12.8,41.09973,29.03077
-180.0,-180.0,-180.0,-180.0,-180.0,-180.0,-121.3,-117.5,-180.0,-45.0,-45.0,-45.0,-45.0,-45.0,-45.0,-16.0,-12.9,-45.0,0.0,0.0,41.10044,29.02141
-180.0,-180.0,-116.6,-180.0,-180.0,-180.0,-120.0,-118.2,-180.0,-45.0,-45.0,-14.8,-45.0,-45.0,-45.0,-16.8,-15.1,-45.0,0.0,-2.4,41.10117,29.01947
-180.0,-180.0,-138.9,-180.0,-180.0,-180.0,-125.2,-122.9,-180.0,-45.0,-45.0,-29.7,-45.0,-45.0,-45.0,-17.8,-15.6,-45.0,0.0,-6.7,41.10137,29.0188
-180.0,-180.0,-125.2,-180.0,-180.0,-180.0,-124.8,-123.6,-180.0,-45.0,-45.0,-18.6,-45.0,-45.0,-45.0,-17.5,-15.9,-45.0,0.0,-5.1,41.10144,29.0187
-180.0,-180.0,-137.2,-180.0,-180.0,-180.0,-127.5,-124.8,-180.0,-45.0,-45.0,-27.2,-45.0,-45.0,-45.0,-19.5,-16.4,-45.0,0.0,-7.4,41.10151,29.0186
-180.0,-180.0,-180.0,-180.0,-180.0,-180.0,-126.7,-122.6,-180.0,-45.0,-45.0,-45.0,-45.0,-45.0,-45.0,-18.3,-15.5,-45.0,0.0,-5.8,41.10159,29.0185
-180.0,-121.2,-124.0,-180.0,-123.1,-180.0,-180.0,-123.4,-180.0,-45.0,-16.8,-19.2,-45.0,-18.4,-45.0,-45.0,-18.5,-45.0,0.0,-4.1,41.1019,29.01818
-180.0,-122.6,-180.0,-180.0,-180.0,-180.0,-133.0,-124.2,-180.0,-45.0,-15.4,-45.0,-45.0,-45.0,-45.0,-25.2,-17.4,-45.0,0.0,-2.8,41.10263,29.01768
-180.0,-121.9,-180.0,-180.0,-180.0,-180.0,-133.2,-125.2,-180.0,-45.0,-15.0,-45.0,-45.0,-45.0,-45.0,-24.7,-18.4,-45.0,0.0,-2.3,41.10269,29.01763
-180.0,-113.9,-180.0,-180.0,-180.0,-180.0,-180.0,-112.4,-180.0,-45.0,-14.8,-45.0,-45.0,-45.0,-45.0,-45.0,-13.0,-45.0,0.0,1.1,41.10314,29.0174
-180.0,-110.3,-180.0,-180.0,-180.0,-180.0,-180.0,-109.1,-180.0,-45.0,-14.9,-45.0,-45.0,-45.0,-45.0,-45.0,-12.6,-45.0,0.0,1.1,41.10325,29.01732
-180.0,-111.4,-180.0,-180.0,-180.0,-180.0,-180.0,-109.0,-180.0,-45.0,-14.9,-45.0,-45.0,-45.0,-45.0,-45.0,-12.8,-45.0,0.0,2.4,41.10354,29.01709
-180.0,-114.5,-180.0,-180.0,-180.0,-180.0,-180.0,-117.1,-180.0,-45.0,-13.6,-45.0,-45.0,-45.0,-45.0,-45.0,-15.2,-45.0,0.0,-1.3,41.10366,29.01699
-123.1,-116.5,-180.0,-180.0,-180.0,-180.0,-180.0,-120.3,-180.0,-18.7,-13.6,-45.0,-45.0,-45.0,-45.0,-45.0,-17.2,-45.0,0.0,-5.4,41.10393,29.01679
-95.5,-72.6,-180.0,-180.0,-180.0,-180.0,-180.0,-180.0,-180.0,-25.9,-10.6,-45.0,-45.0,-45.0,-45.0,-45.0,-45.0,-45.0,0.0,15.5,41.10436,29.02004
-180.0,-121.6,-180.0,-180.0,-180.0,-180.0,-180.0,-125.6,-180.0,-45.0,-14.4,-45.0,-45.0,-45.0,-45.0,-45.0,-17.4,-45.0,0.0,-8.1,41.10442,29.01639
-180.0,-124.8,-180.0,-180.0,-141.4,-180.0,-180.0,-126.4,-180.0,-45.0,-16.1,-45.0,-45.0,-30.7,-45.0,-45.0,-17.4,-45.0,0.0,-8.6,41.10447,29.01632
-71.8,-63.2,-180.0,-180.0,-180.0,-180.0,-180.0,-180.0,-180.0,-20.5,-10.7,-45.0,-45.0,-45.0,-45.0,-45.0,-45.0,-45.0,0.0,19.3,41.10451,29.02121
-180.0,-129.5,-180.0,-180.0,-180.0,-180.0,-180.0,-125.5,-180.0,-45.0,-20.0,-45.0,-45.0,-45.0,-45.0,-45.0,-16.0,-45.0,0.0,-5.4,41.10466,29.01616
-180.0,-127.2,-180.0,-180.0,-180.0,-180.0,-180.0,-127.9,-180.0,-45.0,-17.7,-45.0,-45.0,-45.0,-45.0,-45.0,-18.2,-45.0,0.0,-9.0,41.10471,29.01611
-81.2,-95.3,-180.0,-180.0,-180.0,-180.0,-180.0,-96.4,-180.0,-11.2,-20.1,-45.0,-45.0,-45.0,-45.0,-45.0,-21.3,-45.0,0.0,10.4,41.10475,29.0231
-75.8,-180.0,-180.0,-180.0,-180.0,-180.0,-180.0,-87.1,-180.0,-11.2,-45.0,-45.0,-45.0,-45.0,-45.0,-45.0,-16.3,-45.0,0.0,10.2,41.1048,29.02299
-180.0,-180.0,-180.0,-180.0,-180.0,-180.0,-180.0,-76.5,-86.2,-45.0,-45.0,-45.0,-45.0,-45.0,-45.0,-45.0,-10.4,-20.7,0.0,27.3,41.10504,29.02556
-180.0,-98.3,-93.0,-180.0,-180.0,-180.0,-180.0,-180.0,-180.0,-45.0,-15.0,-11.2,-45.0,-45.0,-45.0,-45.0,-45.0,-45.0,0.0,-0.8,41.10507,29.01982
-80.8,-92.8,-91.4,-180.0,-180.0,-180.0,-180.0,-180.0,-180.0,-11.0,-20.3,-15.4,-45.0,-45.0,-45.0,-45.0,-45.0,-45.0,0.0,10.6,41.10524,29.02286
-180.0,-180.0,-180.0,-180.0,-180.0,-180.0,-180.0,-124.5,-126.1,-45.0,-45.0,-45.0,-45.0,-45.0,-45.0,-45.0,-16.7,-18.2,0.0,-5.2,41.10545,29.01544
-180.0,-180.0,-180.0,-180.0,-123.3,-180.0,-180.0,-121.0,-122.9,-45.0,-45.0,-45.0,-45.0,-16.5,-45.0,-45.0,-15.7,-16.1,0.0,-6.4,41.10588,29.01536
-180.0,-180.0,-180.0,-180.0,-180.0,-180.0,-180.0,-180.0,-66.1,-45.0,-45.0,-45.0,-45.0,-45.0,-45.0,-45.0,-45.0,-10.4,0.0,29.8,41.10627,29.02776
-180.0,-180.0,-180.0,-180.0,-180.0,-180.0,-180.0,-180.0,-66.6,-45.0,-45.0,-45.0,-45.0,-45.0,-45.0,-45.0,-45.0,-10.3,0.0,30.3,41.10634,29.02771
-180.0,-180.0,-180.0,-180.0,-180.0,-88.7,-180.0,-180.0,-81.9,-45.0,-45.0,-45.0,-45.0,-45.0,-20.1,-45.0,-45.0,-11.0,0.0,12.2,41.10642,29.02818
-180.0,-180.0,-180.0,-180.0,-180.0,-180.0,-86.3,-180.0,-77.2,-45.0,-45.0,-45.0,-45.0,-45.0,-45.0,-16.2,-45.0,-10.5,0.0,17.4,41.10712,29.02752
-180.0,-180.0,-180.0,-88.9,-82.1,-180.0,-180.0,-180.0,-180.0,-45.0,-45.0,-45.0,-16.5,-10.7,-45.0,-45.0,-45.0,-45.0,0.0,13.1,41.10735,29.02265
-180.0,-180.0,-180.0,-180.0,-119.2,-180.0,-180.0,-116.4,-114.2,-45.0,-45.0,-45.0,-45.0,-16.4,-45.0,-45.0,-14.8,-14.1,0.0,-2.2,41.1074,29.01892
-180.0,-180.0,-180.0,-180.0,-180.0,-84.8,-180.0,-180.0,-90.6,-45.0,-45.0,-45.0,-45.0,-45.0,-12.2,-45.0,-45.0,-15.4,0.0,-1.0,41.10743,29.02913
-180.0,-180.0,-180.0,-90.4,-88.4,-180.0,-180.0,-180.0,-180.0,-45.0,-45.0,-45.0,-12.8,-12.2,-45.0,-45.0,-45.0,-45.0,0.0,5.3,41.10745,29.02283
-180.0,-112.2,-109.4,-180.0,-124.2,-180.0,-180.0,-120.0,-122.4,-45.0,-16.0,-13.3,-45.0,-23.2,-45.0,-45.0,-22.3,-23.5,0.0,-4.2,41.10758,29.01934
-180.0,-180.0,-180.0,-85.7,-82.5,-180.0,-180.0,-180.0,-180.0,-45.0,-45.0,-45.0,-13.9,-11.1,-45.0,-45.0,-45.0,-45.0,0.0,9.1,41.10762,29.02205
-180.0,-180.0,-180.0,-180.0,-180.0,-180.0,-67.1,-180.0,-73.4,-45.0,-45.0,-45.0,-45.0,-45.0,-45.0,-10.7,-45.0,-13.5,0.0,-0.9,41.10772,29.02737
-180.0,-180.0,-180.0,-69.5,-180.0,-180.0,-180.0,-180.0,-180.0,-45.0,-45.0,-45.0,-10.4,-45.0,-45.0,-45.0,-45.0,-45.0,0.0,31.5,41.1078,29.02416
-180.0,-180.0,-180.0,-108.3,-107.8,-180.0,-180.0,-180.0,-180.0,-45.0,-45.0,-45.0,-14.8,-13.0,-45.0,-45.0,-45.0,-45.0,0.0,5.4,41.10784,29.02047
-180.0,-180.0,-180.0,-89.7,-180.0,-180.0,-94.3,-180.0,-94.9,-45.0,-45.0,-45.0,-12.4,-45.0,-45.0,-15.4,-45.0,-15.5,0.0,5.1,41.10786,29.02569
-180.0,-180.0,-180.0,-90.3,-180.0,-180.0,-93.3,-180.0,-94.5,-45.0,-45.0,-45.0,-11.9,-45.0,-45.0,-15.4,-45.0,-17.0,0.0,6.2,41.10787,29.02556
-180.0,-180.0,-180.0,-84.4,-180.0,-180.0,-93.0,-180.0,-180.0,-45.0,-45.0,-45.0,-10.5,-45.0,-45.0,-18.9,-45.0,-45.0,0.0,16.9,41.10788,29.02508
-180.0,-180.0,-180.0,-180.0,-180.0,-180.0,-71.2,-180.0,-77.2,-45.0,-45.0,-45.0,-45.0,-45.0,-45.0,-11.0,-45.0,-13.9,0.0,11.0,41.10791,29.02721
-180.0,-180.0,-180.0,-180.0,-180.0,-77.1,-89.7,-180.0,-120.4,-45.0,-45.0,-45.0,-45.0,-45.0,-10.7,-21.4,-45.0,-34.3,0.0,14.3,41.10805,29.0289
-180.0,-180.0,-180.0,-180.0,-180.0,-76.7,-121.5,-180.0,-91.2,-45.0,-45.0,-45.0,-45.0,-45.0,-10.5,-34.1,-45.0,-18.4,0.0,18.5,41.10805,29.02895
-180.0,-180.0,-180.0,-180.0,-180.0,-180.0,-125.1,-118.9,-180.0,-45.0,-45.0,-45.0,-45.0,-45.0,-45.0,-18.6,-12.9,-45.0,0.0,2.5,41.09981,29.02227
-180.0,-180.0,-180.0,-180.0,-180.0,-180.0,-125.0,-119.6,-180.0,-45.0,-45.0,-45.0,-45.0,-45.0,-45.0,-17.6,-13.2,-45.0,0.0,0.6,41.10019,29.02172
-180.0,-180.0,-180.0,-180.0,-180.0,-180.0,-122.1,-119.2,-180.0,-45.0,-45.0,-45.0,-45.0,-45.0,-45.0,-16.5,-13.6,-45.0,0.0,-0.6,41.10036,29.02149
-180.0,-180.0,-120.2,-180.0,-180.0,-180.0,-120.9,-118.1,-180.0,-45.0,-45.0,-16.5,-45.0,-45.0,-45.0,-17.2,-15.1,-45.0,0.0,-5.8,41.10119,29.01936
-180.0,-180.0,-119.2,-180.0,-180.0,-180.0,-121.9,-119.3,-180.0,-45.0,-45.0,-15.8,-45.0,-45.0,-45.0,-17.3,-15.5,-45.0,0.0,-6.6,41.10121,29.01931
-180.0,-180.0,-127.0,-180.0,-180.0,-180.0,-120.6,-119.6,-180.0,-45.0,-45.0,-21.5,-45.0,-45.0,-45.0,-15.7,-14.8,-45.0,0.0,-5.1,41.10124,29.01916
-180.0,-180.0,-122.6,-180.0,-180.0,-180.0,-121.3,-119.6,-180.0,-45.0,-45.0,-18.4,-45.0,-45.0,-45.0,-17.1,-14.5,-45.0,0.0,-5.0,41.10124,29.01918
-180.0,-122.2,-180.0,-180.0,-180.0,-180.0,-126.6,-124.4,-180.0,-45.0,-15.1,-45.0,-45.0,-45.0,-45.0,-19.8,-17.1,-45.0,0.0,-7.7,41.10432,29.01648
-83.2,-76.2,-180.0,-180.0,-180.0,-180.0,-180.0,-180.0,-180.0,-18.6,-10.9,-45.0,-45.0,-45.0,-45.0,-45.0,-45.0,-45.0,0.0,19.4,41.10436,29.02016
-180.0,-126.2,-180.0,-180.0,-180.0,-180.0,-180.0,-124.9,-180.0,-45.0,-17.6,-45.0,-45.0,-45.0,-45.0,-45.0,-16.2,-45.0,0.0,-7.4,41.10444,29.01636
-93.8,-78.2,-180.0,-180.0,-180.0,-180.0,-180.0,-180.0,-180.0,-19.6,-10.5,-45.0,-45.0,-45.0,-45.0,-45.0,-45.0,-45.0,0.0,21.2,41.10459,29.01994
-180.0,-124.0,-180.0,-180.0,-180.0,-180.0,-180.0,-125.8,-180.0,-45.0,-15.6,-45.0,-45.0,-45.0,-45.0,-45.0,-16.9,-45.0,0.0,-7.0,41.1046,29.0162
-82.6,-92.1,-180.0,-180.0,-180.0,-180.0,-180.0,-92.0,-180.0,-11.2,-19.8,-45.0,-45.0,-45.0,-45.0,-45.0,-18.3,-45.0,0.0,9.8,41.1047,29.02296
-88.1,-93.1,-180.0,-180.0,-180.0,-180.0,-180.0,-89.2,-180.0,-13.6,-17.6,-45.0,-45.0,-45.0,-45.0,-45.0,-14.6,-45.0,0.0,-0.6,41.10474,29.02322
-180.0,-123.5,-180.0,-180.0,-180.0,-180.0,-180.0,-121.2,-180.0,-45.0,-15.7,-45.0,-45.0,-45.0,-45.0,-45.0,-14.4,-45.0,0.0,-4.5,41.1049,29.01594
-180.0,-127.5,-180.0,-180.0,-125.0,-180.0,-180.0,-122.0,-180.0,-45.0,-20.1,-45.0,-45.0,-18.6,-45.0,-45.0,-15.2,-45.0,0.0,-4.1,41.105,29.01584
-180.0,-180.0,-180.0,-180.0,-180.0,-180.0,-180.0,-75.2,-180.0,-45.0,-45.0,-45.0,-45.0,-45.0,-45.0,-45.0,-10.4,-45.0,0.0,22.6,41.105,29.02497
-180.0,-180.0,-180.0,-180.0,-180.0,-180.0,-180.0,-80.3,-80.3,-45.0,-45.0,-45.0,-45.0,-45.0,-45.0,-45.0,-12.1,-12.2,0.0,2.3,41.10552,29.02773
-180.0,-180.0,-180.0,-180.0,-180.0,-180.0,-180.0,-75.9,-84.6,-45.0,-45.0,-45.0,-45.0,-45.0,-45.0,-45.0,-10.5,-18.3,0.0,19.2,41.10554,29.02659
-88.6,-180.0,-86.9,-180.0,-108.3,-180.0,-180.0,-180.0,-180.0,-14.7,-45.0,-13.9,-45.0,-25.7,-45.0,-45.0,-45.0,-45.0,0.0,2.7,41.1056,29.02278
-180.0,-180.0,-180.0,-180.0,-180.0,-180.0,-180.0,-91.6,-96.1,-45.0,-45.0,-45.0,-45.0,-45.0,-45.0,-45.0,-11.4,-15.0,0.0,8.1,41.10578,29.02656
-180.0,-180.0,-180.0,-180.0,-121.9,-180.0,-180.0,-121.9,-122.0,-45.0,-45.0,-45.0,-45.0,-16.0,-45.0,-45.0,-15.6,-16.0,0.0,-4.0,41.10596,29.0154
-114.2,-180.0,-88.9,-180.0,-85.1,-180.0,-180.0,-180.0,-180.0,-26.6,-45.0,-15.3,-45.0,-12.2,-45.0,-45.0,-45.0,-45.0,0.0,1.8,41.10597,29.02271
-180.0,-180.0,-180.0,-180.0,-180.0,-180.0,-107.5,-96.7,-93.9,-45.0,-45.0,-45.0,-45.0,-45.0,-45.0,-20.8,-14.1,-12.4,0.0,0.8,41.10603,29.02648
-180.0,-180.0,-180.0,-129.8,-120.7,-180.0,-180.0,-118.6,-115.1,-45.0,-45.0,-45.0,-24.2,-17.1,-45.0,-45.0,-16.0,-14.2,0.0,-3.8,41.10634,29.01572
-180.0,-180.0,-180.0,-180.0,-180.0,-180.0,-99.5,-103.5,-101.8,-45.0,-45.0,-45.0,-45.0,-45.0,-45.0,-13.2,-16.7,-15.0,0.0,3.6,41.10638,29.02646
-180.0,-180.0,-180.0,-180.0,-180.0,-180.0,-97.8,-105.5,-101.8,-45.0,-45.0,-45.0,-45.0,-45.0,-45.0,-11.9,-18.1,-15.5,0.0,4.9,41.10642,29.02648
-180.0,-180.0,-95.9,-180.0,-79.0,-180.0,-180.0,-180.0,-180.0,-45.0,-45.0,-23.1,-45.0,-10.7,-45.0,-45.0,-45.0,-45.0,0.0,22.7,41.10644,29.0216
-180.0,-180.0,-180.0,-180.0,-180.0,-180.0,-98.0,-107.2,-102.7,-45.0,-45.0,-45.0,-45.0,-45.0,-45.0,-11.6,-19.2,-15.5,0.0,5.6,41.10656,29.02644
-180.0,-180.0,-180.0,-180.0,-116.5,-180.0,-180.0,-118.1,-111.2,-45.0,-45.0,-45.0,-45.0,-17.2,-45.0,-45.0,-18.1,-13.3,0.0,-0.1,41.10742,29.01897
-180.0,-114.5,-113.8,-180.0,-116.7,-180.0,-180.0,-180.0,-118.5,-45.0,-15.2,-14.3,-45.0,-17.0,-45.0,-45.0,-45.0,-18.2,0.0,-6.4,41.10757,29.0193
-180.0,-180.0,-180.0,-87.5,-87.1,-180.0,-180.0,-180.0,-180.0,-45.0,-45.0,-45.0,-12.5,-12.7,-45.0,-45.0,-45.0,-45.0,0.0,5.4,41.10763,29.02207
-180.0,-180.0,-180.0,-119.3,-116.9,-180.0,-180.0,-180.0,-180.0,-45.0,-45.0,-45.0,-16.3,-13.9,-45.0,-45.0,-45.0,-45.0,0.0,1.6,41.10774,29.01989
-180.0,-180.0,-180.0,-83.2,-84.7,-180.0,-180.0,-180.0,-180.0,-45.0,-45.0,-45.0,-11.2,-12.6,-45.0,-45.0,-45.0,-45.0,0.0,6.0,41.10776,29.02258
-180.0,-180.0,-180.0,-94.5,-180.0,-98.4,-90.3,-180.0,-94.8,-45.0,-45.0,-45.0,-16.2,-45.0,-18.0,-12.5,-45.0,-15.2,0.0,3.1,41.1078,29.02574
-180.0,-180.0,-180.0,-93.0,-180.0,-180.0,-90.5,-180.0,-92.3,-45.0,-45.0,-45.0,-15.1,-45.0,-45.0,-12.6,-45.0,-14.5,0.0,-2.4,41.1078,29.02616
-180.0,-180.0,-180.0,-88.1,-180.0,-180.0,-90.4,-180.0,-90.1,-45.0,-45.0,-45.0,-13.7,-45.0,-45.0,-14.8,-45.0,-12.2,0.0,-1.0,41.10782,29.02598
-180.0,-180.0,-180.0,-94.7,-180.0,-180.0,-88.5,-180.0,-92.9,-45.0,-45.0,-45.0,-17.6,-45.0,-45.0,-11.6,-45.0,-15.7,0.0,9.1,41.10782,29.02623
-180.0,-180.0,-180.0,-110.2,-108.7,-180.0,-180.0,-180.0,-180.0,-45.0,-45.0,-45.0,-14.8,-12.8,-45.0,-45.0,-45.0,-45.0,0.0,4.6,41.10783,29.02035
-180.0,-180.0,-180.0,-94.0,-180.0,-180.0,-88.5,-180.0,-91.2,-45.0,-45.0,-45.0,-16.2,-45.0,-45.0,-12.4,-45.0,-14.4,0.0,-6.2,41.10783,29.02611
-180.0,-180.0,-180.0,-180.0,-180.0,-79.1,-180.0,-180.0,-91.5,-45.0,-45.0,-45.0,-45.0,-45.0,-10.6,-45.0,-45.0,-19.3,0.0,22.7,41.10783,29.02911
-180.0,-180.0,-180.0,-111.1,-106.9,-180.0,-180.0,-180.0,-180.0,-45.0,-45.0,-45.0,-16.0,-12.5,-45.0,-45.0,-45.0,-45.0,0.0,3.0,41.10785,29.02052
-180.0,-180.0,-180.0,-93.2,-180.0,-180.0,-90.9,-180.0,-90.9,-45.0,-45.0,-45.0,-15.9,-45.0,-45.0,-14.3,-45.0,-13.3,0.0,-0.9,41.10787,29.02621
-180.0,-180.0,-180.0,-91.9,-180.0,-114.3,-84.1,-180.0,-180.0,-45.0,-45.0,-45.0,-18.7,-45.0,-29.5,-10.7,-45.0,-45.0,0.0,11.4,41.10791,29.02671
-180.0,-180.0,-180.0,-88.3,-87.2,-180.0,-180.0,-180.0,-180.0,-45.0,-45.0,-45.0,-11.9,-12.2,-45.0,-45.0,-45.0,-45.0,0.0,0.9,41.10794,29.02227
-180.0,-180.0,-180.0,-88.8,-90.3,-180.0,-180.0,-180.0,-180.0,-45.0,-45.0,-45.0,-12.3,-12.6,-45.0,-45.0,-45.0,-45.0,0.0,4.7,41.10797,29.02218
-180.0,-180.0,-180.0,-98.3,-96.5,-180.0,-180.0,-180.0,-180.0,-45.0,-45.0,-45.0,-12.2,-12.9,-45.0,-45.0,-45.0,-45.0,0.0,0.9,41.108,29.02133
-180.0,-180.0,-180.0,-180.0,-180.0,-72.7,-180.0,-180.0,-81.4,-45.0,-45.0,-45.0,-45.0,-45.0,-11.5,-45.0,-45.0,-16.4,0.0,7.3,41.10803,29.02833
-180.0,-180.0,-180.0,-180.0,-180.0,-77.5,-84.1,-180.0,-92.5,-45.0,-45.0,-45.0,-45.0,-45.0,-11.1,-17.6,-45.0,-23.7,0.0,8.9,41.10807,29.02854
-180.0,-180.0,-180.0,-180.0,-180.0,-180.0,-120.2,-115.9,-180.0,-45.0,-45.0,-45.0,-45.0,-45.0,-45.0,-16.4,-13.3,-45.0,0.0,1.6,41.10083,29.02067
-180.0,-180.0,-120.9,-180.0,-180.0,-180.0,-118.1,-114.7,-180.0,-45.0,-45.0,-17.7,-45.0,-45.0,-45.0,-16.8,-13.5,-45.0,0.0,-0.1,41.10104,29.02001
-180.0,-180.0,-122.1,-180.0,-180.0,-180.0,-122.3,-118.9,-180.0,-45.0,-45.0,-17.8,-45.0,-45.0,-45.0,-18.0,-15.1,-45.0,0.0,-5.1,41.10123,29.01921
-180.0,-180.0,-180.0,-180.0,-180.0,-180.0,-120.0,-119.0,-180.0,-45.0,-45.0,-45.0,-45.0,-45.0,-45.0,-15.4,-14.2,-45.0,0.0,-3.3,41.10126,29.01909
-180.0,-121.4,-180.0,-180.0,-180.0,-180.0,-122.6,-123.4,-180.0,-45.0,-16.7,-45.0,-45.0,-45.0,-45.0,-17.2,-17.1,-45.0,0.0,-7.2,41.10181,29.01825
-180.0,-125.0,-180.0,-180.0,-124.1,-180.0,-180.0,-124.5,-180.0,-45.0,-18.2,-45.0,-45.0,-17.5,-45.0,-45.0,-17.3,-45.0,0.0,-8.9,41.10233,29.01786
-121.1,-116.1,-180.0,-180.0,-180.0,-180.0,-180.0,-119.5,-180.0,-17.6,-13.5,-45.0,-45.0,-45.0,-45.0,-45.0,-16.8,-45.0,0.0,-4.4,41.10388,29.01683
-122.0,-116.5,-180.0,-180.0,-180.0,-180.0,-138.5,-122.3,-180.0,-18.8,-14.3,-45.0,-45.0,-45.0,-45.0,-30.1,-18.1,-45.0,0.0,-7.6,41.1041,29.01667
-123.6,-120.8,-180.0,-180.0,-180.0,-180.0,-125.3,-124.3,-180.0,-18.1,-14.5,-45.0,-45.0,-45.0,-45.0,-19.0,-17.5,-45.0,0.0,-8.6,41.10422,29.01658
-180.0,-127.2,-180.0,-180.0,-128.8,-180.0,-180.0,-123.1,-180.0,-45.0,-18.4,-45.0,-45.0,-20.3,-45.0,-45.0,-14.8,-45.0,0.0,-4.8,41.10456,29.01624
-180.0,-129.6,-180.0,-180.0,-129.2,-180.0,-180.0,-125.6,-180.0,-45.0,-20.1,-45.0,-45.0,-19.8,-45.0,-45.0,-16.4,-45.0,0.0,-7.1,41.10462,29.01619
-180.0,-126.9,-180.0,-180.0,-180.0,-180.0,-180.0,-126.3,-180.0,-45.0,-17.7,-45.0,-45.0,-45.0,-45.0,-45.0,-16.9,-45.0,0.0,-7.3,41.10464,29.01618
-180.0,-180.0,-180.0,-180.0,-125.6,-180.0,-180.0,-123.3,-122.4,-45.0,-45.0,-45.0,-45.0,-17.9,-45.0,-45.0,-16.8,-15.5,0.0,-7.1,41.10556,29.01537
-180.0,-180.0,-180.0,-180.0,-180.0,-180.0,-180.0,-81.7,-84.5,-45.0,-45.0,-45.0,-45.0,-45.0,-45.0,-45.0,-10.7,-17.8,0.0,16.2,41.10566,29.02657
-180.0,-180.0,-180.0,-180.0,-125.8,-180.0,-180.0,-124.4,-125.1,-45.0,-45.0,-45.0,-45.0,-18.6,-45.0,-45.0,-17.4,-18.0,0.0,-8.2,41.10568,29.01534
-180.0,-180.0,-180.0,-129.3,-124.5,-180.0,-180.0,-124.7,-121.2,-45.0,-45.0,-45.0,-22.3,-17.8,-45.0,-45.0,-18.4,-15.2,0.0,-10.1,41.10583,29.01534
-180.0,-180.0,-180.0,-125.6,-122.6,-180.0,-180.0,-122.9,-121.5,-45.0,-45.0,-45.0,-20.2,-16.6,-45.0,-45.0,-17.4,-15.6,0.0,-8.5,41.10585,29.01535
-180.0,-180.0,-180.0,-180.0,-180.0,-180.0,-180.0,-91.5,-96.9,-45.0,-45.0,-45.0,-45.0,-45.0,-45.0,-45.0,-11.1,-15.8,0.0,6.8,41.10589,29.02653
-180.0,-180.0,-180.0,-180.0,-180.0,-180.0,-101.8,-101.4,-97.5,-45.0,-45.0,-45.0,-45.0,-45.0,-45.0,-15.3,-15.2,-13.0,0.0,-4.0,41.10625,29.02645
-180.0,-180.0,-180.0,-180.0,-127.9,-180.0,-180.0,-115.1,-118.5,-45.0,-45.0,-45.0,-45.0,-23.8,-45.0,-45.0,-13.6,-16.9,0.0,3.1,41.10629,29.01565
-180.0,-180.0,-180.0,-180.0,-180.0,-180.0,-91.4,-180.0,-98.2,-45.0,-45.0,-45.0,-45.0,-45.0,-45.0,-10.9,-45.0,-16.9,0.0,10.2,41.1067,29.02642
-180.0,-180.0,-180.0,-180.0,-68.3,-180.0,-180.0,-180.0,-180.0,-45.0,-45.0,-45.0,-45.0,-10.3,-45.0,-45.0,-45.0,-45.0,0.0,33.0,41.10693,29.0215
-180.0,-180.0,-180.0,-180.0,-180.0,-85.0,-180.0,-180.0,-87.9,-45.0,-45.0,-45.0,-45.0,-45.0,-11.7,-45.0,-45.0,-13.8,0.0,0.6,41.10751,29.02915
-180.0,-180.0,-180.0,-87.2,-87.8,-180.0,-180.0,-180.0,-180.0,-45.0,-45.0,-45.0,-12.2,-12.3,-45.0,-45.0,-45.0,-45.0,0.0,3.3,41.10765,29.0221
-180.0,-180.0,-180.0,-97.8,-180.0,-180.0,-92.3,-180.0,-94.3,-45.0,-45.0,-45.0,-17.6,-45.0,-45.0,-12.5,-45.0,-13.7,0.0,4.6,41.10772,29.02619
-180.0,-180.0,-180.0,-92.6,-180.0,-180.0,-91.8,-180.0,-92.9,-45.0,-45.0,-45.0,-15.5,-45.0,-45.0,-12.8,-45.0,-14.1,0.0,-6.6,41.10784,29.02608
-180.0,-180.0,-180.0,-106.6,-105.9,-180.0,-180.0,-180.0,-180.0,-45.0,-45.0,-45.0,-13.9,-12.9,-45.0,-45.0,-45.0,-45.0,0.0,1.5,41.10786,29.02063
-180.0,-180.0,-180.0,-85.7,-86.6,-180.0,-180.0,-180.0,-180.0,-45.0,-45.0,-45.0,-12.0,-13.2,-45.0,-45.0,-45.0,-45.0,0.0,3.1,41.1079,29.02234
-180.0,-180.0,-180.0,-180.0,-180.0,-83.9,-97.5,-180.0,-92.2,-45.0,-45.0,-45.0,-45.0,-45.0,-11.1,-22.6,-45.0,-20.1,0.0,13.1,41.1079,29.02911
-180.0,-180.0,-180.0,-85.6,-87.0,-180.0,-180.0,-180.0,-180.0,-45.0,-45.0,-45.0,-11.1,-12.9,-45.0,-45.0,-45.0,-45.0,0.0,5.4,41.10791,29.02232
-180.0,-180.0,-180.0,-180.0,-180.0,-76.5,-180.0,-180.0,-97.5,-45.0,-45.0,-45.0,-45.0,-45.0,-10.4,-45.0,-45.0,-22.1,0.0,17.8,41.10803,29.029
-180.0,-180.0,-180.0,-180.0,-180.0,-180.0,-119.2,-115.8,-180.0,-45.0,-45.0,-45.0,-45.0,-45.0,-45.0,-15.9,-12.8,-45.0,0.0,1.1,41.10063,29.0211
-180.0,-180.0,-180.0,-180.0,-180.0,-180.0,-115.9,-115.9,-180.0,-45.0,-45.0,-45.0,-45.0,-45.0,-45.0,-13.9,-14.3,-45.0,0.0,-0.3,41.10099,29.02022
-180.0,-180.0,-121.7,-180.0,-180.0,-180.0,-118.8,-115.4,-180.0,-45.0,-45.0,-19.3,-45.0,-45.0,-45.0,-16.6,-13.9,-45.0,0.0,0.3,41.10108,29.01986
-180.0,-180.0,-118.7,-180.0,-180.0,-180.0,-118.2,-116.4,-180.0,-45.0,-45.0,-17.1,-45.0,-45.0,-45.0,-15.9,-14.5,-45.0,0.0,-3.1,41.10115,29.01951
-180.0,-180.0,-120.7,-180.0,-180.0,-180.0,-119.1,-118.5,-180.0,-45.0,-45.0,-18.1,-45.0,-45.0,-45.0,-16.3,-15.6,-45.0,0.0,-3.4,41.10118,29.01944
-180.0,-180.0,-121.0,-180.0,-180.0,-180.0,-180.0,-118.5,-180.0,-45.0,-45.0,-17.1,-45.0,-45.0,-45.0,-45.0,-15.3,-45.0,0.0,-5.5,41.10122,29.01926
-180.0,-180.0,-127.1,-180.0,-180.0,-180.0,-122.5,-119.2,-180.0,-45.0,-45.0,-21.2,-45.0,-45.0,-45.0,-17.0,-14.5,-45.0,0.0,-1.8,41.10127,29.01905
-180.0,-129.5,-130.4,-180.0,-180.0,-180.0,-125.2,-124.8,-180.0,-45.0,-21.8,-22.6,-45.0,-45.0,-45.0,-17.9,-17.1,-45.0,0.0,-7.1,41.10166,29.01841
-180.0,-125.5,-180.0,-180.0,-125.4,-180.0,-126.1,-123.8,-180.0,-45.0,-18.8,-45.0,-45.0,-18.7,-45.0,-19.5,-17.4,-45.0,0.0,-10.9,41.10227,29.0179
-120.8,-110.9,-180.0,-180.0,-180.0,-180.0,-180.0,-114.3,-180.0,-21.3,-12.5,-45.0,-45.0,-45.0,-45.0,-45.0,-15.0,-45.0,0.0,4.6,41.10361,29.01704
-122.4,-114.8,-180.0,-180.0,-180.0,-180.0,-180.0,-120.6,-180.0,-20.9,-13.2,-45.0,-45.0,-45.0,-45.0,-45.0,-17.9,-45.0,0.0,-7.4,41.10399,29.01673
-180.0,-122.4,-180.0,-180.0,-137.2,-180.0,-180.0,-123.1,-180.0,-45.0,-15.3,-45.0,-45.0,-28.2,-45.0,-45.0,-16.6,-45.0,0.0,-8.4,41.10427,29.01652
-124.7,-123.0,-180.0,-180.0,-180.0,-180.0,-180.0,-124.5,-180.0,-17.8,-16.1,-45.0,-45.0,-45.0,-45.0,-45.0,-16.4,-45.0,0.0,-7.8,41.10437,29.01644
-92.2,-92.2,-180.0,-180.0,-180.0,-180.0,-180.0,-91.6,-180.0,-15.1,-14.6,-45.0,-45.0,-45.0,-45.0,-45.0,-13.2,-45.0,0.0,-0.9,41.10474,29.02343
-180.0,-123.4,-180.0,-180.0,-180.0,-180.0,-180.0,-126.3,-180.0,-45.0,-15.2,-45.0,-45.0,-45.0,-45.0,-45.0,-18.2,-45.0,0.0,-11.2,41.10478,29.01606
-180.0,-127.6,-180.0,-180.0,-126.5,-180.0,-180.0,-125.2,-180.0,-45.0,-19.0,-45.0,-45.0,-18.4,-45.0,-45.0,-16.6,-45.0,0.0,-7.5,41.10484,29.01599
-76.7,-92.1,-117.9,-180.0,-180.0,-180.0,-180.0,-111.9,-180.0,-10.7,-23.8,-30.2,-45.0,-45.0,-45.0,-45.0,-29.4,-45.0,0.0,23.7,41.10497,29.02293
-180.0,-180.0,-180.0,-180.0,-124.9,-180.0,-180.0,-125.1,-125.0,-45.0,-45.0,-45.0,-45.0,-17.6,-45.0,-45.0,-17.8,-17.3,0.0,-7.6,41.10562,29.01536
-180.0,-180.0,-180.0,-123.2,-125.5,-180.0,-180.0,-123.0,-122.1,-45.0,-45.0,-45.0,-17.3,-20.0,-45.0,-45.0,-16.1,-16.3,0.0,-1.6,41.10602,29.01543
-180.0,-180.0,-180.0,-180.0,-121.2,-180.0,-180.0,-120.5,-120.7,-45.0,-45.0,-45.0,-45.0,-16.3,-45.0,-45.0,-15.1,-15.5,0.0,-5.3,41.10615,29.01551
-180.0,-180.0,-88.0,-180.0,-82.7,-180.0,-180.0,-180.0,-180.0,-45.0,-45.0,-15.2,-45.0,-11.4,-45.0,-45.0,-45.0,-45.0,0.0,6.0,41.10619,29.02264
-180.0,-180.0,-180.0,-180.0,-180.0,-180.0,-180.0,-113.7,-119.5,-45.0,-45.0,-45.0,-45.0,-45.0,-45.0,-45.0,-12.4,-15.5,0.0,-0.1,41.10628,29.01563
-180.0,-180.0,-180.0,-180.0,-180.0,-180.0,-180.0,-180.0,-80.6,-45.0,-45.0,-45.0,-45.0,-45.0,-45.0,-45.0,-45.0,-10.5,0.0,19.8,41.10631,29.02793
-180.0,-180.0,-180.0,-180.0,-180.0,-83.8,-81.5,-180.0,-73.9,-45.0,-45.0,-45.0,-45.0,-45.0,-19.0,-12.9,-45.0,-10.6,0.0,11.4,41.10674,29.02845
-180.0,-180.0,-120.1,-117.4,-115.8,-180.0,-180.0,-180.0,-113.7,-45.0,-45.0,-17.7,-18.1,-16.8,-45.0,-45.0,-45.0,-14.8,0.0,0.0,41.10744,29.01899
-180.0,-180.0,-180.0,-104.4,-180.0,-180.0,-98.6,-180.0,-98.1,-45.0,-45.0,-45.0,-19.7,-45.0,-45.0,-13.3,-45.0,-13.0,0.0,3.2,41.1076,29.02622
-180.0,-180.0,-180.0,-180.0,-180.0,-180.0,-70.2,-180.0,-71.4,-45.0,-45.0,-45.0,-45.0,-45.0,-45.0,-11.8,-45.0,-14.1,0.0,0.6,41.10779,29.02737
-180.0,-180.0,-180.0,-180.0,-180.0,-81.2,-180.0,-180.0,-93.4,-45.0,-45.0,-45.0,-45.0,-45.0,-10.7,-45.0,-45.0,-16.7,0.0,11.7,41.1078,29.02911
-180.0,-180.0,-180.0,-83.6,-84.6,-180.0,-180.0,-180.0,-180.0,-45.0,-45.0,-45.0,-11.8,-12.9,-45.0,-45.0,-45.0,-45.0,0.0,1.5,41.10784,29.02245
-180.0,-180.0,-180.0,-94.6,-180.0,-180.0,-91.8,-180.0,-92.1,-45.0,-45.0,-45.0,-14.2,-45.0,-45.0,-13.8,-45.0,-14.0,0.0,-0.3,41.10785,29.02583
-180.0,-180.0,-180.0,-92.3,-180.0,-180.0,-87.8,-180.0,-94.6,-45.0,-45.0,-45.0,-17.3,-45.0,-45.0,-11.7,-45.0,-17.8,0.0,6.8,41.10788,29.02632
-180.0,-180.0,-180.0,-87.5,-91.0,-180.0,-180.0,-180.0,-180.0,-45.0,-45.0,-45.0,-12.5,-13.8,-45.0,-45.0,-45.0,-45.0,0.0,4.6,41.10796,29.02222
-180.0,-180.0,-180.0,-90.8,-88.1,-180.0,-180.0,-180.0,-180.0,-45.0,-45.0,-45.0,-12.4,-11.9,-45.0,-45.0,-45.0,-45.0,0.0,-0.2,41.10801,29.02187
-180.0,-180.0,-180.0,-180.0,-180.0,-180.0,-180.0,-180.0,-180.0,-45.0,-45.0,-45.0,-45.0,-45.0,-45.0,-45.0,-45.0,-45.0,10.0,-20.0,41.09957,29.03005
-180.0,-180.0,-180.0,-180.0,-180.0,-180.0,-125.1,-119.5,-180.0,-45.0,-45.0,-45.0,-45.0,-45.0,-45.0,-17.7,-12.7,-45.0,0.0,1.3,41.09996,29.02204
-180.0,-180.0,-180.0,-180.0,-180.0,-180.0,-123.3,-120.9,-180.0,-45.0,-45.0,-45.0,-45.0,-45.0,-45.0,-16.2,-13.7,-45.0,0.0,-1.7,41.10025,29.02164
-180.0,-180.0,-180.0,-180.0,-180.0,-180.0,-120.7,-118.5,-180.0,-45.0,-45.0,-45.0,-45.0,-45.0,-45.0,-15.4,-13.4,-45.0,0.0,2.1,41.10049,29.02135
-180.0,-180.0,-180.0,-180.0,-180.0,-180.0,-117.2,-116.5,-180.0,-45.0,-45.0,-45.0,-45.0,-45.0,-45.0,-14.0,-14.1,-45.0,0.0,-0.2,41.10063,29.02113
-180.0,-180.0,-180.0,-180.0,-180.0,-180.0,-118.1,-115.9,-180.0,-45.0,-45.0,-45.0,-45.0,-45.0,-45.0,-14.5,-13.0,-45.0,0.0,1.4,41.10066,29.02105
-180.0,-180.0,-118.7,-180.0,-180.0,-180.0,-118.0,-116.2,-180.0,-45.0,-45.0,-17.2,-45.0,-45.0,-45.0,-16.5,-14.7,-45.0,0.0,-1.9,41.10115,29.01957
-180.0,-180.0,-126.7,-180.0,-126.9,-180.0,-124.3,-119.4,-180.0,-45.0,-45.0,-20.7,-45.0,-20.7,-45.0,-18.6,-14.0,-45.0,0.0,-2.7,41.10129,29.01897
-180.0,-180.0,-133.7,-180.0,-121.9,-180.0,-121.5,-121.1,-180.0,-45.0,-45.0,-26.1,-45.0,-15.8,-45.0,-15.5,-14.9,-45.0,0.0,-4.3,41.10134,29.01889
-180.0,-112.7,-180.0,-180.0,-180.0,-180.0,-180.0,-116.9,-180.0,-45.0,-12.6,-45.0,-45.0,-45.0,-45.0,-45.0,-16.0,-45.0,0.0,2.9,41.10292,29.01753
-180.0,-126.5,-180.0,-180.0,-180.0,-180.0,-180.0,-118.9,-180.0,-45.0,-19.8,-45.0,-45.0,-45.0,-45.0,-45.0,-14.1,-45.0,0.0,-2.8,41.10513,29.01572
-180.0,-180.0,-180.0,-180.0,-180.0,-180.0,-180.0,-65.9,-96.6,-45.0,-45.0,-45.0,-45.0,-45.0,-45.0,-45.0,-10.4,-23.1,0.0,23.7,41.10534,29.02753
-180.0,-180.0,-180.0,-180.0,-180.0,-180.0,-180.0,-89.3,-95.8,-45.0,-45.0,-45.0,-45.0,-45.0,-45.0,-45.0,-10.8,-18.4,0.0,13.1,41.10572,29.02657
-180.0,-180.0,-180.0,-180.0,-122.6,-180.0,-180.0,-126.1,-123.8,-45.0,-45.0,-45.0,-45.0,-16.4,-45.0,-45.0,-19.0,-17.3,0.0,-8.7,41.10574,29.01534
-180.0,-180.0,-180.0,-180.0,-180.0,-180.0,-101.0,-103.9,-99.1,-45.0,-45.0,-45.0,-45.0,-45.0,-45.0,-14.9,-17.2,-12.3,0.0,0.2,41.10629,29.02644
-180.0,-180.0,-180.0,-119.9,-116.6,-180.0,-180.0,-117.4,-119.8,-45.0,-45.0,-45.0,-18.6,-14.6,-45.0,-45.0,-16.0,-18.1,0.0,-3.6,41.10674,29.01626
-180.0,-180.0,-121.9,-120.0,-119.8,-180.0,-180.0,-118.5,-119.0,-45.0,-45.0,-18.6,-17.7,-17.4,-45.0,-45.0,-16.6,-16.4,0.0,-7.1,41.10718,29.01744
-180.0,-180.0,-180.0,-85.6,-180.0,-180.0,-94.6,-180.0,-180.0,-45.0,-45.0,-45.0,-10.7,-45.0,-45.0,-18.2,-45.0,-45.0,0.0,15.4,41.10785,29.02497
-180.0,-180.0,-180.0,-93.6,-87.6,-180.0,-180.0,-180.0,-180.0,-45.0,-45.0,-45.0,-14.5,-11.1,-45.0,-45.0,-45.0,-45.0,4.0,-2.0,41.10801,29.02181
-180.0,-180.0,-117.8,-180.0,-180.0,-180.0,-117.4,-115.4,-180.0,-45.0,-45.0,-16.6,-45.0,-45.0,-45.0,-16.2,-14.7,-45.0,0.0,-0.5,41.1011,29.01975
-180.0,-122.9,-122.4,-180.0,-124.1,-180.0,-133.5,-122.7,-180.0,-45.0,-18.0,-18.0,-45.0,-19.1,-45.0,-26.9,-18.2,-45.0,0.0,-6.1,41.10199,29.01811
-114.6,-109.9,-180.0,-180.0,-180.0,-180.0,-180.0,-115.8,-180.0,-17.3,-12.0,-45.0,-45.0,-45.0,-45.0,-45.0,-16.0,-45.0,0.0,4.7,41.10358,29.01705
-74.3,-96.8,-180.0,-180.0,-180.0,-180.0,-180.0,-89.6,-180.0,-10.9,-25.7,-45.0,-45.0,-45.0,-45.0,-45.0,-22.6,-45.0,0.0,17.8,41.10463,29.02241
-82.0,-180.0,-153.6,-180.0,-180.0,-180.0,-180.0,-91.9,-180.0,-11.9,-45.0,-42.1,-45.0,-45.0,-45.0,-45.0,-18.6,-45.0,0.0,8.0,41.10472,29.02314
-95.8,-180.0,-180.0,-180.0,-180.0,-180.0,-180.0,-85.2,-180.0,-17.2,-45.0,-45.0,-45.0,-45.0,-45.0,-45.0,-10.6,-45.0,0.0,13.2,41.10491,29.02439
-90.0,-180.0,-79.1,-180.0,-92.5,-180.0,-180.0,-180.0,-180.0,-15.4,-45.0,-11.4,-45.0,-20.1,-45.0,-45.0,-45.0,-45.0,5.0,1.0,41.10566,29.02276
-180.0,-180.0,-180.0,-180.0,-180.0,-180.0,-101.3,-104.2,-99.9,-45.0,-45.0,-45.0,-45.0,-45.0,-45.0,-14.7,-16.7,-13.7,0.0,-1.6,41.10627,29.02645
-180.0,-180.0,-180.0,-180.0,-180.0,-180.0,-97.9,-180.0,-102.0,-45.0,-45.0,-45.0,-45.0,-45.0,-45.0,-11.7,-45.0,-16.7,0.0,7.7,41.10721,29.0263
-180.0,-180.0,-180.0,-180.0,-123.5,-180.0,-180.0,-119.6,-121.5,-45.0,-45.0,-45.0,-45.0,-18.5,-45.0,-45.0,-15.0,-17.3,0.0,-5.0,41.10724,29.01779
-180.0,-180.0,-180.0,-87.1,-88.6,-180.0,-180.0,-180.0,-180.0,-45.0,-45.0,-45.0,-12.1,-13.2,-45.0,-45.0,-45.0,-45.0,0.0,3.6,41.10749,29.02292
-180.0,-180.0,-180.0,-82.8,-85.4,-180.0,-180.0,-180.0,-180.0,-45.0,-45.0,-45.0,-11.3,-13.3,-45.0,-45.0,-45.0,-45.0,0.0,2.7,41.10778,29.02254
-180.0,-180.0,-118.9,-180.0,-180.0,-180.0,-119.7,-118.2,-180.0,-45.0,-45.0,-16.3,-45.0,-45.0,-45.0,-16.7,-15.6,-45.0,0.0,-4.7,41.10119,29.0194
-180.0,-180.0,-128.2,-180.0,-180.0,-180.0,-120.7,-121.0,-180.0,-45.0,-45.0,-21.7,-45.0,-45.0,-45.0,-15.8,-15.8,-45.0,0.0,-4.0,41.10126,29.01913
-180.0,-123.8,-127.0,-180.0,-180.0,-180.0,-180.0,-121.6,-180.0,-45.0,-18.1,-21.1,-45.0,-45.0,-45.0,-45.0,-16.7,-45.0,0.0,-6.5,41.10207,29.01805
-86.8,-180.0,-88.9,-180.0,-97.3,-180.0,-180.0,-180.0,-180.0,-13.2,-45.0,-15.0,-45.0,-21.4,-45.0,-45.0,-45.0,-45.0,0.0,2.8,41.10553,29.02279
-180.0,-180.0,-180.0,-124.9,-123.4,-180.0,-180.0,-124.4,-125.4,-45.0,-45.0,-45.0,-18.2,-16.9,-45.0,-45.0,-18.4,-18.4,0.0,-10.6,41.10579,29.01534
-180.0,-180.0,-180.0,-116.5,-120.1,-180.0,-180.0,-116.8,-117.2,-45.0,-45.0,-45.0,-13.7,-17.6,-45.0,-45.0,-15.1,-14.8,0.0,-4.9,41.1064,29.0158
-180.0,-180.0,-180.0,-180.0,-71.0,-180.0,-180.0,-180.0,-180.0,-45.0,-45.0,-45.0,-45.0,-10.4,-45.0,-45.0,-45.0,-45.0,0.0,30.7,41.10714,29.02161
-180.0,-180.0,-180.0,-125.5,-125.7,-180.0,-180.0,-123.1,-123.1,-45.0,-45.0,-45.0,-18.2,-18.3,-45.0,-45.0,-15.1,-16.5,0.0,-10.9,41.10736,29.01874
-180.0,-180.0,-180.0,-84.8,-88.4,-180.0,-180.0,-180.0,-180.0,-45.0,-45.0,-45.0,-11.4,-14.0,-45.0,-45.0,-45.0,-45.0,0.0,-0.7,41.10767,29.02216
-180.0,-180.0,-180.0,-180.0,-180.0,-95.6,-84.5,-180.0,-94.4,-45.0,-45.0,-45.0,-45.0,-45.0,-19.6,-10.9,-45.0,-19.0,0.0,10.5,41.10786,29.02661
-180.0,-126.4,-180.0,-180.0,-180.0,-180.0,-180.0,-125.9,-180.0,-45.0,-17.4,-45.0,-45.0,-45.0,-45.0,-45.0,-16.4,-45.0,0.0,-6.3,41.10459,29.01621
-94.7,-180.0,-76.5,-180.0,-89.4,-180.0,-180.0,-180.0,-180.0,-20.6,-45.0,-10.8,-45.0,-21.3,-45.0,-45.0,-45.0,-45.0,0.0,7.1,41.10572,29.02274
-180.0,-180.0,-180.0,-123.1,-124.6,-180.0,-180.0,-118.6,-121.3,-45.0,-45.0,-45.0,-17.8,-17.9,-45.0,-45.0,-14.2,-16.1,0.0,-4.2,41.10626,29.01561
-180.0,-180.0,-180.0,-180.0,-120.7,-180.0,-180.0,-115.4,-115.5,-45.0,-45.0,-45.0,-45.0,-18.1,-45.0,-45.0,-14.4,-13.8,0.0,-5.6,41.1063,29.01567
-180.0,-180.0,-180.0,-180.0,-180.0,-180.0,-99.1,-101.2,-98.1,-45.0,-45.0,-45.0,-45.0,-45.0,-45.0,-14.5,-16.4,-13.1,0.0,0.5,41.10632,29.02644
-180.0,-180.0,-180.0,-180.0,-125.7,-180.0,-180.0,-114.7,-115.5,-45.0,-45.0,-45.0,-45.0,-21.1,-45.0,-45.0,-13.6,-14.6,0.0,-1.3,41.10633,29.0157
-180.0,-180.0,-122.0,-121.2,-121.9,-180.0,-180.0,-121.6,-119.3,-45.0,-45.0,-19.7,-18.0,-18.9,-45.0,-45.0,-18.6,-16.7,0.0,-8.2,41.10715,29.01735
-180.0,-180.0,-180.0,-95.5,-180.0,-96.7,-90.7,-180.0,-98.0,-45.0,-45.0,-45.0,-16.7,-45.0,-15.5,-11.2,-45.0,-18.2,0.0,9.1,41.10791,29.02658
-121.9,-120.0,-180.0,-180.0,-180.0,-180.0,-126.1,-125.0,-180.0,-17.8,-14.6,-45.0,-45.0,-45.0,-45.0,-19.6,-18.6,-45.0,0.0,-7.6,41.10416,29.01662
-180.0,-180.0,-180.0,-132.2,-180.0,-180.0,-180.0,-123.6,-122.1,-45.0,-45.0,-45.0,-24.4,-45.0,-45.0,-45.0,-16.5,-15.5,0.0,-7.8,41.1059,29.01536
-180.0,-180.0,-180.0,-61.6,-180.0,-180.0,-180.0,-180.0,-180.0,-45.0,-45.0,-45.0,-10.3,-45.0,-45.0,-45.0,-45.0,-45.0,0.0,37.4,41.10766,29.02362
-180.0,-180.0,-180.0,-95.5,-180.0,-100.4,-90.2,-180.0,-88.1,-45.0,-45.0,-45.0,-18.9,-45.0,-22.0,-13.5,-45.0,-12.2,0.0,3.8,41.10781,29.02611
-180.0,-180.0,-180.0,-92.9,-180.0,-101.0,-90.6,-180.0,-94.9,-45.0,-45.0,-45.0,-16.5,-45.0,-21.9,-12.7,-45.0,-15.9,0.0,-2.1,41.10783,29.02614
-180.0,-180.0,-180.0,-85.5,-89.5,-180.0,-180.0,-180.0,-180.0,-45.0,-45.0,-45.0,-11.2,-12.9,-45.0,-45.0,-45.0,-45.0,0.0,4.9,41.10792,29.0223
-85.7,-180.0,-98.3,-180.0,-180.0,-180.0,-180.0,-91.3,-180.0,-12.5,-45.0,-20.5,-45.0,-45.0,-45.0,-45.0,-17.3,-45.0,0.0,5.7,41.10472,29.02309
-180.0,-180.0,-180.0,-180.0,-180.0,-180.0,-99.1,-104.4,-100.5,-45.0,-45.0,-45.0,-45.0,-45.0,-45.0,-12.7,-19.2,-15.8,0.0,3.8,41.10635,29.02645
-180.0,-180.0,-180.0,-104.9,-106.1,-180.0,-180.0,-180.0,-180.0,-45.0,-45.0,-45.0,-13.0,-13.5,-45.0,-45.0,-45.0,-45.0,0.0,-0.8,41.10793,29.02095
-180.0,-127.5,-180.0,-180.0,-127.9,-180.0,-180.0,-123.2,-180.0,-45.0,-18.7,-45.0,-45.0,-19.3,-45.0,-45.0,-14.8,-45.0,0.0,-4.8,41.10455,29.01625
-180.0,-128.6,-117.9,-180.0,-117.3,-180.0,-180.0,-180.0,-116.1,-45.0,-25.1,-16.6,-45.0,-15.7,-45.0,-45.0,-45.0,-15.6,0.0,-9.6,41.10753,29.01918
-180.0,-180.0,-180.0,-56.1,-64.0,-180.0,-180.0,-180.0,-180.0,-45.0,-45.0,-45.0,-10.3,-19.2,-45.0,-45.0,-45.0,-45.0,0.0,-16.3,41.10765,29.0236
-180.0,-180.0,-180.0,-180.0,-180.0,-180.0,-180.0,-127.3,-180.0,-45.0,-45.0,-45.0,-45.0,-45.0,-45.0,-45.0,-14.7,-45.0,26.0,-20.0,41.09923,29.02385
-180.0,-180.0,-180.0,-69.4,-80.8,-180.0,-180.0,-180.0,-180.0,-45.0,-45.0,-45.0,-10.4,-19.6,-45.0,-45.0,-45.0,-45.0,0.0,-17.0,41.10762,29.02345
-180.0,-180.0,-180.0,-180.0,-180.0,-180.0,-180.0,-71.9,-82.8,-45.0,-45.0,-45.0,-45.0,-45.0,-45.0,-45.0,-10.7,-16.1,1.0,-5.7,41.10544,29.02766
-180.0,-180.0,-180.0,-123.1,-125.9,-180.0,-180.0,-120.7,-121.9,-45.0,-45.0,-45.0,-17.4,-20.2,-45.0,-45.0,-16.5,-16.5,35.0,-8.8,41.10727,29.01792
-116.9,-109.8,-180.0,-180.0,-180.0,-180.0,-180.0,-114.9,-180.0,-16.1,-12.1,-45.0,-45.0,-45.0,-45.0,-45.0,-15.5,-45.0,11.0,-3.3,41.10363,29.01702
-180.0,-180.0,-90.3,-180.0,-86.0,-180.0,-180.0,-180.0,-180.0,-45.0,-45.0,-15.2,-45.0,-12.5,-45.0,-45.0,-45.0,-45.0,4.0,-0.5,41.10612,29.02266
-180.0,-180.0,-180.0,-180.0,-180.0,-84.4,-180.0,-180.0,-92.1,-45.0,-45.0,-45.0,-45.0,-45.0,-11.1,-45.0,-45.0,-15.9,4.0,-1.0,41.10739,29.02911
-180.0,-180.0,-84.2,-180.0,-79.3,-180.0,-180.0,-180.0,-180.0,-45.0,-45.0,-13.8,-45.0,-10.9,-45.0,-45.0,-45.0,-45.0,4.0,5.6,41.10637,29.02161
-180.0,-133.7,-180.0,-180.0,-127.2,-180.0,-126.4,-124.7,-180.0,-45.0,-25.1,-45.0,-45.0,-19.5,-45.0,-18.9,-17.3,-45.0,36.0,-9.5,41.10173,29.01833
-180.0,-180.0,-180.0,-58.2,-72.0,-180.0,-180.0,-180.0,-180.0,-45.0,-45.0,-45.0,-10.4,-19.9,-45.0,-45.0,-45.0,-45.0,0.0,35.8,41.10764,29.02356
-180.0,-105.3,-91.7,-180.0,-180.0,-180.0,-180.0,-180.0,-180.0,-45.0,-20.0,-10.9,-45.0,-45.0,-45.0,-45.0,-45.0,-45.0,3.0,-6.7,41.10512,29.01982
-180.0,-180.0,-180.0,-180.0,-180.0,-180.0,-102.2,-101.0,-96.7,-45.0,-45.0,-45.0,-45.0,-45.0,-45.0,-16.6,-15.0,-12.5,4.0,-5.9,41.1062,29.02646
-180.0,-180.0,-180.0,-180.0,-180.0,-77.4,-78.6,-180.0,-81.3,-45.0,-45.0,-45.0,-45.0,-45.0,-12.9,-14.1,-45.0,-14.9,1.0,-1.9,41.10804,29.02808
-70.2,-65.9,-180.0,-180.0,-180.0,-180.0,-180.0,-180.0,-180.0,-14.2,-11.6,-45.0,-45.0,-45.0,-45.0,-45.0,-45.0,-45.0,1.0,-2.5,41.10455,29.02158
-180.0,-180.0,-180.0,-60.2,-180.0,-180.0,-180.0,-180.0,-180.0,-45.0,-45.0,-45.0,-10.3,-45.0,-45.0,-45.0,-45.0,-45.0,0.0,36.7,41.1077,29.02379
-87.9,-93.2,-95.5,-180.0,-180.0,-180.0,-180.0,-92.1,-180.0,-13.1,-17.8,-18.8,-45.0,-45.0,-45.0,-45.0,-16.3,-45.0,4.0,-3.3,41.10472,29.02313
-180.0,-121.6,-118.3,-180.0,-118.0,-180.0,-180.0,-120.9,-117.3,-45.0,-20.1,-17.4,-45.0,-16.9,-45.0,-45.0,-19.1,-16.7,13.0,-8.0,41.10757,29.01928
-180.0,-121.5,-126.5,-120.8,-118.1,-180.0,-180.0,-119.5,-116.8,-45.0,-19.8,-23.2,-17.9,-16.6,-45.0,-45.0,-17.6,-15.8,25.0,-12.6,41.10753,29.01915
-180.0,-180.0,-180.0,-116.7,-118.9,-180.0,-180.0,-116.8,-119.2,-45.0,-45.0,-45.0,-17.0,-16.1,-45.0,-45.0,-15.1,-16.9,30.0,-5.9,41.10657,29.01601
-180.0,-113.5,-111.7,-180.0,-115.4,-180.0,-180.0,-180.0,-180.0,-45.0,-16.6,-14.9,-45.0,-18.1,-45.0,-45.0,-45.0,-45.0,16.0,-1.8,41.10764,29.01952
-180.0,-180.0,-180.0,-122.5,-121.0,-180.0,-180.0,-121.0,-116.4,-45.0,-45.0,-45.0,-16.1,-16.6,-45.0,-45.0,-17.0,-14.9,20.0,-5.0,41.10739,29.01889
-180.0,-180.0,-180.0,-96.7,-180.0,-180.0,-89.1,-180.0,-92.3,-45.0,-45.0,-45.0,-18.1,-45.0,-45.0,-11.5,-45.0,-14.5,4.0,-7.2,41.10775,29.02619
-180.0,-180.0,-180.0,-180.0,-180.0,-180.0,-69.7,-180.0,-73.0,-45.0,-45.0,-45.0,-45.0,-45.0,-45.0,-11.6,-45.0,-14.6,2.0,-0.8,41.10786,29.02736
-180.0,-180.0,-180.0,-72.2,-180.0,-180.0,-180.0,-180.0,-180.0,-45.0,-45.0,-45.0,-10.4,-45.0,-45.0,-45.0,-45.0,-45.0,0.0,33.7,41.10786,29.02462
-180.0,-180.0,-180.0,-84.9,-78.7,-180.0,-180.0,-180.0,-180.0,-45.0,-45.0,-45.0,-14.1,-11.2,-45.0,-45.0,-45.0,-45.0,2.0,3.5,41.10762,29.02251
-130.5,-180.0,-180.0,-180.0,-180.0,-180.0,-180.0,-180.0,-180.0,-17.5,-45.0,-45.0,-45.0,-45.0,-45.0,-45.0,-45.0,-45.0,22.0,-3.3,41.09942,29.02721
-180.0,-180.0,-180.0,-92.3,-180.0,-180.0,-94.2,-180.0,-98.5,-45.0,-45.0,-45.0,-12.8,-45.0,-45.0,-13.6,-45.0,-17.5,0.0,0.1,41.10781,29.02549
-180.0,-180.0,-180.0,-180.0,-180.0,-180.0,-180.0,-180.0,-180.0,-45.0,-45.0,-45.0,-45.0,-45.0,-45.0,-45.0,-45.0,-45.0,8.0,17.6,41.09974,29.03086
-180.0,-180.0,-180.0,-87.0,-79.7,-180.0,-180.0,-180.0,-180.0,-45.0,-45.0,-45.0,-17.5,-10.5,-45.0,-45.0,-45.0,-45.0,0.0,17.7,41.10748,29.02189
-180.0,-180.0,-180.0,-86.3,-77.8,-180.0,-180.0,-180.0,-180.0,-45.0,-45.0,-45.0,-16.7,-10.5,-45.0,-45.0,-45.0,-45.0,0.0,19.9,41.10747,29.02188
-180.0,-180.0,-180.0,-90.8,-180.0,-180.0,-87.1,-180.0,-88.8,-45.0,-45.0,-45.0,-15.9,-45.0,-45.0,-12.5,-45.0,-14.2,0.0,-2.5,41.1078,29.02617
-180.0,-180.0,-180.0,-180.0,-180.0,-180.0,-122.6,-118.1,-180.0,-45.0,-45.0,-45.0,-45.0,-45.0,-45.0,-16.8,-13.2,-45.0,0.0,3.2,41.10029,29.02145
-180.0,-180.0,-180.0,-180.0,-180.0,-180.0,-66.0,-180.0,-73.7,-45.0,-45.0,-45.0,-45.0,-45.0,-45.0,-11.0,-45.0,-16.3,0.0,10.7,41.1079,29.02733
-180.0,-180.0,-180.0,-180.0,-180.0,-180.0,-180.0,-124.1,-180.0,-45.0,-45.0,-45.0,-45.0,-45.0,-45.0,-45.0,-14.1,-45.0,0.0,-0.9,41.09925,29.02377
-180.0,-180.0,-180.0,-180.0,-180.0,-180.0,-120.4,-116.1,-180.0,-45.0,-45.0,-45.0,-45.0,-45.0,-45.0,-15.4,-12.6,-45.0,0.0,2.4,41.1003,29.02143
-180.0,-180.0,-180.0,-180.0,-180.0,-84.4,-180.0,-180.0,-96.9,-45.0,-45.0,-45.0,-45.0,-45.0,-11.0,-45.0,-45.0,-16.1,0.0,6.9,41.10723,29.02949
